CREATE DATABASE  IF NOT EXISTS `car-spare-parts-mysql-db-test` /*!40100 DEFAULT CHARACTER SET utf8 */ /*!80016 DEFAULT ENCRYPTION='N' */;
USE `car-spare-parts-mysql-db-test`;
-- MySQL dump 10.13  Distrib 8.0.27, for macos11 (x86_64)
--
-- Host: 127.0.0.1    Database: car-spare-parts-mysql-db-test
-- ------------------------------------------------------
-- Server version	8.0.27

/*!40101 SET @OLD_CHARACTER_SET_CLIENT=@@CHARACTER_SET_CLIENT */;
/*!40101 SET @OLD_CHARACTER_SET_RESULTS=@@CHARACTER_SET_RESULTS */;
/*!40101 SET @OLD_COLLATION_CONNECTION=@@COLLATION_CONNECTION */;
/*!50503 SET NAMES utf8 */;
/*!40103 SET @OLD_TIME_ZONE=@@TIME_ZONE */;
/*!40103 SET TIME_ZONE='+00:00' */;
/*!40014 SET @OLD_UNIQUE_CHECKS=@@UNIQUE_CHECKS, UNIQUE_CHECKS=0 */;
/*!40014 SET @OLD_FOREIGN_KEY_CHECKS=@@FOREIGN_KEY_CHECKS, FOREIGN_KEY_CHECKS=0 */;
/*!40101 SET @OLD_SQL_MODE=@@SQL_MODE, SQL_MODE='NO_AUTO_VALUE_ON_ZERO' */;
/*!40111 SET @OLD_SQL_NOTES=@@SQL_NOTES, SQL_NOTES=0 */;

--
-- Table structure for table `car_details`
--

DROP TABLE IF EXISTS `car_details`;
/*!40101 SET @saved_cs_client     = @@character_set_client */;
/*!50503 SET character_set_client = utf8mb4 */;
CREATE TABLE `car_details` (
  `car_detail_id` int NOT NULL AUTO_INCREMENT,
  `brand` varchar(45) NOT NULL,
  `model` varchar(45) NOT NULL,
  `year` int NOT NULL,
  PRIMARY KEY (`car_detail_id`)
) ENGINE=InnoDB AUTO_INCREMENT=659 DEFAULT CHARSET=utf8mb3;
/*!40101 SET character_set_client = @saved_cs_client */;

--
-- Dumping data for table `car_details`
--

LOCK TABLES `car_details` WRITE;
/*!40000 ALTER TABLE `car_details` DISABLE KEYS */;
INSERT INTO `car_details` VALUES (629,'Lexus','LX',2002),(630,'Volkswagen','Tiguan',2011),(631,'Kia','Optima Plug-in Hybrid',2017),(632,'Jeep','Commander',2006),(633,'MAZDA','B-Series Regular Cab',1992),(634,'Chrysler','300',2006),(635,'Honda','Accord Hybrid',2018),(636,'Acura','TL',2011),(637,'MAZDA','B-Series Regular Cab',2003),(638,'Geo','Prizm',1993),(639,'BMW','3 Series',2002),(640,'Rolls-Royce','Phantom',2013),(641,'Chevrolet','Astro Cargo',1997),(642,'Mercury','Milan',2006),(643,'Chevrolet','Lumina',1994),(644,'Volvo','S40',2000),(645,'Audi','TT',2004),(646,'Oldsmobile','LSS',1997),(647,'Subaru','Forester',1999),(648,'Lexus','LX',2009),(649,'GMC','Yukon XL 2500',2003),(650,'Cadillac','Escalade',2004),(651,'Lexus','GS',2017),(652,'Porsche','911',1995),(653,'Kia','Soul',2010),(654,'Lincoln','Navigator L',2008),(655,'Nissan','NV3500 HD Cargo',2016),(656,'Ford','Taurus',1995),(657,'Cadillac','SRX',2007),(658,'Toyota','Paseo',1995);
/*!40000 ALTER TABLE `car_details` ENABLE KEYS */;
UNLOCK TABLES;

--
-- Table structure for table `car_details_has_products`
--

DROP TABLE IF EXISTS `car_details_has_products`;
/*!40101 SET @saved_cs_client     = @@character_set_client */;
/*!50503 SET character_set_client = utf8mb4 */;
CREATE TABLE `car_details_has_products` (
  `car_detail_id` int NOT NULL,
  `product_id` int NOT NULL,
  PRIMARY KEY (`car_detail_id`,`product_id`),
  KEY `fk_car_details_has_products_products1_idx` (`product_id`),
  KEY `fk_car_details_has_products_car_details1_idx` (`car_detail_id`),
  CONSTRAINT `fk_car_details_has_products_car_details1` FOREIGN KEY (`car_detail_id`) REFERENCES `car_details` (`car_detail_id`),
  CONSTRAINT `fk_car_details_has_products_products1` FOREIGN KEY (`product_id`) REFERENCES `products` (`product_id`)
) ENGINE=InnoDB DEFAULT CHARSET=utf8mb3;
/*!40101 SET character_set_client = @saved_cs_client */;

--
-- Dumping data for table `car_details_has_products`
--

LOCK TABLES `car_details_has_products` WRITE;
/*!40000 ALTER TABLE `car_details_has_products` DISABLE KEYS */;
/*!40000 ALTER TABLE `car_details_has_products` ENABLE KEYS */;
UNLOCK TABLES;

--
-- Table structure for table `cars`
--

DROP TABLE IF EXISTS `cars`;
/*!40101 SET @saved_cs_client     = @@character_set_client */;
/*!50503 SET character_set_client = utf8mb4 */;
CREATE TABLE `cars` (
  `reg_no` varchar(7) NOT NULL,
  `color` varchar(45) DEFAULT NULL,
  `car_detail_id` int NOT NULL,
  `customer_id` int DEFAULT NULL,
  PRIMARY KEY (`reg_no`,`car_detail_id`),
  KEY `fk_cars_car_details_idx` (`car_detail_id`),
  KEY `fk_cars_customers1_idx` (`customer_id`),
  CONSTRAINT `fk_cars_car_details` FOREIGN KEY (`car_detail_id`) REFERENCES `car_details` (`car_detail_id`),
  CONSTRAINT `fk_cars_customers1` FOREIGN KEY (`customer_id`) REFERENCES `customers` (`customer_id`)
) ENGINE=InnoDB DEFAULT CHARSET=utf8mb3;
/*!40101 SET character_set_client = @saved_cs_client */;

--
-- Dumping data for table `cars`
--

LOCK TABLES `cars` WRITE;
/*!40000 ALTER TABLE `cars` DISABLE KEYS */;
INSERT INTO `cars` VALUES ('CBI 756','blue',631,1411),('ESO 17D','teal',637,1412),('EWO 676','olive',640,1413),('FUT 32R','fuchsia',639,1414),('FXB 876','gray',643,1415),('GMJ 671','silver',633,1416),('GSE 315','navy',630,1417),('KGC 90S','lime',638,1418),('PWT 417','aqua',636,1419),('PXE 695','white',642,1420),('PXN 857','yellow',641,1421),('RPD 782','purple',632,1422),('UVK 72G','maroon',629,1423),('VGW 475','black',634,1424),('WOL 46C','green',635,1425);
/*!40000 ALTER TABLE `cars` ENABLE KEYS */;
UNLOCK TABLES;

--
-- Table structure for table `changed_address_manufacturer`
--

DROP TABLE IF EXISTS `changed_address_manufacturer`;
/*!40101 SET @saved_cs_client     = @@character_set_client */;
/*!50503 SET character_set_client = utf8mb4 */;
CREATE TABLE `changed_address_manufacturer` (
  `id` int NOT NULL AUTO_INCREMENT,
  `company_name` varchar(45) NOT NULL,
  `head_office_phone` varchar(25) NOT NULL,
  `old_head_office_address` varchar(100) DEFAULT NULL,
  `new_head_office_address` varchar(100) DEFAULT NULL,
  `contact_person_id` int DEFAULT NULL,
  `change_date` datetime NOT NULL,
  `action` varchar(100) NOT NULL,
  PRIMARY KEY (`id`)
) ENGINE=InnoDB AUTO_INCREMENT=556 DEFAULT CHARSET=utf8mb3;
/*!40101 SET character_set_client = @saved_cs_client */;

--
-- Dumping data for table `changed_address_manufacturer`
--

LOCK TABLES `changed_address_manufacturer` WRITE;
/*!40000 ALTER TABLE `changed_address_manufacturer` DISABLE KEYS */;
INSERT INTO `changed_address_manufacturer` VALUES (6,'','',NULL,'Strandvägen 36, 45306 Södertälje',NULL,'2021-12-12 23:51:40','insert'),(7,'','','Strandvägen 36, 45306 Södertälje',NULL,NULL,'2021-12-12 23:51:40','delete'),(8,'','',NULL,'Granvägen 5, 34379 Uddevalla',NULL,'2021-12-12 23:51:40','insert'),(9,'','',NULL,'Furustigen 683, 11995 Luleå',NULL,'2021-12-12 23:51:40','insert'),(10,'','',NULL,'Parkvägen 7, 27868 Borås',NULL,'2021-12-12 23:51:40','insert'),(11,'','','Granvägen 5, 34379 Uddevalla',NULL,NULL,'2021-12-12 23:51:40','delete'),(12,'','','Furustigen 683, 11995 Luleå',NULL,NULL,'2021-12-12 23:51:40','delete'),(13,'','','Parkvägen 7, 27868 Borås',NULL,NULL,'2021-12-12 23:51:40','delete'),(14,'','',NULL,'Parkstigen 16, 91951 Borås',NULL,'2021-12-12 23:51:40','insert'),(15,'','',NULL,'Fabriksgatan 83, 80686 Lidingö',NULL,'2021-12-12 23:51:40','insert'),(16,'','',NULL,'Nyvägen 76, 36072 Helsingborg',NULL,'2021-12-12 23:51:40','insert'),(17,'','','Parkstigen 16, 91951 Borås',NULL,NULL,'2021-12-12 23:51:40','delete'),(18,'','','Fabriksgatan 83, 80686 Lidingö',NULL,NULL,'2021-12-12 23:51:40','delete'),(19,'','','Nyvägen 76, 36072 Helsingborg',NULL,NULL,'2021-12-12 23:51:40','delete'),(20,'','',NULL,'Kyrkotorget 1, 76487 Landskrona',NULL,'2021-12-12 23:51:40','insert'),(21,'','','Kyrkotorget 1, 76487 Landskrona',NULL,NULL,'2021-12-12 23:51:40','delete'),(22,'','',NULL,'Skogsvägen 5, 47426 Varberg',NULL,'2021-12-12 23:51:40','insert'),(23,'','','Skogsvägen 5, 47426 Varberg',NULL,NULL,'2021-12-12 23:51:40','delete'),(24,'','',NULL,'Fabriksgatan 13, 48913 Lund',NULL,'2021-12-12 23:51:41','insert'),(25,'','','Fabriksgatan 13, 48913 Lund',NULL,NULL,'2021-12-12 23:51:41','delete'),(26,'','',NULL,'Ringstigen 92, 76156 Linköping',NULL,'2021-12-12 23:51:41','insert'),(27,'','',NULL,'Trädgårdsstigen 53, 68699 Alingsås',NULL,'2021-12-12 23:51:41','insert'),(28,'','',NULL,'Trädgårdsgatan 179, 25785 Lidingö',NULL,'2021-12-12 23:51:41','insert'),(29,'','',NULL,'Villatorget 14, 30024 Lidköping',NULL,'2021-12-12 23:51:41','insert'),(30,'','',NULL,'Järnvägstorget 6, 93689 Eskilstuna',NULL,'2021-12-12 23:51:41','insert'),(31,'','','Ringstigen 92, 76156 Linköping',NULL,NULL,'2021-12-12 23:51:41','delete'),(32,'','','Trädgårdsstigen 53, 68699 Alingsås',NULL,NULL,'2021-12-12 23:51:41','delete'),(33,'','','Trädgårdsgatan 179, 25785 Lidingö',NULL,NULL,'2021-12-12 23:51:41','delete'),(34,'','','Villatorget 14, 30024 Lidköping',NULL,NULL,'2021-12-12 23:51:41','delete'),(35,'','','Järnvägstorget 6, 93689 Eskilstuna',NULL,NULL,'2021-12-12 23:51:41','delete'),(36,'','',NULL,'Ängsgatan 30, 82312 Karlskoga',NULL,'2021-12-12 23:51:56','insert'),(37,'','',NULL,'Åkervägen 4, 62882 Göteborg',NULL,'2021-12-12 23:56:24','insert'),(38,'','','Ängsgatan 30, 82312 Karlskoga',NULL,NULL,'2021-12-12 23:56:24','delete'),(39,'','','Åkervägen 4, 62882 Göteborg',NULL,NULL,'2021-12-12 23:56:24','delete'),(40,'','',NULL,'Strandtorget 835, 66600 Karlskrona',NULL,'2021-12-12 23:56:24','insert'),(41,'','',NULL,'Idrottsgatan 924, 27258 Linköping',NULL,'2021-12-12 23:56:24','insert'),(42,'','',NULL,'Ringvägen 3, 25327 Karlskrona',NULL,'2021-12-12 23:56:24','insert'),(43,'','','Strandtorget 835, 66600 Karlskrona',NULL,NULL,'2021-12-12 23:56:24','delete'),(44,'','','Idrottsgatan 924, 27258 Linköping',NULL,NULL,'2021-12-12 23:56:24','delete'),(45,'','','Ringvägen 3, 25327 Karlskrona',NULL,NULL,'2021-12-12 23:56:24','delete'),(46,'','',NULL,'Industrigränd 7, 30686 Kalmar',NULL,'2021-12-12 23:56:24','insert'),(47,'','',NULL,'Grangatan 58, 60621 Motala',NULL,'2021-12-12 23:56:24','insert'),(48,'','',NULL,'Åkervägen 9, 51578 Lidingö',NULL,'2021-12-12 23:56:24','insert'),(49,'','','Industrigränd 7, 30686 Kalmar',NULL,NULL,'2021-12-12 23:56:24','delete'),(50,'','','Grangatan 58, 60621 Motala',NULL,NULL,'2021-12-12 23:56:24','delete'),(51,'','','Åkervägen 9, 51578 Lidingö',NULL,NULL,'2021-12-12 23:56:24','delete'),(52,'','',NULL,'Stationsgatan 14, 32914 Varberg',NULL,'2021-12-12 23:56:24','insert'),(53,'','','Stationsgatan 14, 32914 Varberg',NULL,NULL,'2021-12-12 23:56:24','delete'),(54,'','',NULL,'Industrigatan 5, 97474 Lund',NULL,'2021-12-12 23:56:24','insert'),(55,'','','Industrigatan 5, 97474 Lund',NULL,NULL,'2021-12-12 23:56:24','delete'),(56,'','',NULL,'Skolgränd 4, 57555 Mölndal',NULL,'2021-12-12 23:56:24','insert'),(57,'','','Skolgränd 4, 57555 Mölndal',NULL,NULL,'2021-12-12 23:56:25','delete'),(58,'','',NULL,'Skoltorget 89, 19247 Sandviken',NULL,'2021-12-12 23:56:25','insert'),(59,'','',NULL,'Grangränd 7, 24998 Landskrona',NULL,'2021-12-12 23:56:25','insert'),(60,'','',NULL,'Åkergränd 60, 85113 Gävle',NULL,'2021-12-12 23:56:25','insert'),(61,'','',NULL,'Furugatan 654, 76413 Trollhättan',NULL,'2021-12-12 23:56:25','insert'),(62,'','',NULL,'Skoltorget 84, 13966 Trollhättan',NULL,'2021-12-12 23:56:25','insert'),(63,'','','Skoltorget 89, 19247 Sandviken',NULL,NULL,'2021-12-12 23:56:25','delete'),(64,'','','Grangränd 7, 24998 Landskrona',NULL,NULL,'2021-12-12 23:56:25','delete'),(65,'','','Åkergränd 60, 85113 Gävle',NULL,NULL,'2021-12-12 23:56:25','delete'),(66,'','','Furugatan 654, 76413 Trollhättan',NULL,NULL,'2021-12-12 23:56:25','delete'),(67,'','','Skoltorget 84, 13966 Trollhättan',NULL,NULL,'2021-12-12 23:56:25','delete'),(68,'','',NULL,'Furugränd 39, 88807 Mölndal',NULL,'2021-12-13 00:00:22','insert'),(69,'','','Furugränd 39, 88807 Mölndal',NULL,NULL,'2021-12-13 00:00:22','delete'),(70,'','',NULL,'Skolvägen 52, 51779 Umeå',NULL,'2021-12-13 00:00:22','insert'),(71,'','',NULL,'Furustigen 24, 72923 Lund',NULL,'2021-12-13 00:00:22','insert'),(72,'','',NULL,'Industrigränd 876, 67448 Umeå',NULL,'2021-12-13 00:00:22','insert'),(73,'','','Skolvägen 52, 51779 Umeå',NULL,NULL,'2021-12-13 00:00:22','delete'),(74,'','','Furustigen 24, 72923 Lund',NULL,NULL,'2021-12-13 00:00:22','delete'),(75,'','','Industrigränd 876, 67448 Umeå',NULL,NULL,'2021-12-13 00:00:22','delete'),(76,'','',NULL,'Strandgatan 907, 32998 Trollhättan',NULL,'2021-12-13 00:00:22','insert'),(77,'','',NULL,'Fabriksgatan 93, 13088 Varberg',NULL,'2021-12-13 00:00:22','insert'),(78,'','',NULL,'Skogsgatan 8, 39578 Trollhättan',NULL,'2021-12-13 00:00:22','insert'),(79,'','','Strandgatan 907, 32998 Trollhättan',NULL,NULL,'2021-12-13 00:00:22','delete'),(80,'','','Fabriksgatan 93, 13088 Varberg',NULL,NULL,'2021-12-13 00:00:22','delete'),(81,'','','Skogsgatan 8, 39578 Trollhättan',NULL,NULL,'2021-12-13 00:00:22','delete'),(82,'','',NULL,'Ekgränd 569, 43883 Lidköping',NULL,'2021-12-13 00:00:22','insert'),(83,'','','Ekgränd 569, 43883 Lidköping',NULL,NULL,'2021-12-13 00:00:22','delete'),(84,'','',NULL,'Björkgatan 27, 42124 Luleå',NULL,'2021-12-13 00:00:22','insert'),(85,'','','Björkgatan 27, 42124 Luleå',NULL,NULL,'2021-12-13 00:00:22','delete'),(86,'','',NULL,'Skolstigen 52, 62012 Ängelholm',NULL,'2021-12-13 00:00:22','insert'),(87,'','','Skolstigen 52, 62012 Ängelholm',NULL,NULL,'2021-12-13 00:00:22','delete'),(88,'','',NULL,'Åkerstigen 55, 12636 Piteå',NULL,'2021-12-13 00:00:22','insert'),(89,'','',NULL,'Idrottsgränd 5, 66407 Eskilstuna',NULL,'2021-12-13 00:00:22','insert'),(90,'','',NULL,'Parkgränd 1, 82742 Trollhättan',NULL,'2021-12-13 00:00:22','insert'),(91,'','',NULL,'Idrottsgatan 214, 39541 Västerås',NULL,'2021-12-13 00:00:22','insert'),(92,'','',NULL,'Stationsgatan 1, 82204 Kristianstad',NULL,'2021-12-13 00:00:22','insert'),(93,'','','Åkerstigen 55, 12636 Piteå',NULL,NULL,'2021-12-13 00:00:22','delete'),(94,'','','Idrottsgränd 5, 66407 Eskilstuna',NULL,NULL,'2021-12-13 00:00:22','delete'),(95,'','','Parkgränd 1, 82742 Trollhättan',NULL,NULL,'2021-12-13 00:00:22','delete'),(96,'','','Idrottsgatan 214, 39541 Västerås',NULL,NULL,'2021-12-13 00:00:22','delete'),(97,'','','Stationsgatan 1, 82204 Kristianstad',NULL,NULL,'2021-12-13 00:00:22','delete'),(98,'','',NULL,'Ängsvägen 4, 75012 Borlänge',NULL,'2021-12-13 00:00:37','insert'),(99,'','',NULL,'Ängsgatan 178, 21602 Halmstad',NULL,'2021-12-13 00:07:14','insert'),(100,'','','Ängsvägen 4, 75012 Borlänge',NULL,NULL,'2021-12-13 00:07:14','delete'),(101,'','','Ängsgatan 178, 21602 Halmstad',NULL,NULL,'2021-12-13 00:07:14','delete'),(102,'','',NULL,'Kyrkotorget 5, 74521 Norrköping',NULL,'2021-12-13 00:07:14','insert'),(103,'','',NULL,'Kvarntorget 95, 99367 Karlstad',NULL,'2021-12-13 00:07:14','insert'),(104,'','',NULL,'Kyrkovägen 62, 77546 Helsingborg',NULL,'2021-12-13 00:07:14','insert'),(105,'','','Kyrkotorget 5, 74521 Norrköping',NULL,NULL,'2021-12-13 00:07:14','delete'),(106,'','','Kvarntorget 95, 99367 Karlstad',NULL,NULL,'2021-12-13 00:07:14','delete'),(107,'','','Kyrkovägen 62, 77546 Helsingborg',NULL,NULL,'2021-12-13 00:07:14','delete'),(108,'','',NULL,'Kyrkogatan 8, 24110 Västerås',NULL,'2021-12-13 00:07:14','insert'),(109,'','',NULL,'Kyrkvägen 17, 32214 Helsingborg',NULL,'2021-12-13 00:07:14','insert'),(110,'','',NULL,'Idrottsgatan 52, 43062 Göteborg',NULL,'2021-12-13 00:07:14','insert'),(111,'','','Kyrkogatan 8, 24110 Västerås',NULL,NULL,'2021-12-13 00:07:14','delete'),(112,'','','Kyrkvägen 17, 32214 Helsingborg',NULL,NULL,'2021-12-13 00:07:14','delete'),(113,'','','Idrottsgatan 52, 43062 Göteborg',NULL,NULL,'2021-12-13 00:07:14','delete'),(114,'','',NULL,'Fabriksgränd 63, 59744 Motala',NULL,'2021-12-13 00:07:14','insert'),(115,'','','Fabriksgränd 63, 59744 Motala',NULL,NULL,'2021-12-13 00:07:14','delete'),(116,'','',NULL,'Industristigen 55, 33564 Kristianstad',NULL,'2021-12-13 00:07:14','insert'),(117,'','','Industristigen 55, 33564 Kristianstad',NULL,NULL,'2021-12-13 00:07:14','delete'),(118,'','',NULL,'Kvarntorget 58, 38561 Jönköping',NULL,'2021-12-13 00:07:14','insert'),(119,'','','Kvarntorget 58, 38561 Jönköping',NULL,NULL,'2021-12-13 00:07:14','delete'),(120,'','',NULL,'Nygatan 61, 93084 Gävle',NULL,'2021-12-13 00:07:14','insert'),(121,'','',NULL,'Idrottsgatan 671, 78374 Helsingborg',NULL,'2021-12-13 00:07:14','insert'),(122,'','',NULL,'Backgatan 219, 52796 Sundsvall',NULL,'2021-12-13 00:07:14','insert'),(123,'','',NULL,'Skogsvägen 2, 44230 Trollhättan',NULL,'2021-12-13 00:07:14','insert'),(124,'','',NULL,'Furugränd 328, 61126 Skövde',NULL,'2021-12-13 00:07:14','insert'),(125,'','','Nygatan 61, 93084 Gävle',NULL,NULL,'2021-12-13 00:07:14','delete'),(126,'','','Idrottsgatan 671, 78374 Helsingborg',NULL,NULL,'2021-12-13 00:07:14','delete'),(127,'','','Backgatan 219, 52796 Sundsvall',NULL,NULL,'2021-12-13 00:07:14','delete'),(128,'','','Skogsvägen 2, 44230 Trollhättan',NULL,NULL,'2021-12-13 00:07:14','delete'),(129,'','','Furugränd 328, 61126 Skövde',NULL,NULL,'2021-12-13 00:07:14','delete'),(130,'','',NULL,'Asptorget 53, 63950 Sandviken',NULL,'2021-12-13 00:07:25','insert'),(131,'','',NULL,'Stationsgränd 40, 46322 Lidingö',NULL,'2021-12-15 00:55:47','insert'),(132,'','','Asptorget 53, 63950 Sandviken',NULL,NULL,'2021-12-15 00:55:47','delete'),(133,'','','Stationsgränd 40, 46322 Lidingö',NULL,NULL,'2021-12-15 00:55:47','delete'),(134,'','',NULL,'Parkvägen 1, 66285 Trollhättan',NULL,'2021-12-15 00:55:47','insert'),(135,'','',NULL,'Skolstigen 258, 95170 Skellefteå',NULL,'2021-12-15 00:55:47','insert'),(136,'','',NULL,'Industrigatan 66, 75528 Sundsvall',NULL,'2021-12-15 00:55:47','insert'),(137,'','','Parkvägen 1, 66285 Trollhättan',NULL,NULL,'2021-12-15 00:55:47','delete'),(138,'','','Skolstigen 258, 95170 Skellefteå',NULL,NULL,'2021-12-15 00:55:47','delete'),(139,'','','Industrigatan 66, 75528 Sundsvall',NULL,NULL,'2021-12-15 00:55:47','delete'),(140,'','',NULL,'Trädgårdsgränd 591, 39830 Lund',NULL,'2021-12-15 00:55:47','insert'),(141,'','',NULL,'Trädgårdsvägen 576, 80676 Gävle',NULL,'2021-12-15 00:55:47','insert'),(142,'','',NULL,'Björktorget 16, 38380 Umeå',NULL,'2021-12-15 00:55:47','insert'),(143,'','','Trädgårdsgränd 591, 39830 Lund',NULL,NULL,'2021-12-15 00:55:47','delete'),(144,'','','Trädgårdsvägen 576, 80676 Gävle',NULL,NULL,'2021-12-15 00:55:47','delete'),(145,'','','Björktorget 16, 38380 Umeå',NULL,NULL,'2021-12-15 00:55:47','delete'),(146,'','',NULL,'Industritorget 662, 13941 Nyköping',NULL,'2021-12-15 00:55:47','insert'),(147,'','','Industritorget 662, 13941 Nyköping',NULL,NULL,'2021-12-15 00:55:47','delete'),(148,'','',NULL,'Villavägen 9, 20370 Alingsås',NULL,'2021-12-15 00:55:47','insert'),(149,'','','Villavägen 9, 20370 Alingsås',NULL,NULL,'2021-12-15 00:55:47','delete'),(150,'','',NULL,'Villagatan 8, 62633 Karlskoga',NULL,'2021-12-15 00:55:47','insert'),(151,'','','Villagatan 8, 62633 Karlskoga',NULL,NULL,'2021-12-15 00:55:47','delete'),(152,'','',NULL,'Parkstigen 160, 68545 Karlskoga',NULL,'2021-12-15 00:55:47','insert'),(153,'','',NULL,'Björkvägen 0, 72848 Linköping',NULL,'2021-12-15 00:55:47','insert'),(154,'','',NULL,'Skolgatan 7, 30471 Karlskoga',NULL,'2021-12-15 00:55:47','insert'),(155,'','',NULL,'Nygränd 757, 13197 Trelleborg',NULL,'2021-12-15 00:55:47','insert'),(156,'','',NULL,'Furugatan 226, 73071 Trollhättan',NULL,'2021-12-15 00:55:47','insert'),(157,'','','Parkstigen 160, 68545 Karlskoga',NULL,NULL,'2021-12-15 00:55:47','delete'),(158,'','','Björkvägen 0, 72848 Linköping',NULL,NULL,'2021-12-15 00:55:47','delete'),(159,'','','Skolgatan 7, 30471 Karlskoga',NULL,NULL,'2021-12-15 00:55:47','delete'),(160,'','','Nygränd 757, 13197 Trelleborg',NULL,NULL,'2021-12-15 00:55:47','delete'),(161,'','','Furugatan 226, 73071 Trollhättan',NULL,NULL,'2021-12-15 00:55:47','delete'),(162,'','',NULL,'Backtorget 44, 54701 Ängelholm',NULL,'2021-12-15 00:55:52','insert'),(163,'','',NULL,'Aspgränd 42, 10306 Borlänge',NULL,'2021-12-16 11:36:15','insert'),(164,'','','Backtorget 44, 54701 Ängelholm',NULL,NULL,'2021-12-16 11:36:15','delete'),(165,'','','Aspgränd 42, 10306 Borlänge',NULL,NULL,'2021-12-16 11:36:15','delete'),(166,'','',NULL,'Aspgränd 0, 39384 Stockholm',NULL,'2021-12-16 11:36:15','insert'),(167,'','',NULL,'Parkgatan 975, 57479 Skövde',NULL,'2021-12-16 11:36:15','insert'),(168,'','',NULL,'Ängstorget 7, 15397 Örebro',NULL,'2021-12-16 11:36:15','insert'),(169,'','','Aspgränd 0, 39384 Stockholm',NULL,NULL,'2021-12-16 11:36:15','delete'),(170,'','','Parkgatan 975, 57479 Skövde',NULL,NULL,'2021-12-16 11:36:15','delete'),(171,'','','Ängstorget 7, 15397 Örebro',NULL,NULL,'2021-12-16 11:36:15','delete'),(172,'','',NULL,'Industrigatan 279, 19453 Växjö',NULL,'2021-12-16 11:36:15','insert'),(173,'','',NULL,'Ekgatan 98, 96012 Uddevalla',NULL,'2021-12-16 11:36:15','insert'),(174,'','',NULL,'Grangränd 934, 14004 Karlstad',NULL,'2021-12-16 11:36:15','insert'),(175,'','','Industrigatan 279, 19453 Växjö',NULL,NULL,'2021-12-16 11:36:15','delete'),(176,'','','Ekgatan 98, 96012 Uddevalla',NULL,NULL,'2021-12-16 11:36:15','delete'),(177,'','','Grangränd 934, 14004 Karlstad',NULL,NULL,'2021-12-16 11:36:15','delete'),(178,'','',NULL,'Ängsgränd 6, 78110 Lund',NULL,'2021-12-16 11:36:15','insert'),(179,'','','Ängsgränd 6, 78110 Lund',NULL,NULL,'2021-12-16 11:36:15','delete'),(180,'','',NULL,'Skogstorget 92, 63691 Mölndal',NULL,'2021-12-16 11:36:15','insert'),(181,'','','Skogstorget 92, 63691 Mölndal',NULL,NULL,'2021-12-16 11:36:15','delete'),(182,'','',NULL,'Kyrkovägen 91, 85524 Eskilstuna',NULL,'2021-12-16 11:36:15','insert'),(183,'','','Kyrkovägen 91, 85524 Eskilstuna',NULL,NULL,'2021-12-16 11:36:15','delete'),(184,'','',NULL,'Kvarntorget 520, 76960 Kristianstad',NULL,'2021-12-16 11:36:15','insert'),(185,'','',NULL,'Ängsgatan 4, 59757 Sandviken',NULL,'2021-12-16 11:36:15','insert'),(186,'','',NULL,'Furuvägen 94, 54477 Skövde',NULL,'2021-12-16 11:36:15','insert'),(187,'','',NULL,'Trädgårdsgränd 8, 96784 Motala',NULL,'2021-12-16 11:36:15','insert'),(188,'','',NULL,'Storvägen 22, 90896 Västerås',NULL,'2021-12-16 11:36:15','insert'),(189,'','','Kvarntorget 520, 76960 Kristianstad',NULL,NULL,'2021-12-16 11:36:15','delete'),(190,'','','Ängsgatan 4, 59757 Sandviken',NULL,NULL,'2021-12-16 11:36:15','delete'),(191,'','','Furuvägen 94, 54477 Skövde',NULL,NULL,'2021-12-16 11:36:15','delete'),(192,'','','Trädgårdsgränd 8, 96784 Motala',NULL,NULL,'2021-12-16 11:36:15','delete'),(193,'','','Storvägen 22, 90896 Västerås',NULL,NULL,'2021-12-16 11:36:15','delete'),(194,'','',NULL,'Backgränd 9, 49720 Östersund',NULL,'2021-12-16 11:37:00','insert'),(195,'','',NULL,'Kyrkogränd 5, 57756 Falun',NULL,'2021-12-16 11:40:23','insert'),(196,'','',NULL,'Furugatan 57, 64964 Borås',NULL,'2021-12-16 11:40:23','insert'),(197,'','',NULL,'Storvägen 0, 75853 Alingsås',NULL,'2021-12-16 11:40:23','insert'),(198,'','',NULL,'Trädgårdsvägen 7, 37710 Karlstad',NULL,'2021-12-16 11:40:23','insert'),(199,'','',NULL,'Furugränd 369, 58569 Stockholm',NULL,'2021-12-16 11:40:23','insert'),(200,'','','Backgränd 9, 49720 Östersund',NULL,NULL,'2021-12-16 11:41:07','delete'),(201,'','','Kyrkogränd 5, 57756 Falun',NULL,NULL,'2021-12-16 11:41:07','delete'),(202,'','','Furugatan 57, 64964 Borås',NULL,NULL,'2021-12-16 11:41:07','delete'),(203,'','','Storvägen 0, 75853 Alingsås',NULL,NULL,'2021-12-16 11:41:07','delete'),(204,'','','Trädgårdsvägen 7, 37710 Karlstad',NULL,NULL,'2021-12-16 11:41:07','delete'),(205,'','','Furugränd 369, 58569 Stockholm',NULL,NULL,'2021-12-16 11:41:07','delete'),(206,'','',NULL,'Bäcktorget 1, 14471 Kalmar',NULL,'2021-12-16 11:57:01','insert'),(207,'','',NULL,'Kvarngränd 0, 87480 Örebro',NULL,'2021-12-16 11:57:01','insert'),(208,'','',NULL,'Gengränd 50, 89999 Skövde',NULL,'2021-12-16 11:57:01','insert'),(209,'','',NULL,'Parkvägen 643, 19112 Landskrona',NULL,'2021-12-16 11:57:01','insert'),(210,'','',NULL,'Åkergatan 1, 85581 Östersund',NULL,'2021-12-16 11:57:01','insert'),(211,'','',NULL,'Ängsvägen 523, 43776 Borås',NULL,'2021-12-16 11:57:01','insert'),(212,'','',NULL,'Grangatan 52, 56308 Karlskrona',NULL,'2021-12-16 11:57:01','insert'),(213,'','',NULL,'Backtorget 226, 38068 Nyköping',NULL,'2021-12-16 11:57:01','insert'),(214,'','',NULL,'Backgatan 549, 11997 Örnsköldsvik',NULL,'2021-12-16 11:57:01','insert'),(215,'','',NULL,'Industrigatan 959, 90416 Helsingborg',NULL,'2021-12-16 11:57:01','insert'),(216,'','','Bäcktorget 1, 14471 Kalmar',NULL,NULL,'2021-12-16 12:13:27','delete'),(217,'','','Kvarngränd 0, 87480 Örebro',NULL,NULL,'2021-12-16 12:13:27','delete'),(218,'','','Gengränd 50, 89999 Skövde',NULL,NULL,'2021-12-16 12:13:27','delete'),(219,'','','Parkvägen 643, 19112 Landskrona',NULL,NULL,'2021-12-16 12:13:27','delete'),(220,'','','Åkergatan 1, 85581 Östersund',NULL,NULL,'2021-12-16 12:13:27','delete'),(221,'','','Ängsvägen 523, 43776 Borås',NULL,NULL,'2021-12-16 12:13:27','delete'),(222,'','','Grangatan 52, 56308 Karlskrona',NULL,NULL,'2021-12-16 12:13:27','delete'),(223,'','','Backtorget 226, 38068 Nyköping',NULL,NULL,'2021-12-16 12:13:27','delete'),(224,'','','Backgatan 549, 11997 Örnsköldsvik',NULL,NULL,'2021-12-16 12:13:27','delete'),(225,'','','Industrigatan 959, 90416 Helsingborg',NULL,NULL,'2021-12-16 12:13:27','delete'),(226,'','',NULL,'Storstigen 2, 72236 Göteborg',NULL,'2021-12-17 03:28:10','insert'),(227,'','',NULL,'Bäckgatan 90, 45525 Borlänge',NULL,'2021-12-17 03:28:10','insert'),(228,'','',NULL,'Björktorget 41, 93338 Karlstad',NULL,'2021-12-17 03:28:10','insert'),(229,'','',NULL,'Björkvägen 97, 94123 Gävle',NULL,'2021-12-17 03:28:10','insert'),(230,'','',NULL,'Industrigatan 121, 59879 Karlskrona',NULL,'2021-12-17 03:28:10','insert'),(231,'','',NULL,'Järnvägsgatan 4, 35947 Göteborg',NULL,'2021-12-17 03:28:10','insert'),(232,'','',NULL,'Ringvägen 10, 24166 Alingsås',NULL,'2021-12-17 03:28:10','insert'),(233,'','',NULL,'Åkergränd 4, 33151 Norrköping',NULL,'2021-12-17 03:28:10','insert'),(234,'','',NULL,'Storgatan 46, 28690 Mölndal',NULL,'2021-12-17 03:28:11','insert'),(235,'','',NULL,'Stationsstigen 94, 91097 Helsingborg',NULL,'2021-12-17 03:28:11','insert'),(236,'','','Storstigen 2, 72236 Göteborg',NULL,NULL,'2021-12-17 03:29:00','delete'),(237,'','','Bäckgatan 90, 45525 Borlänge',NULL,NULL,'2021-12-17 03:29:00','delete'),(238,'','','Björktorget 41, 93338 Karlstad',NULL,NULL,'2021-12-17 03:29:00','delete'),(239,'','','Björkvägen 97, 94123 Gävle',NULL,NULL,'2021-12-17 03:29:00','delete'),(240,'','','Industrigatan 121, 59879 Karlskrona',NULL,NULL,'2021-12-17 03:29:00','delete'),(241,'','','Järnvägsgatan 4, 35947 Göteborg',NULL,NULL,'2021-12-17 03:29:00','delete'),(242,'','','Ringvägen 10, 24166 Alingsås',NULL,NULL,'2021-12-17 03:29:00','delete'),(243,'','','Åkergränd 4, 33151 Norrköping',NULL,NULL,'2021-12-17 03:29:00','delete'),(244,'','','Storgatan 46, 28690 Mölndal',NULL,NULL,'2021-12-17 03:29:00','delete'),(245,'','','Stationsstigen 94, 91097 Helsingborg',NULL,NULL,'2021-12-17 03:29:00','delete'),(246,'','',NULL,'Björkgränd 1, 95964 Borås',NULL,'2021-12-17 03:29:09','insert'),(247,'','',NULL,'Kyrkgränd 730, 91115 Lidköping',NULL,'2021-12-17 03:29:09','insert'),(248,'','',NULL,'Järnvägsgränd 4, 54793 Piteå',NULL,'2021-12-17 03:29:09','insert'),(249,'','',NULL,'Skogsgränd 209, 70619 Landskrona',NULL,'2021-12-17 03:29:09','insert'),(250,'','',NULL,'Idrottsstigen 6, 47117 Trollhättan',NULL,'2021-12-17 03:29:09','insert'),(251,'','',NULL,'Kyrkgränd 25, 36121 Borås',NULL,'2021-12-17 03:29:09','insert'),(252,'','',NULL,'Ekgatan 89, 79418 Jönköping',NULL,'2021-12-17 03:29:09','insert'),(253,'','',NULL,'Grangatan 386, 37070 Örnsköldsvik',NULL,'2021-12-17 03:29:09','insert'),(254,'','',NULL,'Kvarngatan 888, 45517 Malmö',NULL,'2021-12-17 03:29:09','insert'),(255,'','',NULL,'Skolgatan 3, 12301 Halmstad',NULL,'2021-12-17 03:29:09','insert'),(256,'','','Björkgränd 1, 95964 Borås',NULL,NULL,'2021-12-17 03:29:31','delete'),(257,'','','Kyrkgränd 730, 91115 Lidköping',NULL,NULL,'2021-12-17 03:29:31','delete'),(258,'','','Järnvägsgränd 4, 54793 Piteå',NULL,NULL,'2021-12-17 03:29:31','delete'),(259,'','','Skogsgränd 209, 70619 Landskrona',NULL,NULL,'2021-12-17 03:29:31','delete'),(260,'','','Idrottsstigen 6, 47117 Trollhättan',NULL,NULL,'2021-12-17 03:29:31','delete'),(261,'','','Kyrkgränd 25, 36121 Borås',NULL,NULL,'2021-12-17 03:29:31','delete'),(262,'','','Ekgatan 89, 79418 Jönköping',NULL,NULL,'2021-12-17 03:29:31','delete'),(263,'','','Grangatan 386, 37070 Örnsköldsvik',NULL,NULL,'2021-12-17 03:29:31','delete'),(264,'','','Kvarngatan 888, 45517 Malmö',NULL,NULL,'2021-12-17 03:29:31','delete'),(265,'','','Skolgatan 3, 12301 Halmstad',NULL,NULL,'2021-12-17 03:29:31','delete'),(266,'','',NULL,'Åkervägen 2, 67653 Borlänge',NULL,'2021-12-17 03:29:33','insert'),(267,'','',NULL,'Gengatan 0, 42310 Lund',NULL,'2021-12-17 03:29:33','insert'),(268,'','',NULL,'Parkgränd 8, 32923 Göteborg',NULL,'2021-12-17 03:29:33','insert'),(269,'','',NULL,'Villavägen 8, 87466 Luleå',NULL,'2021-12-17 03:29:33','insert'),(270,'','',NULL,'Skogsgränd 154, 72968 Skövde',NULL,'2021-12-17 03:29:33','insert'),(271,'','',NULL,'Trädgårdsvägen 180, 21848 Jönköping',NULL,'2021-12-17 03:29:33','insert'),(272,'','',NULL,'Strandgatan 900, 35836 Lidingö',NULL,'2021-12-17 03:29:33','insert'),(273,'','',NULL,'Stationsgatan 659, 52436 Södertälje',NULL,'2021-12-17 03:29:33','insert'),(274,'','',NULL,'Skogsstigen 381, 30324 Luleå',NULL,'2021-12-17 03:29:33','insert'),(275,'','',NULL,'Nygatan 6, 77026 Borås',NULL,'2021-12-17 03:29:33','insert'),(276,'','','Åkervägen 2, 67653 Borlänge',NULL,NULL,'2021-12-17 03:30:16','delete'),(277,'','','Gengatan 0, 42310 Lund',NULL,NULL,'2021-12-17 03:30:16','delete'),(278,'','','Parkgränd 8, 32923 Göteborg',NULL,NULL,'2021-12-17 03:30:16','delete'),(279,'','','Villavägen 8, 87466 Luleå',NULL,NULL,'2021-12-17 03:30:16','delete'),(280,'','','Skogsgränd 154, 72968 Skövde',NULL,NULL,'2021-12-17 03:30:16','delete'),(281,'','','Trädgårdsvägen 180, 21848 Jönköping',NULL,NULL,'2021-12-17 03:30:16','delete'),(282,'','','Strandgatan 900, 35836 Lidingö',NULL,NULL,'2021-12-17 03:30:16','delete'),(283,'','','Stationsgatan 659, 52436 Södertälje',NULL,NULL,'2021-12-17 03:30:16','delete'),(284,'','','Skogsstigen 381, 30324 Luleå',NULL,NULL,'2021-12-17 03:30:16','delete'),(285,'','','Nygatan 6, 77026 Borås',NULL,NULL,'2021-12-17 03:30:16','delete'),(286,'','',NULL,'Skolvägen 64, 16490 Norrköping',NULL,'2021-12-17 03:30:20','insert'),(287,'','',NULL,'Villagatan 49, 35580 Örnsköldsvik',NULL,'2021-12-17 03:30:20','insert'),(288,'','',NULL,'Järnvägsstigen 2, 81621 Karlstad',NULL,'2021-12-17 03:30:20','insert'),(289,'','',NULL,'Industristigen 0, 46227 Linköping',NULL,'2021-12-17 03:30:20','insert'),(290,'','',NULL,'Industrigatan 41, 92984 Sundsvall',NULL,'2021-12-17 03:30:20','insert'),(291,'','',NULL,'Furutorget 99, 99777 Växjö',NULL,'2021-12-17 03:30:20','insert'),(292,'','',NULL,'Kyrkgränd 396, 43159 Lidköping',NULL,'2021-12-17 03:30:20','insert'),(293,'','',NULL,'Gengatan 6, 99945 Malmö',NULL,'2021-12-17 03:30:20','insert'),(294,'','',NULL,'Industritorget 30, 16547 Västerås',NULL,'2021-12-17 03:30:20','insert'),(295,'','',NULL,'Björkvägen 645, 92088 Trollhättan',NULL,'2021-12-17 03:30:20','insert'),(296,'','','Skolvägen 64, 16490 Norrköping',NULL,NULL,'2021-12-17 03:33:03','delete'),(297,'','','Villagatan 49, 35580 Örnsköldsvik',NULL,NULL,'2021-12-17 03:33:03','delete'),(298,'','','Järnvägsstigen 2, 81621 Karlstad',NULL,NULL,'2021-12-17 03:33:03','delete'),(299,'','','Industristigen 0, 46227 Linköping',NULL,NULL,'2021-12-17 03:33:03','delete'),(300,'','','Industrigatan 41, 92984 Sundsvall',NULL,NULL,'2021-12-17 03:33:03','delete'),(301,'','','Furutorget 99, 99777 Växjö',NULL,NULL,'2021-12-17 03:33:03','delete'),(302,'','','Kyrkgränd 396, 43159 Lidköping',NULL,NULL,'2021-12-17 03:33:03','delete'),(303,'','','Gengatan 6, 99945 Malmö',NULL,NULL,'2021-12-17 03:33:03','delete'),(304,'','','Industritorget 30, 16547 Västerås',NULL,NULL,'2021-12-17 03:33:03','delete'),(305,'','','Björkvägen 645, 92088 Trollhättan',NULL,NULL,'2021-12-17 03:33:03','delete'),(306,'','',NULL,'Storgränd 832, 10148 Kristianstad',NULL,'2021-12-17 03:33:08','insert'),(307,'','',NULL,'Skolgränd 5, 71423 Borås',NULL,'2021-12-17 03:33:08','insert'),(308,'','',NULL,'Fabrikstorget 3, 98662 Umeå',NULL,'2021-12-17 03:33:08','insert'),(309,'','',NULL,'Järnvägsgatan 532, 87677 Landskrona',NULL,'2021-12-17 03:33:08','insert'),(310,'','',NULL,'Stationstorget 504, 45730 Uppsala',NULL,'2021-12-17 03:33:08','insert'),(311,'','',NULL,'Kyrkstigen 4, 53095 Skövde',NULL,'2021-12-17 03:33:08','insert'),(312,'','',NULL,'Parkvägen 55, 92702 Sandviken',NULL,'2021-12-17 03:33:08','insert'),(313,'','',NULL,'Gengatan 427, 97743 Sundsvall',NULL,'2021-12-17 03:33:08','insert'),(314,'','',NULL,'Stationsgränd 99, 87492 Göteborg',NULL,'2021-12-17 03:33:08','insert'),(315,'','',NULL,'Kyrkstigen 63, 57142 Skellefteå',NULL,'2021-12-17 03:33:08','insert'),(316,'','','Storgränd 832, 10148 Kristianstad',NULL,NULL,'2021-12-17 03:33:58','delete'),(317,'','','Skolgränd 5, 71423 Borås',NULL,NULL,'2021-12-17 03:33:58','delete'),(318,'','','Fabrikstorget 3, 98662 Umeå',NULL,NULL,'2021-12-17 03:33:58','delete'),(319,'','','Järnvägsgatan 532, 87677 Landskrona',NULL,NULL,'2021-12-17 03:33:58','delete'),(320,'','','Stationstorget 504, 45730 Uppsala',NULL,NULL,'2021-12-17 03:33:58','delete'),(321,'','','Kyrkstigen 4, 53095 Skövde',NULL,NULL,'2021-12-17 03:33:58','delete'),(322,'','','Parkvägen 55, 92702 Sandviken',NULL,NULL,'2021-12-17 03:33:58','delete'),(323,'','','Gengatan 427, 97743 Sundsvall',NULL,NULL,'2021-12-17 03:33:58','delete'),(324,'','','Stationsgränd 99, 87492 Göteborg',NULL,NULL,'2021-12-17 03:33:58','delete'),(325,'','','Kyrkstigen 63, 57142 Skellefteå',NULL,NULL,'2021-12-17 03:33:58','delete'),(326,'','',NULL,'Aspvägen 5, 56514 Göteborg',NULL,'2021-12-17 03:38:27','insert'),(327,'','',NULL,'Storgatan 3, 23749 Umeå',NULL,'2021-12-17 03:38:27','insert'),(328,'','',NULL,'Bäckgatan 130, 38634 Landskrona',NULL,'2021-12-17 03:38:27','insert'),(329,'','',NULL,'Parkvägen 256, 96672 Uddevalla',NULL,'2021-12-17 03:38:27','insert'),(330,'','',NULL,'Bäckvägen 29, 53369 Motala',NULL,'2021-12-17 03:38:27','insert'),(331,'','',NULL,'Järnvägsvägen 8, 28258 Sandviken',NULL,'2021-12-17 03:38:27','insert'),(332,'','',NULL,'Åkerstigen 5, 83092 Varberg',NULL,'2021-12-17 03:38:27','insert'),(333,'','',NULL,'Granvägen 71, 42368 Skövde',NULL,'2021-12-17 03:38:27','insert'),(334,'','',NULL,'Trädgårdsvägen 2, 34866 Göteborg',NULL,'2021-12-17 03:38:27','insert'),(335,'','',NULL,'Skoltorget 0, 88568 Sundsvall',NULL,'2021-12-17 03:38:27','insert'),(336,'','',NULL,'Åkerstigen 286, 11277 Östersund',NULL,'2021-12-17 03:41:37','insert'),(337,'','',NULL,'Parkgränd 69, 86092 Örebro',NULL,'2021-12-17 03:41:37','insert'),(338,'','',NULL,'Parkgränd 274, 87179 Halmstad',NULL,'2021-12-17 03:41:37','insert'),(339,'','',NULL,'Idrottsgatan 9, 31425 Kalmar',NULL,'2021-12-17 03:41:37','insert'),(340,'','',NULL,'Skolvägen 0, 78208 Umeå',NULL,'2021-12-17 03:41:37','insert'),(341,'','',NULL,'Genvägen 23, 93745 Borlänge',NULL,'2021-12-17 03:41:37','insert'),(342,'','',NULL,'Ängsvägen 6, 11171 Luleå',NULL,'2021-12-17 03:41:37','insert'),(343,'','',NULL,'Fabriksstigen 39, 28483 Jönköping',NULL,'2021-12-17 03:41:37','insert'),(344,'','',NULL,'Kyrkvägen 865, 10875 Stockholm',NULL,'2021-12-17 03:41:37','insert'),(345,'','',NULL,'Furugatan 0, 39446 Linköping',NULL,'2021-12-17 03:41:37','insert'),(346,'','','Aspvägen 5, 56514 Göteborg',NULL,NULL,'2021-12-17 03:41:55','delete'),(347,'','','Storgatan 3, 23749 Umeå',NULL,NULL,'2021-12-17 03:41:55','delete'),(348,'','','Bäckgatan 130, 38634 Landskrona',NULL,NULL,'2021-12-17 03:41:55','delete'),(349,'','','Parkvägen 256, 96672 Uddevalla',NULL,NULL,'2021-12-17 03:41:55','delete'),(350,'','','Bäckvägen 29, 53369 Motala',NULL,NULL,'2021-12-17 03:41:55','delete'),(351,'','','Järnvägsvägen 8, 28258 Sandviken',NULL,NULL,'2021-12-17 03:41:55','delete'),(352,'','','Åkerstigen 5, 83092 Varberg',NULL,NULL,'2021-12-17 03:41:55','delete'),(353,'','','Granvägen 71, 42368 Skövde',NULL,NULL,'2021-12-17 03:41:55','delete'),(354,'','','Trädgårdsvägen 2, 34866 Göteborg',NULL,NULL,'2021-12-17 03:41:55','delete'),(355,'','','Skoltorget 0, 88568 Sundsvall',NULL,NULL,'2021-12-17 03:41:55','delete'),(356,'','','Åkerstigen 286, 11277 Östersund',NULL,NULL,'2021-12-17 03:41:55','delete'),(357,'','','Parkgränd 69, 86092 Örebro',NULL,NULL,'2021-12-17 03:41:55','delete'),(358,'','','Parkgränd 274, 87179 Halmstad',NULL,NULL,'2021-12-17 03:41:55','delete'),(359,'','','Idrottsgatan 9, 31425 Kalmar',NULL,NULL,'2021-12-17 03:41:55','delete'),(360,'','','Skolvägen 0, 78208 Umeå',NULL,NULL,'2021-12-17 03:41:55','delete'),(361,'','','Genvägen 23, 93745 Borlänge',NULL,NULL,'2021-12-17 03:41:55','delete'),(362,'','','Ängsvägen 6, 11171 Luleå',NULL,NULL,'2021-12-17 03:41:55','delete'),(363,'','','Fabriksstigen 39, 28483 Jönköping',NULL,NULL,'2021-12-17 03:41:55','delete'),(364,'','','Kyrkvägen 865, 10875 Stockholm',NULL,NULL,'2021-12-17 03:41:55','delete'),(365,'','','Furugatan 0, 39446 Linköping',NULL,NULL,'2021-12-17 03:41:55','delete'),(366,'','',NULL,'Parkgränd 619, 59445 Jönköping',NULL,'2021-12-17 03:42:03','insert'),(367,'','',NULL,'Ringstigen 29, 78635 Västerås',NULL,'2021-12-17 03:42:03','insert'),(368,'','',NULL,'Gengränd 174, 44111 Kristianstad',NULL,'2021-12-17 03:42:03','insert'),(369,'','',NULL,'Skolvägen 0, 20403 Sundsvall',NULL,'2021-12-17 03:42:03','insert'),(370,'','',NULL,'Idrottsgatan 15, 63018 Växjö',NULL,'2021-12-17 03:42:03','insert'),(371,'','',NULL,'Kvarngränd 792, 35529 Norrköping',NULL,'2021-12-17 03:42:03','insert'),(372,'','',NULL,'Parkgränd 72, 25129 Kalmar',NULL,'2021-12-17 03:42:03','insert'),(373,'','',NULL,'Stationstorget 14, 84311 Örebro',NULL,'2021-12-17 03:42:03','insert'),(374,'','',NULL,'Kvarnvägen 39, 52622 Norrköping',NULL,'2021-12-17 03:42:03','insert'),(375,'','',NULL,'Villavägen 684, 16810 Ängelholm',NULL,'2021-12-17 03:42:03','insert'),(376,'','','Parkgränd 619, 59445 Jönköping',NULL,NULL,'2021-12-17 03:43:05','delete'),(377,'','','Ringstigen 29, 78635 Västerås',NULL,NULL,'2021-12-17 03:43:05','delete'),(378,'','','Gengränd 174, 44111 Kristianstad',NULL,NULL,'2021-12-17 03:43:05','delete'),(379,'','','Skolvägen 0, 20403 Sundsvall',NULL,NULL,'2021-12-17 03:43:05','delete'),(380,'','','Idrottsgatan 15, 63018 Växjö',NULL,NULL,'2021-12-17 03:43:05','delete'),(381,'','','Kvarngränd 792, 35529 Norrköping',NULL,NULL,'2021-12-17 03:43:05','delete'),(382,'','','Parkgränd 72, 25129 Kalmar',NULL,NULL,'2021-12-17 03:43:05','delete'),(383,'','','Stationstorget 14, 84311 Örebro',NULL,NULL,'2021-12-17 03:43:05','delete'),(384,'','','Kvarnvägen 39, 52622 Norrköping',NULL,NULL,'2021-12-17 03:43:05','delete'),(385,'','','Villavägen 684, 16810 Ängelholm',NULL,NULL,'2021-12-17 03:43:05','delete'),(386,'','',NULL,'Järnvägsstigen 16, 48094 Södertälje',NULL,'2021-12-17 03:43:13','insert'),(387,'','',NULL,'Bäckstigen 128, 72072 Trollhättan',NULL,'2021-12-17 03:43:13','insert'),(388,'','',NULL,'Skoltorget 211, 24433 Halmstad',NULL,'2021-12-17 03:43:13','insert'),(389,'','',NULL,'Skogsstigen 9, 42402 Sundsvall',NULL,'2021-12-17 03:43:13','insert'),(390,'','',NULL,'Furustigen 8, 40645 Norrköping',NULL,'2021-12-17 03:43:13','insert'),(391,'','',NULL,'Bäckgatan 538, 70014 Borås',NULL,'2021-12-17 03:43:13','insert'),(392,'','',NULL,'Skolvägen 9, 29392 Sundsvall',NULL,'2021-12-17 03:43:13','insert'),(393,'','',NULL,'Trädgårdsvägen 167, 38472 Sundsvall',NULL,'2021-12-17 03:43:13','insert'),(394,'','',NULL,'Bäckstigen 812, 16142 Sandviken',NULL,'2021-12-17 03:43:13','insert'),(395,'','',NULL,'Strandvägen 328, 61560 Uppsala',NULL,'2021-12-17 03:43:13','insert'),(396,'','','Järnvägsstigen 16, 48094 Södertälje',NULL,NULL,'2021-12-17 03:46:48','delete'),(397,'','','Bäckstigen 128, 72072 Trollhättan',NULL,NULL,'2021-12-17 03:46:48','delete'),(398,'','','Skoltorget 211, 24433 Halmstad',NULL,NULL,'2021-12-17 03:46:48','delete'),(399,'','','Skogsstigen 9, 42402 Sundsvall',NULL,NULL,'2021-12-17 03:46:48','delete'),(400,'','','Furustigen 8, 40645 Norrköping',NULL,NULL,'2021-12-17 03:46:48','delete'),(401,'','','Bäckgatan 538, 70014 Borås',NULL,NULL,'2021-12-17 03:46:48','delete'),(402,'','','Skolvägen 9, 29392 Sundsvall',NULL,NULL,'2021-12-17 03:46:48','delete'),(403,'','','Trädgårdsvägen 167, 38472 Sundsvall',NULL,NULL,'2021-12-17 03:46:48','delete'),(404,'','','Bäckstigen 812, 16142 Sandviken',NULL,NULL,'2021-12-17 03:46:48','delete'),(405,'','','Strandvägen 328, 61560 Uppsala',NULL,NULL,'2021-12-17 03:46:48','delete'),(406,'','',NULL,'Bäckstigen 142, 25794 Malmö',NULL,'2021-12-17 04:16:35','insert'),(407,'','',NULL,'Villastigen 3, 43472 Kalmar',NULL,'2021-12-17 04:16:35','insert'),(408,'','',NULL,'Kyrkvägen 1, 16425 Lund',NULL,'2021-12-17 04:16:35','insert'),(409,'','',NULL,'Furustigen 9, 31524 Uddevalla',NULL,'2021-12-17 04:16:35','insert'),(410,'','',NULL,'Fabrikstorget 8, 75714 Kristianstad',NULL,'2021-12-17 04:16:35','insert'),(411,'','',NULL,'Idrottsvägen 575, 54384 Motala',NULL,'2021-12-17 04:16:35','insert'),(412,'','',NULL,'Idrottsgatan 64, 83712 Umeå',NULL,'2021-12-17 04:16:35','insert'),(413,'','',NULL,'Ringvägen 55, 50007 Landskrona',NULL,'2021-12-17 04:16:35','insert'),(414,'','',NULL,'Kyrkvägen 189, 55524 Linköping',NULL,'2021-12-17 04:16:35','insert'),(415,'','',NULL,'Aspgatan 59, 84071 Halmstad',NULL,'2021-12-17 04:16:35','insert'),(416,'','','Bäckstigen 142, 25794 Malmö',NULL,NULL,'2021-12-17 04:20:38','delete'),(417,'','','Villastigen 3, 43472 Kalmar',NULL,NULL,'2021-12-17 04:20:38','delete'),(418,'','','Kyrkvägen 1, 16425 Lund',NULL,NULL,'2021-12-17 04:20:38','delete'),(419,'','','Furustigen 9, 31524 Uddevalla',NULL,NULL,'2021-12-17 04:20:38','delete'),(420,'','','Fabrikstorget 8, 75714 Kristianstad',NULL,NULL,'2021-12-17 04:20:38','delete'),(421,'','','Idrottsvägen 575, 54384 Motala',NULL,NULL,'2021-12-17 04:20:38','delete'),(422,'','','Idrottsgatan 64, 83712 Umeå',NULL,NULL,'2021-12-17 04:20:38','delete'),(423,'','','Ringvägen 55, 50007 Landskrona',NULL,NULL,'2021-12-17 04:20:38','delete'),(424,'','','Kyrkvägen 189, 55524 Linköping',NULL,NULL,'2021-12-17 04:20:38','delete'),(425,'','','Aspgatan 59, 84071 Halmstad',NULL,NULL,'2021-12-17 04:20:38','delete'),(426,'','',NULL,'Skolvägen 26, 11429 Malmö',NULL,'2021-12-17 04:24:58','insert'),(427,'','',NULL,'Stationsgränd 1, 34991 Skellefteå',NULL,'2021-12-17 04:24:58','insert'),(428,'','',NULL,'Skolgränd 819, 20597 Uppsala',NULL,'2021-12-17 04:24:58','insert'),(429,'','',NULL,'Björkgatan 3, 45266 Örebro',NULL,'2021-12-17 04:24:58','insert'),(430,'','',NULL,'Villastigen 21, 14935 Jönköping',NULL,'2021-12-17 04:24:58','insert'),(431,'','',NULL,'Kyrkovägen 901, 41839 Luleå',NULL,'2021-12-17 04:24:58','insert'),(432,'','',NULL,'Fabriksgatan 559, 98815 Landskrona',NULL,'2021-12-17 04:24:58','insert'),(433,'','',NULL,'Backtorget 6, 12192 Skellefteå',NULL,'2021-12-17 04:24:58','insert'),(434,'','',NULL,'Gengränd 772, 85477 Gävle',NULL,'2021-12-17 04:24:58','insert'),(435,'','',NULL,'Trädgårdsgränd 817, 52450 Kalmar',NULL,'2021-12-17 04:24:58','insert'),(436,'','','Skolvägen 26, 11429 Malmö',NULL,NULL,'2021-12-17 04:26:07','delete'),(437,'','','Stationsgränd 1, 34991 Skellefteå',NULL,NULL,'2021-12-17 04:26:07','delete'),(438,'','','Skolgränd 819, 20597 Uppsala',NULL,NULL,'2021-12-17 04:26:07','delete'),(439,'','','Björkgatan 3, 45266 Örebro',NULL,NULL,'2021-12-17 04:26:07','delete'),(440,'','','Villastigen 21, 14935 Jönköping',NULL,NULL,'2021-12-17 04:26:07','delete'),(441,'','','Kyrkovägen 901, 41839 Luleå',NULL,NULL,'2021-12-17 04:26:07','delete'),(442,'','','Fabriksgatan 559, 98815 Landskrona',NULL,NULL,'2021-12-17 04:26:07','delete'),(443,'','','Backtorget 6, 12192 Skellefteå',NULL,NULL,'2021-12-17 04:26:07','delete'),(444,'','','Gengränd 772, 85477 Gävle',NULL,NULL,'2021-12-17 04:26:07','delete'),(445,'','','Trädgårdsgränd 817, 52450 Kalmar',NULL,NULL,'2021-12-17 04:26:07','delete'),(446,'','',NULL,'Stationsgatan 2, 44335 Uddevalla',NULL,'2021-12-17 04:26:15','insert'),(447,'','',NULL,'Gengatan 538, 61158 Alingsås',NULL,'2021-12-17 04:26:15','insert'),(448,'','',NULL,'Backstigen 98, 24880 Trelleborg',NULL,'2021-12-17 04:26:15','insert'),(449,'','',NULL,'Parktorget 1, 13191 Motala',NULL,'2021-12-17 04:26:15','insert'),(450,'','',NULL,'Industrigatan 37, 77225 Norrköping',NULL,'2021-12-17 04:26:15','insert'),(451,'','',NULL,'Bäckgränd 7, 66184 Göteborg',NULL,'2021-12-17 04:26:15','insert'),(452,'','',NULL,'Aspgatan 755, 50156 Ängelholm',NULL,'2021-12-17 04:26:15','insert'),(453,'','',NULL,'Parkgränd 0, 88451 Lidköping',NULL,'2021-12-17 04:26:15','insert'),(454,'','',NULL,'Gentorget 368, 14736 Trollhättan',NULL,'2021-12-17 04:26:15','insert'),(455,'','',NULL,'Bäckvägen 8, 62159 Falun',NULL,'2021-12-17 04:26:15','insert'),(456,'','','Stationsgatan 2, 44335 Uddevalla',NULL,NULL,'2021-12-17 04:37:50','delete'),(457,'','','Gengatan 538, 61158 Alingsås',NULL,NULL,'2021-12-17 04:37:50','delete'),(458,'','','Backstigen 98, 24880 Trelleborg',NULL,NULL,'2021-12-17 04:37:50','delete'),(459,'','','Parktorget 1, 13191 Motala',NULL,NULL,'2021-12-17 04:37:50','delete'),(460,'','','Industrigatan 37, 77225 Norrköping',NULL,NULL,'2021-12-17 04:37:50','delete'),(461,'','','Bäckgränd 7, 66184 Göteborg',NULL,NULL,'2021-12-17 04:37:50','delete'),(462,'','','Aspgatan 755, 50156 Ängelholm',NULL,NULL,'2021-12-17 04:37:50','delete'),(463,'','','Parkgränd 0, 88451 Lidköping',NULL,NULL,'2021-12-17 04:37:50','delete'),(464,'','','Gentorget 368, 14736 Trollhättan',NULL,NULL,'2021-12-17 04:37:50','delete'),(465,'','','Bäckvägen 8, 62159 Falun',NULL,NULL,'2021-12-17 04:37:50','delete'),(466,'','',NULL,'Strandvägen 2, 38570 Ängelholm',NULL,'2021-12-17 04:37:58','insert'),(467,'','',NULL,'Bäckvägen 60, 30147 Trelleborg',NULL,'2021-12-17 04:37:58','insert'),(468,'','',NULL,'Grangränd 33, 36200 Luleå',NULL,'2021-12-17 04:37:58','insert'),(469,'','',NULL,'Strandstigen 855, 57268 Lidingö',NULL,'2021-12-17 04:37:58','insert'),(470,'','',NULL,'Bäcktorget 43, 27510 Skellefteå',NULL,'2021-12-17 04:37:58','insert'),(471,'','',NULL,'Björkgatan 629, 13809 Helsingborg',NULL,'2021-12-17 04:37:58','insert'),(472,'','',NULL,'Granvägen 46, 66913 Karlskoga',NULL,'2021-12-17 04:37:58','insert'),(473,'','',NULL,'Nytorget 8, 76275 Karlskoga',NULL,'2021-12-17 04:37:58','insert'),(474,'','',NULL,'Trädgårdsvägen 28, 93250 Trelleborg',NULL,'2021-12-17 04:37:58','insert'),(475,'','',NULL,'Aspstigen 304, 48563 Växjö',NULL,'2021-12-17 04:37:58','insert'),(476,'','','Strandvägen 2, 38570 Ängelholm',NULL,NULL,'2021-12-17 05:11:28','delete'),(477,'','','Bäckvägen 60, 30147 Trelleborg',NULL,NULL,'2021-12-17 05:11:28','delete'),(478,'','','Grangränd 33, 36200 Luleå',NULL,NULL,'2021-12-17 05:11:28','delete'),(479,'','','Strandstigen 855, 57268 Lidingö',NULL,NULL,'2021-12-17 05:11:28','delete'),(480,'','','Bäcktorget 43, 27510 Skellefteå',NULL,NULL,'2021-12-17 05:11:28','delete'),(481,'','','Björkgatan 629, 13809 Helsingborg',NULL,NULL,'2021-12-17 05:11:28','delete'),(482,'','','Granvägen 46, 66913 Karlskoga',NULL,NULL,'2021-12-17 05:11:28','delete'),(483,'','','Nytorget 8, 76275 Karlskoga',NULL,NULL,'2021-12-17 05:11:28','delete'),(484,'','','Trädgårdsvägen 28, 93250 Trelleborg',NULL,NULL,'2021-12-17 05:11:28','delete'),(485,'','','Aspstigen 304, 48563 Växjö',NULL,NULL,'2021-12-17 05:11:28','delete'),(486,'','',NULL,'Skolvägen 9, 22104 Alingsås',NULL,'2021-12-17 05:11:36','insert'),(487,'','',NULL,'Skolgatan 6, 18240 Sundsvall',NULL,'2021-12-17 05:11:36','insert'),(488,'','',NULL,'Granvägen 3, 59653 Sandviken',NULL,'2021-12-17 05:11:36','insert'),(489,'','',NULL,'Industrivägen 81, 71221 Västerås',NULL,'2021-12-17 05:11:36','insert'),(490,'','',NULL,'Industrigränd 52, 93149 Lidköping',NULL,'2021-12-17 05:11:36','insert'),(491,'','',NULL,'Storstigen 81, 54218 Södertälje',NULL,'2021-12-17 05:11:36','insert'),(492,'','',NULL,'Skolgränd 580, 59439 Karlskrona',NULL,'2021-12-17 05:11:36','insert'),(493,'','',NULL,'Ringgatan 924, 37373 Nyköping',NULL,'2021-12-17 05:11:36','insert'),(494,'','',NULL,'Kvarngatan 12, 68198 Karlskoga',NULL,'2021-12-17 05:11:36','insert'),(495,'','',NULL,'Nyvägen 6, 77312 Falun',NULL,'2021-12-17 05:11:36','insert'),(496,'','','Skolvägen 9, 22104 Alingsås',NULL,NULL,'2021-12-17 05:15:34','delete'),(497,'','','Skolgatan 6, 18240 Sundsvall',NULL,NULL,'2021-12-17 05:15:34','delete'),(498,'','','Granvägen 3, 59653 Sandviken',NULL,NULL,'2021-12-17 05:15:34','delete'),(499,'','','Industrivägen 81, 71221 Västerås',NULL,NULL,'2021-12-17 05:15:34','delete'),(500,'','','Industrigränd 52, 93149 Lidköping',NULL,NULL,'2021-12-17 05:15:34','delete'),(501,'','','Storstigen 81, 54218 Södertälje',NULL,NULL,'2021-12-17 05:15:34','delete'),(502,'','','Skolgränd 580, 59439 Karlskrona',NULL,NULL,'2021-12-17 05:15:34','delete'),(503,'','','Ringgatan 924, 37373 Nyköping',NULL,NULL,'2021-12-17 05:15:34','delete'),(504,'','','Kvarngatan 12, 68198 Karlskoga',NULL,NULL,'2021-12-17 05:15:34','delete'),(505,'','','Nyvägen 6, 77312 Falun',NULL,NULL,'2021-12-17 05:15:34','delete'),(506,'','',NULL,'Industrigatan 832, 31459 Borås',NULL,'2021-12-17 05:17:12','insert'),(507,'','',NULL,'Strandgatan 264, 39133 Borås',NULL,'2021-12-17 05:17:12','insert'),(508,'','',NULL,'Aspgatan 79, 92787 Göteborg',NULL,'2021-12-17 05:17:12','insert'),(509,'','',NULL,'Genstigen 983, 94599 Uppsala',NULL,'2021-12-17 05:17:12','insert'),(510,'','',NULL,'Skogsgatan 53, 63082 Kalmar',NULL,'2021-12-17 05:17:12','insert'),(511,'','',NULL,'Backvägen 14, 10306 Uddevalla',NULL,'2021-12-17 05:17:12','insert'),(512,'','',NULL,'Skogsvägen 81, 67844 Piteå',NULL,'2021-12-17 05:17:12','insert'),(513,'','',NULL,'Backvägen 5, 38738 Helsingborg',NULL,'2021-12-17 05:17:12','insert'),(514,'','',NULL,'Järnvägsgatan 270, 93984 Växjö',NULL,'2021-12-17 05:17:13','insert'),(515,'','',NULL,'Kyrkvägen 5, 12459 Helsingborg',NULL,'2021-12-17 05:17:13','insert'),(516,'','','Industrigatan 832, 31459 Borås',NULL,NULL,'2021-12-17 05:18:06','delete'),(517,'','','Strandgatan 264, 39133 Borås',NULL,NULL,'2021-12-17 05:18:06','delete'),(518,'','','Aspgatan 79, 92787 Göteborg',NULL,NULL,'2021-12-17 05:18:06','delete'),(519,'','','Genstigen 983, 94599 Uppsala',NULL,NULL,'2021-12-17 05:18:06','delete'),(520,'','','Skogsgatan 53, 63082 Kalmar',NULL,NULL,'2021-12-17 05:18:06','delete'),(521,'','','Backvägen 14, 10306 Uddevalla',NULL,NULL,'2021-12-17 05:18:06','delete'),(522,'','','Skogsvägen 81, 67844 Piteå',NULL,NULL,'2021-12-17 05:18:06','delete'),(523,'','','Backvägen 5, 38738 Helsingborg',NULL,NULL,'2021-12-17 05:18:06','delete'),(524,'','','Järnvägsgatan 270, 93984 Växjö',NULL,NULL,'2021-12-17 05:18:06','delete'),(525,'','','Kyrkvägen 5, 12459 Helsingborg',NULL,NULL,'2021-12-17 05:18:06','delete'),(526,'','',NULL,'Åkergatan 16, 84003 Varberg',NULL,'2021-12-17 05:28:55','insert'),(527,'','',NULL,'Grangränd 0, 36406 Örnsköldsvik',NULL,'2021-12-17 05:28:56','insert'),(528,'','',NULL,'Ekvägen 156, 89447 Göteborg',NULL,'2021-12-17 05:28:56','insert'),(529,'','',NULL,'Idrottsgatan 3, 26038 Lidingö',NULL,'2021-12-17 05:28:56','insert'),(530,'','',NULL,'Skolvägen 776, 70284 Karlskoga',NULL,'2021-12-17 05:28:56','insert'),(531,'','',NULL,'Storgränd 1, 33396 Karlskrona',NULL,'2021-12-17 05:28:56','insert'),(532,'','',NULL,'Skolstigen 27, 95864 Trelleborg',NULL,'2021-12-17 05:28:56','insert'),(533,'','',NULL,'Ekgränd 69, 52862 Örebro',NULL,'2021-12-17 05:28:56','insert'),(534,'','',NULL,'Trädgårdsgatan 882, 83815 Jönköping',NULL,'2021-12-17 05:28:56','insert'),(535,'','',NULL,'Genstigen 530, 19569 Örebro',NULL,'2021-12-17 05:28:56','insert'),(536,'','','Åkergatan 16, 84003 Varberg',NULL,NULL,'2021-12-17 05:29:36','delete'),(537,'','','Grangränd 0, 36406 Örnsköldsvik',NULL,NULL,'2021-12-17 05:29:36','delete'),(538,'','','Ekvägen 156, 89447 Göteborg',NULL,NULL,'2021-12-17 05:29:36','delete'),(539,'','','Idrottsgatan 3, 26038 Lidingö',NULL,NULL,'2021-12-17 05:29:36','delete'),(540,'','','Skolvägen 776, 70284 Karlskoga',NULL,NULL,'2021-12-17 05:29:36','delete'),(541,'','','Storgränd 1, 33396 Karlskrona',NULL,NULL,'2021-12-17 05:29:36','delete'),(542,'','','Skolstigen 27, 95864 Trelleborg',NULL,NULL,'2021-12-17 05:29:36','delete'),(543,'','','Ekgränd 69, 52862 Örebro',NULL,NULL,'2021-12-17 05:29:36','delete'),(544,'','','Trädgårdsgatan 882, 83815 Jönköping',NULL,NULL,'2021-12-17 05:29:36','delete'),(545,'','','Genstigen 530, 19569 Örebro',NULL,NULL,'2021-12-17 05:29:36','delete'),(546,'','',NULL,'Trädgårdsvägen 79, 54887 Västerås',NULL,'2021-12-17 05:29:46','insert'),(547,'','',NULL,'Kyrkvägen 9, 76270 Alingsås',NULL,'2021-12-17 05:29:46','insert'),(548,'','',NULL,'Grangatan 31, 44575 Västerås',NULL,'2021-12-17 05:29:46','insert'),(549,'','',NULL,'Kyrkogatan 579, 29038 Uppsala',NULL,'2021-12-17 05:29:46','insert'),(550,'','',NULL,'Trädgårdsvägen 909, 41825 Uppsala',NULL,'2021-12-17 05:29:46','insert'),(551,'','',NULL,'Backtorget 90, 88772 Karlskrona',NULL,'2021-12-17 05:29:46','insert'),(552,'','',NULL,'Björktorget 15, 31295 Halmstad',NULL,'2021-12-17 05:29:46','insert'),(553,'','',NULL,'Parkgatan 48, 32475 Trollhättan',NULL,'2021-12-17 05:29:46','insert'),(554,'','',NULL,'Ängsvägen 83, 10395 Borlänge',NULL,'2021-12-17 05:29:46','insert'),(555,'','',NULL,'Ekgatan 1, 80797 Jönköping',NULL,'2021-12-17 05:29:46','insert');
/*!40000 ALTER TABLE `changed_address_manufacturer` ENABLE KEYS */;
UNLOCK TABLES;

--
-- Table structure for table `changed_address_store`
--

DROP TABLE IF EXISTS `changed_address_store`;
/*!40101 SET @saved_cs_client     = @@character_set_client */;
/*!50503 SET character_set_client = utf8mb4 */;
CREATE TABLE `changed_address_store` (
  `store_id` int NOT NULL AUTO_INCREMENT,
  `store_type` char(1) NOT NULL,
  `phone` varchar(25) NOT NULL,
  `email` varchar(100) NOT NULL,
  `old_address` varchar(100) DEFAULT NULL,
  `new_address` varchar(100) DEFAULT NULL,
  `zip_code` varchar(7) DEFAULT NULL,
  `city` varchar(45) DEFAULT NULL,
  `change_date` datetime NOT NULL,
  `action` varchar(100) NOT NULL,
  PRIMARY KEY (`store_id`),
  UNIQUE KEY `store_id` (`store_id`,`store_type`)
) ENGINE=InnoDB AUTO_INCREMENT=4704 DEFAULT CHARSET=utf8mb3;
/*!40101 SET character_set_client = @saved_cs_client */;

--
-- Dumping data for table `changed_address_store`
--

LOCK TABLES `changed_address_store` WRITE;
/*!40000 ALTER TABLE `changed_address_store` DISABLE KEYS */;
INSERT INTO `changed_address_store` VALUES (1,'','','',NULL,'37395',NULL,NULL,'2021-12-12 23:40:46','insert'),(2,'','','','Nyvägen 8',NULL,NULL,NULL,'2021-12-12 23:40:46','delete'),(3,'','','',NULL,'55410',NULL,NULL,'2021-12-12 23:40:46','insert'),(4,'','','','Parkvägen 3','55410',NULL,NULL,'2021-12-12 23:40:47','update'),(5,'','','','Parkvägen 3',NULL,NULL,NULL,'2021-12-12 23:40:47','delete'),(6,'','','',NULL,NULL,NULL,NULL,'2021-12-12 23:40:47','insert'),(7,'','','',NULL,'34101',NULL,NULL,'2021-12-12 23:40:47','insert'),(8,'','','',NULL,'60985',NULL,NULL,'2021-12-12 23:40:47','insert'),(9,'','','',NULL,'59379',NULL,NULL,'2021-12-12 23:40:47','insert'),(10,'','','',NULL,'60381',NULL,NULL,'2021-12-12 23:40:47','insert'),(11,'','','',NULL,'95444',NULL,NULL,'2021-12-12 23:40:47','insert'),(12,'','','',NULL,'75916',NULL,NULL,'2021-12-12 23:40:47','insert'),(13,'','','',NULL,'58426',NULL,NULL,'2021-12-12 23:40:47','insert'),(14,'','','',NULL,'81349',NULL,NULL,'2021-12-12 23:40:47','insert'),(15,'','','',NULL,'83522',NULL,NULL,'2021-12-12 23:40:47','insert'),(16,'','','',NULL,'52762',NULL,NULL,'2021-12-12 23:40:47','insert'),(17,'','','',NULL,'79240',NULL,NULL,'2021-12-12 23:40:47','insert'),(18,'','','',NULL,'63610',NULL,NULL,'2021-12-12 23:40:47','insert'),(19,'','','',NULL,'68619',NULL,NULL,'2021-12-12 23:40:48','insert'),(20,'','','',NULL,'78484',NULL,NULL,'2021-12-12 23:40:48','insert'),(21,'','','',NULL,'98760',NULL,NULL,'2021-12-12 23:40:48','insert'),(22,'','','',NULL,'34234',NULL,NULL,'2021-12-12 23:40:48','insert'),(23,'','','',NULL,'31778',NULL,NULL,'2021-12-12 23:40:48','insert'),(24,'','','',NULL,'68072',NULL,NULL,'2021-12-12 23:40:48','insert'),(25,'','','',NULL,'18730',NULL,NULL,'2021-12-12 23:40:48','insert'),(26,'','','',NULL,'89994',NULL,NULL,'2021-12-12 23:40:48','insert'),(27,'','','',NULL,'11592',NULL,NULL,'2021-12-12 23:40:48','insert'),(28,'','','',NULL,'89308',NULL,NULL,'2021-12-12 23:40:48','insert'),(29,'','','',NULL,'15899',NULL,NULL,'2021-12-12 23:40:48','insert'),(30,'','','',NULL,'93723',NULL,NULL,'2021-12-12 23:40:48','insert'),(31,'','','',NULL,'70307',NULL,NULL,'2021-12-12 23:40:48','insert'),(32,'','','',NULL,'22406',NULL,NULL,'2021-12-12 23:40:48','insert'),(33,'','','',NULL,'35992',NULL,NULL,'2021-12-12 23:40:48','insert'),(34,'','','',NULL,'29857',NULL,NULL,'2021-12-12 23:40:48','insert'),(35,'','','',NULL,'19381',NULL,NULL,'2021-12-12 23:40:48','insert'),(36,'','','',NULL,'33264',NULL,NULL,'2021-12-12 23:40:48','insert'),(37,'','','',NULL,'69312',NULL,NULL,'2021-12-12 23:40:48','insert'),(38,'','','',NULL,'39317',NULL,NULL,'2021-12-12 23:40:48','insert'),(39,'','','',NULL,'85736',NULL,NULL,'2021-12-12 23:40:48','insert'),(40,'','','',NULL,'13934',NULL,NULL,'2021-12-12 23:40:48','insert'),(41,'','','',NULL,'76246',NULL,NULL,'2021-12-12 23:40:48','insert'),(42,'','','',NULL,'70066',NULL,NULL,'2021-12-12 23:40:48','insert'),(43,'','','',NULL,'13011',NULL,NULL,'2021-12-12 23:40:48','insert'),(44,'','','',NULL,'97724',NULL,NULL,'2021-12-12 23:40:48','insert'),(45,'','','',NULL,'18752',NULL,NULL,'2021-12-12 23:40:48','insert'),(46,'','','',NULL,'45680',NULL,NULL,'2021-12-12 23:40:48','insert'),(47,'','','',NULL,'76747',NULL,NULL,'2021-12-12 23:40:48','insert'),(48,'','','',NULL,'24442',NULL,NULL,'2021-12-12 23:40:48','insert'),(49,'','','',NULL,'80266',NULL,NULL,'2021-12-12 23:40:48','insert'),(50,'','','',NULL,'12208',NULL,NULL,'2021-12-12 23:40:48','insert'),(51,'','','',NULL,'13075',NULL,NULL,'2021-12-12 23:40:48','insert'),(52,'','','',NULL,'27906',NULL,NULL,'2021-12-12 23:40:48','insert'),(53,'','','',NULL,'12093',NULL,NULL,'2021-12-12 23:40:48','insert'),(54,'','','',NULL,'14327',NULL,NULL,'2021-12-12 23:40:48','insert'),(55,'','','',NULL,'99708',NULL,NULL,'2021-12-12 23:40:48','insert'),(56,'','','',NULL,'98377',NULL,NULL,'2021-12-12 23:40:48','insert'),(57,'','','',NULL,'25543',NULL,NULL,'2021-12-12 23:40:48','insert'),(58,'','','',NULL,'15736',NULL,NULL,'2021-12-12 23:40:48','insert'),(59,'','','',NULL,'97501',NULL,NULL,'2021-12-12 23:40:48','insert'),(60,'','','',NULL,'63858',NULL,NULL,'2021-12-12 23:40:48','insert'),(61,'','','',NULL,'14365',NULL,NULL,'2021-12-12 23:40:48','insert'),(62,'','','',NULL,'79526',NULL,NULL,'2021-12-12 23:40:48','insert'),(63,'','','',NULL,'95656',NULL,NULL,'2021-12-12 23:40:48','insert'),(64,'','','',NULL,'76166',NULL,NULL,'2021-12-12 23:40:48','insert'),(65,'','','',NULL,'38785',NULL,NULL,'2021-12-12 23:40:48','insert'),(66,'','','',NULL,'69013',NULL,NULL,'2021-12-12 23:40:48','insert'),(67,'','','',NULL,'27531',NULL,NULL,'2021-12-12 23:40:48','insert'),(68,'','','',NULL,'98409',NULL,NULL,'2021-12-12 23:40:48','insert'),(69,'','','',NULL,'39446',NULL,NULL,'2021-12-12 23:40:48','insert'),(70,'','','',NULL,'47251',NULL,NULL,'2021-12-12 23:40:48','insert'),(71,'','','',NULL,'43460',NULL,NULL,'2021-12-12 23:40:48','insert'),(72,'','','',NULL,'98150',NULL,NULL,'2021-12-12 23:40:48','insert'),(73,'','','',NULL,'80601',NULL,NULL,'2021-12-12 23:40:48','insert'),(74,'','','',NULL,'26896',NULL,NULL,'2021-12-12 23:40:48','insert'),(75,'','','',NULL,'45560',NULL,NULL,'2021-12-12 23:40:48','insert'),(76,'','','',NULL,'56829',NULL,NULL,'2021-12-12 23:40:48','insert'),(77,'','','',NULL,'38868',NULL,NULL,'2021-12-12 23:40:48','insert'),(78,'','','',NULL,'47928',NULL,NULL,'2021-12-12 23:40:48','insert'),(79,'','','',NULL,'39108',NULL,NULL,'2021-12-12 23:40:48','insert'),(80,'','','',NULL,'67436',NULL,NULL,'2021-12-12 23:40:48','insert'),(81,'','','',NULL,'17293',NULL,NULL,'2021-12-12 23:40:48','insert'),(82,'','','',NULL,'58165',NULL,NULL,'2021-12-12 23:40:48','insert'),(83,'','','',NULL,'39249',NULL,NULL,'2021-12-12 23:40:48','insert'),(84,'','','',NULL,'74970',NULL,NULL,'2021-12-12 23:40:48','insert'),(85,'','','',NULL,'60322',NULL,NULL,'2021-12-12 23:40:48','insert'),(86,'','','',NULL,'78355',NULL,NULL,'2021-12-12 23:40:48','insert'),(87,'','','',NULL,'60157',NULL,NULL,'2021-12-12 23:40:48','insert'),(88,'','','',NULL,'50778',NULL,NULL,'2021-12-12 23:40:48','insert'),(89,'','','',NULL,'22518',NULL,NULL,'2021-12-12 23:40:48','insert'),(90,'','','',NULL,'77937',NULL,NULL,'2021-12-12 23:40:48','insert'),(91,'','','',NULL,'38486',NULL,NULL,'2021-12-12 23:40:48','insert'),(92,'','','',NULL,'14459',NULL,NULL,'2021-12-12 23:40:48','insert'),(93,'','','',NULL,'75542',NULL,NULL,'2021-12-12 23:40:48','insert'),(94,'','','',NULL,'33363',NULL,NULL,'2021-12-12 23:40:48','insert'),(95,'','','',NULL,'38916',NULL,NULL,'2021-12-12 23:40:48','insert'),(96,'','','',NULL,'17312',NULL,NULL,'2021-12-12 23:40:48','insert'),(97,'','','',NULL,'69927',NULL,NULL,'2021-12-12 23:40:48','insert'),(98,'','','',NULL,'85078',NULL,NULL,'2021-12-12 23:40:48','insert'),(99,'','','',NULL,'50850',NULL,NULL,'2021-12-12 23:40:48','insert'),(100,'','','',NULL,'94759',NULL,NULL,'2021-12-12 23:40:48','insert'),(101,'','','',NULL,'34514',NULL,NULL,'2021-12-12 23:40:48','insert'),(102,'','','',NULL,'73000',NULL,NULL,'2021-12-12 23:40:48','insert'),(103,'','','',NULL,'64913',NULL,NULL,'2021-12-12 23:40:48','insert'),(104,'','','',NULL,'54225',NULL,NULL,'2021-12-12 23:40:48','insert'),(105,'','','',NULL,'70697',NULL,NULL,'2021-12-12 23:40:48','insert'),(106,'','','',NULL,'39838',NULL,NULL,'2021-12-12 23:40:48','insert'),(107,'','','',NULL,NULL,NULL,NULL,'2021-12-12 23:40:50','delete'),(108,'','','','Genvägen 9',NULL,NULL,NULL,'2021-12-12 23:40:50','delete'),(109,'','','','Industrivägen 29',NULL,NULL,NULL,'2021-12-12 23:40:50','delete'),(110,'','','','Aspstigen 879',NULL,NULL,NULL,'2021-12-12 23:40:50','delete'),(111,'','','','Järnvägsgatan 947',NULL,NULL,NULL,'2021-12-12 23:40:50','delete'),(112,'','','','Parkgatan 171',NULL,NULL,NULL,'2021-12-12 23:40:50','delete'),(113,'','','','Grantorget 803',NULL,NULL,NULL,'2021-12-12 23:40:50','delete'),(114,'','','','Nygatan 8',NULL,NULL,NULL,'2021-12-12 23:40:50','delete'),(115,'','','','Bäckgränd 95',NULL,NULL,NULL,'2021-12-12 23:40:50','delete'),(116,'','','','Furugatan 8',NULL,NULL,NULL,'2021-12-12 23:40:50','delete'),(117,'','','','Fabriksvägen 7',NULL,NULL,NULL,'2021-12-12 23:40:50','delete'),(118,'','','','Granstigen 40',NULL,NULL,NULL,'2021-12-12 23:40:50','delete'),(119,'','','','Skogsstigen 8',NULL,NULL,NULL,'2021-12-12 23:40:50','delete'),(120,'','','','Industristigen 0',NULL,NULL,NULL,'2021-12-12 23:40:50','delete'),(121,'','','','Skolvägen 30',NULL,NULL,NULL,'2021-12-12 23:40:50','delete'),(122,'','','','Kvarnvägen 2',NULL,NULL,NULL,'2021-12-12 23:40:50','delete'),(123,'','','','Ekvägen 67',NULL,NULL,NULL,'2021-12-12 23:40:50','delete'),(124,'','','','Strandgatan 9',NULL,NULL,NULL,'2021-12-12 23:40:50','delete'),(125,'','','','Nystigen 907',NULL,NULL,NULL,'2021-12-12 23:40:50','delete'),(126,'','','','Strandvägen 55',NULL,NULL,NULL,'2021-12-12 23:40:50','delete'),(127,'','','','Parkgatan 40',NULL,NULL,NULL,'2021-12-12 23:40:50','delete'),(128,'','','','Strandgatan 291',NULL,NULL,NULL,'2021-12-12 23:40:50','delete'),(129,'','','','Ekgatan 614',NULL,NULL,NULL,'2021-12-12 23:40:50','delete'),(130,'','','','Strandstigen 97',NULL,NULL,NULL,'2021-12-12 23:40:50','delete'),(131,'','','','Stationsgränd 18',NULL,NULL,NULL,'2021-12-12 23:40:50','delete'),(132,'','','','Industrigränd 146',NULL,NULL,NULL,'2021-12-12 23:40:50','delete'),(133,'','','','Idrottsgatan 73',NULL,NULL,NULL,'2021-12-12 23:40:50','delete'),(134,'','','','Aspgränd 2',NULL,NULL,NULL,'2021-12-12 23:40:50','delete'),(135,'','','','Fabrikstorget 3',NULL,NULL,NULL,'2021-12-12 23:40:50','delete'),(136,'','','','Industrigränd 810',NULL,NULL,NULL,'2021-12-12 23:40:50','delete'),(137,'','','','Åkervägen 9',NULL,NULL,NULL,'2021-12-12 23:40:50','delete'),(138,'','','','Idrottsgatan 39',NULL,NULL,NULL,'2021-12-12 23:40:50','delete'),(139,'','','','Skolstigen 7',NULL,NULL,NULL,'2021-12-12 23:40:50','delete'),(140,'','','','Villavägen 9',NULL,NULL,NULL,'2021-12-12 23:40:50','delete'),(141,'','','','Parkvägen 10',NULL,NULL,NULL,'2021-12-12 23:40:50','delete'),(142,'','','','Strandstigen 18',NULL,NULL,NULL,'2021-12-12 23:40:50','delete'),(143,'','','','Industristigen 47',NULL,NULL,NULL,'2021-12-12 23:40:50','delete'),(144,'','','','Skolgränd 8',NULL,NULL,NULL,'2021-12-12 23:40:50','delete'),(145,'','','','Åkerstigen 342',NULL,NULL,NULL,'2021-12-12 23:40:50','delete'),(146,'','','','Kyrkogränd 318',NULL,NULL,NULL,'2021-12-12 23:40:50','delete'),(147,'','','','Ringgatan 927',NULL,NULL,NULL,'2021-12-12 23:40:50','delete'),(148,'','','','Grangränd 47',NULL,NULL,NULL,'2021-12-12 23:40:50','delete'),(149,'','','','Bäckgränd 0',NULL,NULL,NULL,'2021-12-12 23:40:50','delete'),(150,'','','','Industrivägen 26',NULL,NULL,NULL,'2021-12-12 23:40:50','delete'),(151,'','','','Industrigatan 44',NULL,NULL,NULL,'2021-12-12 23:40:50','delete'),(152,'','','','Strandstigen 62',NULL,NULL,NULL,'2021-12-12 23:40:50','delete'),(153,'','','','Kvarngatan 948',NULL,NULL,NULL,'2021-12-12 23:40:50','delete'),(154,'','','','Åkertorget 40',NULL,NULL,NULL,'2021-12-12 23:40:50','delete'),(155,'','','','Skolvägen 161',NULL,NULL,NULL,'2021-12-12 23:40:50','delete'),(156,'','','','Kvarngränd 1',NULL,NULL,NULL,'2021-12-12 23:40:50','delete'),(157,'','','','Kyrkogränd 666',NULL,NULL,NULL,'2021-12-12 23:40:50','delete'),(158,'','','','Aspgränd 540',NULL,NULL,NULL,'2021-12-12 23:40:50','delete'),(159,'','','','Nygränd 33',NULL,NULL,NULL,'2021-12-12 23:40:50','delete'),(160,'','','','Strandgränd 394',NULL,NULL,NULL,'2021-12-12 23:40:50','delete'),(161,'','','','Bäckvägen 87',NULL,NULL,NULL,'2021-12-12 23:40:50','delete'),(162,'','','','Nytorget 6',NULL,NULL,NULL,'2021-12-12 23:40:50','delete'),(163,'','','','Skoltorget 38',NULL,NULL,NULL,'2021-12-12 23:40:50','delete'),(164,'','','','Storgränd 1',NULL,NULL,NULL,'2021-12-12 23:40:50','delete'),(165,'','','','Kvarngränd 4',NULL,NULL,NULL,'2021-12-12 23:40:50','delete'),(166,'','','','Asptorget 948',NULL,NULL,NULL,'2021-12-12 23:40:50','delete'),(167,'','','','Industrivägen 566',NULL,NULL,NULL,'2021-12-12 23:40:50','delete'),(168,'','','','Ängsvägen 8',NULL,NULL,NULL,'2021-12-12 23:40:50','delete'),(169,'','','','Kyrkostigen 29',NULL,NULL,NULL,'2021-12-12 23:40:50','delete'),(170,'','','','Asptorget 0',NULL,NULL,NULL,'2021-12-12 23:40:50','delete'),(171,'','','','Parkstigen 98',NULL,NULL,NULL,'2021-12-12 23:40:50','delete'),(172,'','','','Backgatan 2',NULL,NULL,NULL,'2021-12-12 23:40:50','delete'),(173,'','','','Ektorget 9',NULL,NULL,NULL,'2021-12-12 23:40:50','delete'),(174,'','','','Genvägen 11',NULL,NULL,NULL,'2021-12-12 23:40:50','delete'),(175,'','','','Ekgatan 6',NULL,NULL,NULL,'2021-12-12 23:40:50','delete'),(176,'','','','Järnvägstorget 0',NULL,NULL,NULL,'2021-12-12 23:40:50','delete'),(177,'','','','Villavägen 175',NULL,NULL,NULL,'2021-12-12 23:40:50','delete'),(178,'','','','Kyrkvägen 3',NULL,NULL,NULL,'2021-12-12 23:40:50','delete'),(179,'','','','Villavägen 241',NULL,NULL,NULL,'2021-12-12 23:40:50','delete'),(180,'','','','Kyrkostigen 3',NULL,NULL,NULL,'2021-12-12 23:40:50','delete'),(181,'','','','Strandvägen 246',NULL,NULL,NULL,'2021-12-12 23:40:50','delete'),(182,'','','','Granvägen 616',NULL,NULL,NULL,'2021-12-12 23:40:50','delete'),(183,'','','','Nystigen 829',NULL,NULL,NULL,'2021-12-12 23:40:50','delete'),(184,'','','','Ekstigen 135',NULL,NULL,NULL,'2021-12-12 23:40:50','delete'),(185,'','','','Ängsvägen 167',NULL,NULL,NULL,'2021-12-12 23:40:50','delete'),(186,'','','','Skogsgatan 79',NULL,NULL,NULL,'2021-12-12 23:40:50','delete'),(187,'','','','Backgatan 61',NULL,NULL,NULL,'2021-12-12 23:40:50','delete'),(188,'','','','Järnvägsgatan 653',NULL,NULL,NULL,'2021-12-12 23:40:50','delete'),(189,'','','','Skogsvägen 238',NULL,NULL,NULL,'2021-12-12 23:40:50','delete'),(190,'','','','Skolgränd 63',NULL,NULL,NULL,'2021-12-12 23:40:50','delete'),(191,'','','','Industrigatan 7',NULL,NULL,NULL,'2021-12-12 23:40:50','delete'),(192,'','','','Grangatan 9',NULL,NULL,NULL,'2021-12-12 23:40:50','delete'),(193,'','','','Ringstigen 70',NULL,NULL,NULL,'2021-12-12 23:40:50','delete'),(194,'','','','Skogsvägen 55',NULL,NULL,NULL,'2021-12-12 23:40:50','delete'),(195,'','','','Industrivägen 3',NULL,NULL,NULL,'2021-12-12 23:40:50','delete'),(196,'','','','Parkgränd 98',NULL,NULL,NULL,'2021-12-12 23:40:50','delete'),(197,'','','','Storvägen 2',NULL,NULL,NULL,'2021-12-12 23:40:50','delete'),(198,'','','','Strandgränd 51',NULL,NULL,NULL,'2021-12-12 23:40:50','delete'),(199,'','','','Ringgränd 98',NULL,NULL,NULL,'2021-12-12 23:40:50','delete'),(200,'','','','Parkgatan 708',NULL,NULL,NULL,'2021-12-12 23:40:50','delete'),(201,'','','','Trädgårdsvägen 6',NULL,NULL,NULL,'2021-12-12 23:40:50','delete'),(202,'','','','Bäckgränd 5',NULL,NULL,NULL,'2021-12-12 23:40:50','delete'),(203,'','','','Genvägen 8',NULL,NULL,NULL,'2021-12-12 23:40:50','delete'),(204,'','','','Genvägen 545',NULL,NULL,NULL,'2021-12-12 23:40:50','delete'),(205,'','','','Kyrktorget 32',NULL,NULL,NULL,'2021-12-12 23:40:50','delete'),(206,'','','','Kyrkstigen 107',NULL,NULL,NULL,'2021-12-12 23:40:50','delete'),(207,'','','','Industristigen 83',NULL,NULL,NULL,'2021-12-12 23:40:50','delete'),(208,'','','',NULL,NULL,NULL,NULL,'2021-12-12 23:40:51','insert'),(209,'','','',NULL,'13075',NULL,NULL,'2021-12-12 23:40:51','insert'),(210,'','','',NULL,'16990',NULL,NULL,'2021-12-12 23:40:51','insert'),(211,'','','',NULL,'72463',NULL,NULL,'2021-12-12 23:40:51','insert'),(212,'','','',NULL,'90852',NULL,NULL,'2021-12-12 23:40:51','insert'),(213,'','','',NULL,'74274',NULL,NULL,'2021-12-12 23:40:51','insert'),(214,'','','',NULL,'50755',NULL,NULL,'2021-12-12 23:40:51','insert'),(215,'','','',NULL,'99190',NULL,NULL,'2021-12-12 23:40:51','insert'),(216,'','','',NULL,'65481',NULL,NULL,'2021-12-12 23:40:51','insert'),(217,'','','',NULL,'68569',NULL,NULL,'2021-12-12 23:40:52','insert'),(218,'','','',NULL,'67675',NULL,NULL,'2021-12-12 23:40:52','insert'),(219,'','','',NULL,'81305',NULL,NULL,'2021-12-12 23:40:52','insert'),(220,'','','',NULL,'67711',NULL,NULL,'2021-12-12 23:40:52','insert'),(221,'','','',NULL,'61324',NULL,NULL,'2021-12-12 23:40:52','insert'),(222,'','','',NULL,'44424',NULL,NULL,'2021-12-12 23:40:52','insert'),(223,'','','',NULL,'53518',NULL,NULL,'2021-12-12 23:40:52','insert'),(224,'','','',NULL,'54538',NULL,NULL,'2021-12-12 23:40:52','insert'),(225,'','','',NULL,'57900',NULL,NULL,'2021-12-12 23:40:52','insert'),(226,'','','',NULL,'66833',NULL,NULL,'2021-12-12 23:40:52','insert'),(227,'','','',NULL,'73005',NULL,NULL,'2021-12-12 23:40:52','insert'),(228,'','','',NULL,'42396',NULL,NULL,'2021-12-12 23:40:52','insert'),(229,'','','',NULL,'92582',NULL,NULL,'2021-12-12 23:40:52','insert'),(230,'','','',NULL,'84462',NULL,NULL,'2021-12-12 23:40:52','insert'),(231,'','','',NULL,'85585',NULL,NULL,'2021-12-12 23:40:52','insert'),(232,'','','',NULL,'29621',NULL,NULL,'2021-12-12 23:40:52','insert'),(233,'','','',NULL,'15619',NULL,NULL,'2021-12-12 23:40:52','insert'),(234,'','','',NULL,'51529',NULL,NULL,'2021-12-12 23:40:52','insert'),(235,'','','',NULL,'63771',NULL,NULL,'2021-12-12 23:40:52','insert'),(236,'','','',NULL,'35452',NULL,NULL,'2021-12-12 23:40:52','insert'),(237,'','','',NULL,'12084',NULL,NULL,'2021-12-12 23:40:52','insert'),(238,'','','',NULL,'26987',NULL,NULL,'2021-12-12 23:40:52','insert'),(239,'','','',NULL,'97677',NULL,NULL,'2021-12-12 23:40:52','insert'),(240,'','','',NULL,'77661',NULL,NULL,'2021-12-12 23:40:52','insert'),(241,'','','',NULL,'42372',NULL,NULL,'2021-12-12 23:40:52','insert'),(242,'','','',NULL,'51397',NULL,NULL,'2021-12-12 23:40:52','insert'),(243,'','','',NULL,'85521',NULL,NULL,'2021-12-12 23:40:52','insert'),(244,'','','',NULL,'50610',NULL,NULL,'2021-12-12 23:40:52','insert'),(245,'','','',NULL,'20307',NULL,NULL,'2021-12-12 23:40:52','insert'),(246,'','','',NULL,'45289',NULL,NULL,'2021-12-12 23:40:52','insert'),(247,'','','',NULL,'34137',NULL,NULL,'2021-12-12 23:40:52','insert'),(248,'','','',NULL,'53098',NULL,NULL,'2021-12-12 23:40:52','insert'),(249,'','','',NULL,'68510',NULL,NULL,'2021-12-12 23:40:52','insert'),(250,'','','',NULL,'33273',NULL,NULL,'2021-12-12 23:40:52','insert'),(251,'','','',NULL,'30196',NULL,NULL,'2021-12-12 23:40:52','insert'),(252,'','','',NULL,'43733',NULL,NULL,'2021-12-12 23:40:52','insert'),(253,'','','',NULL,'74233',NULL,NULL,'2021-12-12 23:40:52','insert'),(254,'','','',NULL,'81368',NULL,NULL,'2021-12-12 23:40:52','insert'),(255,'','','',NULL,'31778',NULL,NULL,'2021-12-12 23:40:52','insert'),(256,'','','',NULL,'66215',NULL,NULL,'2021-12-12 23:40:52','insert'),(257,'','','',NULL,'21154',NULL,NULL,'2021-12-12 23:40:52','insert'),(258,'','','',NULL,'46840',NULL,NULL,'2021-12-12 23:40:52','insert'),(259,'','','',NULL,'31541',NULL,NULL,'2021-12-12 23:40:52','insert'),(260,'','','',NULL,'82649',NULL,NULL,'2021-12-12 23:40:52','insert'),(261,'','','',NULL,'31576',NULL,NULL,'2021-12-12 23:40:52','insert'),(262,'','','',NULL,'19141',NULL,NULL,'2021-12-12 23:40:52','insert'),(263,'','','',NULL,'60339',NULL,NULL,'2021-12-12 23:40:52','insert'),(264,'','','',NULL,'89913',NULL,NULL,'2021-12-12 23:40:52','insert'),(265,'','','',NULL,'31804',NULL,NULL,'2021-12-12 23:40:52','insert'),(266,'','','',NULL,'76694',NULL,NULL,'2021-12-12 23:40:52','insert'),(267,'','','',NULL,'61221',NULL,NULL,'2021-12-12 23:40:52','insert'),(268,'','','',NULL,'28423',NULL,NULL,'2021-12-12 23:40:52','insert'),(269,'','','',NULL,'91204',NULL,NULL,'2021-12-12 23:40:52','insert'),(270,'','','',NULL,'42813',NULL,NULL,'2021-12-12 23:40:52','insert'),(271,'','','',NULL,'30536',NULL,NULL,'2021-12-12 23:40:52','insert'),(272,'','','',NULL,'43745',NULL,NULL,'2021-12-12 23:40:52','insert'),(273,'','','',NULL,'86868',NULL,NULL,'2021-12-12 23:40:52','insert'),(274,'','','',NULL,'40347',NULL,NULL,'2021-12-12 23:40:52','insert'),(275,'','','',NULL,'30433',NULL,NULL,'2021-12-12 23:40:52','insert'),(276,'','','',NULL,'71907',NULL,NULL,'2021-12-12 23:40:52','insert'),(277,'','','',NULL,'80881',NULL,NULL,'2021-12-12 23:40:52','insert'),(278,'','','',NULL,'64328',NULL,NULL,'2021-12-12 23:40:52','insert'),(279,'','','',NULL,'86540',NULL,NULL,'2021-12-12 23:40:52','insert'),(280,'','','',NULL,'14116',NULL,NULL,'2021-12-12 23:40:52','insert'),(281,'','','',NULL,'58348',NULL,NULL,'2021-12-12 23:40:52','insert'),(282,'','','',NULL,'30469',NULL,NULL,'2021-12-12 23:40:52','insert'),(283,'','','',NULL,'60212',NULL,NULL,'2021-12-12 23:40:52','insert'),(284,'','','',NULL,'49980',NULL,NULL,'2021-12-12 23:40:52','insert'),(285,'','','',NULL,'99931',NULL,NULL,'2021-12-12 23:40:52','insert'),(286,'','','',NULL,'49355',NULL,NULL,'2021-12-12 23:40:52','insert'),(287,'','','',NULL,'54488',NULL,NULL,'2021-12-12 23:40:52','insert'),(288,'','','',NULL,'49857',NULL,NULL,'2021-12-12 23:40:52','insert'),(289,'','','',NULL,'46280',NULL,NULL,'2021-12-12 23:40:52','insert'),(290,'','','',NULL,'87840',NULL,NULL,'2021-12-12 23:40:52','insert'),(291,'','','',NULL,'43040',NULL,NULL,'2021-12-12 23:40:52','insert'),(292,'','','',NULL,'55200',NULL,NULL,'2021-12-12 23:40:52','insert'),(293,'','','',NULL,'15762',NULL,NULL,'2021-12-12 23:40:52','insert'),(294,'','','',NULL,'81961',NULL,NULL,'2021-12-12 23:40:52','insert'),(295,'','','',NULL,'33229',NULL,NULL,'2021-12-12 23:40:52','insert'),(296,'','','',NULL,'76266',NULL,NULL,'2021-12-12 23:40:52','insert'),(297,'','','',NULL,'64630',NULL,NULL,'2021-12-12 23:40:52','insert'),(298,'','','',NULL,'54625',NULL,NULL,'2021-12-12 23:40:52','insert'),(299,'','','',NULL,'78841',NULL,NULL,'2021-12-12 23:40:52','insert'),(300,'','','',NULL,'19908',NULL,NULL,'2021-12-12 23:40:52','insert'),(301,'','','',NULL,'52792',NULL,NULL,'2021-12-12 23:40:52','insert'),(302,'','','',NULL,'53989',NULL,NULL,'2021-12-12 23:40:52','insert'),(303,'','','',NULL,'65976',NULL,NULL,'2021-12-12 23:40:52','insert'),(304,'','','',NULL,'45039',NULL,NULL,'2021-12-12 23:40:52','insert'),(305,'','','',NULL,'27552',NULL,NULL,'2021-12-12 23:40:52','insert'),(306,'','','',NULL,'24420',NULL,NULL,'2021-12-12 23:40:52','insert'),(307,'','','',NULL,'29698',NULL,NULL,'2021-12-12 23:40:52','insert'),(308,'','','',NULL,'87105',NULL,NULL,'2021-12-12 23:40:52','insert'),(309,'','','',NULL,NULL,NULL,NULL,'2021-12-12 23:40:56','delete'),(310,'','','','Villavägen 1',NULL,NULL,NULL,'2021-12-12 23:40:56','delete'),(311,'','','','Skogsvägen 5',NULL,NULL,NULL,'2021-12-12 23:40:56','delete'),(312,'','','','Björktorget 4',NULL,NULL,NULL,'2021-12-12 23:40:56','delete'),(313,'','','','Bäcktorget 64',NULL,NULL,NULL,'2021-12-12 23:40:56','delete'),(314,'','','','Stationsgatan 56',NULL,NULL,NULL,'2021-12-12 23:40:56','delete'),(315,'','','','Granstigen 6',NULL,NULL,NULL,'2021-12-12 23:40:56','delete'),(316,'','','','Strandgatan 9',NULL,NULL,NULL,'2021-12-12 23:40:56','delete'),(317,'','','','Storvägen 812',NULL,NULL,NULL,'2021-12-12 23:40:56','delete'),(318,'','','','Stationsgränd 39',NULL,NULL,NULL,'2021-12-12 23:40:56','delete'),(319,'','','','Kyrkogatan 7',NULL,NULL,NULL,'2021-12-12 23:40:56','delete'),(320,'','','','Åkerstigen 842',NULL,NULL,NULL,'2021-12-12 23:40:56','delete'),(321,'','','','Idrottsstigen 659',NULL,NULL,NULL,'2021-12-12 23:40:56','delete'),(322,'','','','Villastigen 22',NULL,NULL,NULL,'2021-12-12 23:40:56','delete'),(323,'','','','Aspvägen 535',NULL,NULL,NULL,'2021-12-12 23:40:56','delete'),(324,'','','','Furustigen 2',NULL,NULL,NULL,'2021-12-12 23:40:56','delete'),(325,'','','','Grangatan 8',NULL,NULL,NULL,'2021-12-12 23:40:56','delete'),(326,'','','','Grangatan 8',NULL,NULL,NULL,'2021-12-12 23:40:56','delete'),(327,'','','','Skolgränd 639',NULL,NULL,NULL,'2021-12-12 23:40:56','delete'),(328,'','','','Industritorget 4',NULL,NULL,NULL,'2021-12-12 23:40:56','delete'),(329,'','','','Furuvägen 31',NULL,NULL,NULL,'2021-12-12 23:40:56','delete'),(330,'','','','Aspgatan 0',NULL,NULL,NULL,'2021-12-12 23:40:56','delete'),(331,'','','','Kyrkogränd 9',NULL,NULL,NULL,'2021-12-12 23:40:56','delete'),(332,'','','','Backstigen 586',NULL,NULL,NULL,'2021-12-12 23:40:56','delete'),(333,'','','','Bäckvägen 411',NULL,NULL,NULL,'2021-12-12 23:40:56','delete'),(334,'','','','Industrivägen 10',NULL,NULL,NULL,'2021-12-12 23:40:56','delete'),(335,'','','','Idrottstorget 6',NULL,NULL,NULL,'2021-12-12 23:40:56','delete'),(336,'','','','Järnvägsvägen 7',NULL,NULL,NULL,'2021-12-12 23:40:56','delete'),(337,'','','','Villavägen 4',NULL,NULL,NULL,'2021-12-12 23:40:56','delete'),(338,'','','','Idrottsgatan 145',NULL,NULL,NULL,'2021-12-12 23:40:56','delete'),(339,'','','','Parkgatan 6',NULL,NULL,NULL,'2021-12-12 23:40:56','delete'),(340,'','','','Ekgränd 0',NULL,NULL,NULL,'2021-12-12 23:40:56','delete'),(341,'','','','Skogsgatan 28',NULL,NULL,NULL,'2021-12-12 23:40:56','delete'),(342,'','','','Skogsvägen 62',NULL,NULL,NULL,'2021-12-12 23:40:56','delete'),(343,'','','','Furugatan 57',NULL,NULL,NULL,'2021-12-12 23:40:56','delete'),(344,'','','','Trädgårdsstigen 725',NULL,NULL,NULL,'2021-12-12 23:40:56','delete'),(345,'','','','Industrigränd 0',NULL,NULL,NULL,'2021-12-12 23:40:56','delete'),(346,'','','','Villagränd 662',NULL,NULL,NULL,'2021-12-12 23:40:56','delete'),(347,'','','','Kvarngatan 54',NULL,NULL,NULL,'2021-12-12 23:40:56','delete'),(348,'','','','Genvägen 39',NULL,NULL,NULL,'2021-12-12 23:40:56','delete'),(349,'','','','Parkgränd 4',NULL,NULL,NULL,'2021-12-12 23:40:56','delete'),(350,'','','','Furugränd 441',NULL,NULL,NULL,'2021-12-12 23:40:56','delete'),(351,'','','','Furutorget 31',NULL,NULL,NULL,'2021-12-12 23:40:56','delete'),(352,'','','','Åkertorget 2',NULL,NULL,NULL,'2021-12-12 23:40:56','delete'),(353,'','','','Gentorget 770',NULL,NULL,NULL,'2021-12-12 23:40:56','delete'),(354,'','','','Fabrikstorget 16',NULL,NULL,NULL,'2021-12-12 23:40:56','delete'),(355,'','','','Gentorget 645',NULL,NULL,NULL,'2021-12-12 23:40:56','delete'),(356,'','','','Grangatan 8',NULL,NULL,NULL,'2021-12-12 23:40:56','delete'),(357,'','','','Ekgatan 901',NULL,NULL,NULL,'2021-12-12 23:40:56','delete'),(358,'','','','Industrivägen 7',NULL,NULL,NULL,'2021-12-12 23:40:56','delete'),(359,'','','','Skolgatan 433',NULL,NULL,NULL,'2021-12-12 23:40:56','delete'),(360,'','','','Bäckgatan 0',NULL,NULL,NULL,'2021-12-12 23:40:56','delete'),(361,'','','','Ängsvägen 164',NULL,NULL,NULL,'2021-12-12 23:40:56','delete'),(362,'','','','Kyrkovägen 98',NULL,NULL,NULL,'2021-12-12 23:40:56','delete'),(363,'','','','Bäcktorget 514',NULL,NULL,NULL,'2021-12-12 23:40:56','delete'),(364,'','','','Åkervägen 8',NULL,NULL,NULL,'2021-12-12 23:40:56','delete'),(365,'','','','Kyrktorget 61',NULL,NULL,NULL,'2021-12-12 23:40:56','delete'),(366,'','','','Villagatan 219',NULL,NULL,NULL,'2021-12-12 23:40:56','delete'),(367,'','','','Fabriksgatan 637',NULL,NULL,NULL,'2021-12-12 23:40:56','delete'),(368,'','','','Björktorget 67',NULL,NULL,NULL,'2021-12-12 23:40:56','delete'),(369,'','','','Aspgatan 714',NULL,NULL,NULL,'2021-12-12 23:40:56','delete'),(370,'','','','Parkstigen 643',NULL,NULL,NULL,'2021-12-12 23:40:56','delete'),(371,'','','','Granvägen 3',NULL,NULL,NULL,'2021-12-12 23:40:56','delete'),(372,'','','','Åkerstigen 9',NULL,NULL,NULL,'2021-12-12 23:40:56','delete'),(373,'','','','Skolvägen 789',NULL,NULL,NULL,'2021-12-12 23:40:56','delete'),(374,'','','','Stationsgatan 577',NULL,NULL,NULL,'2021-12-12 23:40:56','delete'),(375,'','','','Industristigen 61',NULL,NULL,NULL,'2021-12-12 23:40:56','delete'),(376,'','','','Skolvägen 32',NULL,NULL,NULL,'2021-12-12 23:40:56','delete'),(377,'','','','Ringgatan 8',NULL,NULL,NULL,'2021-12-12 23:40:56','delete'),(378,'','','','Skogsvägen 1',NULL,NULL,NULL,'2021-12-12 23:40:56','delete'),(379,'','','','Björkgränd 32',NULL,NULL,NULL,'2021-12-12 23:40:56','delete'),(380,'','','','Fabriksgatan 3',NULL,NULL,NULL,'2021-12-12 23:40:56','delete'),(381,'','','','Parkstigen 87',NULL,NULL,NULL,'2021-12-12 23:40:56','delete'),(382,'','','','Furuvägen 72',NULL,NULL,NULL,'2021-12-12 23:40:56','delete'),(383,'','','','Stationsstigen 8',NULL,NULL,NULL,'2021-12-12 23:40:56','delete'),(384,'','','','Skogsgatan 0',NULL,NULL,NULL,'2021-12-12 23:40:56','delete'),(385,'','','','Industrigatan 23',NULL,NULL,NULL,'2021-12-12 23:40:56','delete'),(386,'','','','Strandgränd 79',NULL,NULL,NULL,'2021-12-12 23:40:56','delete'),(387,'','','','Grangatan 9',NULL,NULL,NULL,'2021-12-12 23:40:56','delete'),(388,'','','','Villastigen 1',NULL,NULL,NULL,'2021-12-12 23:40:56','delete'),(389,'','','','Strandvägen 56',NULL,NULL,NULL,'2021-12-12 23:40:56','delete'),(390,'','','','Skolvägen 826',NULL,NULL,NULL,'2021-12-12 23:40:56','delete'),(391,'','','','Parkgatan 94',NULL,NULL,NULL,'2021-12-12 23:40:56','delete'),(392,'','','','Backvägen 7',NULL,NULL,NULL,'2021-12-12 23:40:56','delete'),(393,'','','','Järnvägsvägen 5',NULL,NULL,NULL,'2021-12-12 23:40:56','delete'),(394,'','','','Ekvägen 6',NULL,NULL,NULL,'2021-12-12 23:40:56','delete'),(395,'','','','Åkergränd 9',NULL,NULL,NULL,'2021-12-12 23:40:56','delete'),(396,'','','','Trädgårdsvägen 79',NULL,NULL,NULL,'2021-12-12 23:40:56','delete'),(397,'','','','Ängsvägen 88',NULL,NULL,NULL,'2021-12-12 23:40:56','delete'),(398,'','','','Parkstigen 330',NULL,NULL,NULL,'2021-12-12 23:40:56','delete'),(399,'','','','Kyrkgränd 74',NULL,NULL,NULL,'2021-12-12 23:40:56','delete'),(400,'','','','Nyvägen 1',NULL,NULL,NULL,'2021-12-12 23:40:56','delete'),(401,'','','','Skolgatan 1',NULL,NULL,NULL,'2021-12-12 23:40:56','delete'),(402,'','','','Fabriksvägen 305',NULL,NULL,NULL,'2021-12-12 23:40:56','delete'),(403,'','','','Kvarnvägen 32',NULL,NULL,NULL,'2021-12-12 23:40:56','delete'),(404,'','','','Parkstigen 5',NULL,NULL,NULL,'2021-12-12 23:40:56','delete'),(405,'','','','Björkvägen 43',NULL,NULL,NULL,'2021-12-12 23:40:56','delete'),(406,'','','','Stationsvägen 4',NULL,NULL,NULL,'2021-12-12 23:40:56','delete'),(407,'','','','Åkergatan 373',NULL,NULL,NULL,'2021-12-12 23:40:56','delete'),(408,'','','','Bäckgatan 656',NULL,NULL,NULL,'2021-12-12 23:40:56','delete'),(409,'','','','Grangränd 6',NULL,NULL,NULL,'2021-12-12 23:40:56','delete'),(410,'','','',NULL,NULL,NULL,NULL,'2021-12-12 23:41:01','insert'),(411,'','','',NULL,'27730',NULL,NULL,'2021-12-12 23:41:01','insert'),(412,'','','',NULL,'76549',NULL,NULL,'2021-12-12 23:41:01','insert'),(413,'','','',NULL,'79678',NULL,NULL,'2021-12-12 23:41:01','insert'),(414,'','','',NULL,NULL,NULL,NULL,'2021-12-12 23:41:01','delete'),(415,'','','','Skogstorget 9',NULL,NULL,NULL,'2021-12-12 23:41:01','delete'),(416,'','','','Skolvägen 993',NULL,NULL,NULL,'2021-12-12 23:41:01','delete'),(417,'','','','Strandstigen 64',NULL,NULL,NULL,'2021-12-12 23:41:01','delete'),(418,'','','',NULL,NULL,NULL,NULL,'2021-12-12 23:41:01','insert'),(419,'','','',NULL,'34422',NULL,NULL,'2021-12-12 23:41:01','insert'),(420,'','','',NULL,'74998',NULL,NULL,'2021-12-12 23:41:01','insert'),(421,'','','',NULL,'14578',NULL,NULL,'2021-12-12 23:41:01','insert'),(422,'','','',NULL,NULL,NULL,NULL,'2021-12-12 23:41:01','delete'),(423,'','','','Kyrkgatan 904',NULL,NULL,NULL,'2021-12-12 23:41:01','delete'),(424,'','','','Åkertorget 6',NULL,NULL,NULL,'2021-12-12 23:41:01','delete'),(425,'','','','Ekgatan 9',NULL,NULL,NULL,'2021-12-12 23:41:01','delete'),(426,'','','',NULL,NULL,NULL,NULL,'2021-12-12 23:41:01','insert'),(427,'','','',NULL,'21440',NULL,NULL,'2021-12-12 23:41:01','insert'),(428,'','','',NULL,'53054',NULL,NULL,'2021-12-12 23:41:01','insert'),(429,'','','',NULL,'15814',NULL,NULL,'2021-12-12 23:41:01','insert'),(430,'','','',NULL,NULL,NULL,NULL,'2021-12-12 23:41:01','delete'),(431,'','','','Ekgatan 95',NULL,NULL,NULL,'2021-12-12 23:41:01','delete'),(432,'','','','Stationstorget 95',NULL,NULL,NULL,'2021-12-12 23:41:01','delete'),(433,'','','','Idrottstorget 2',NULL,NULL,NULL,'2021-12-12 23:41:01','delete'),(434,'','','',NULL,NULL,NULL,NULL,'2021-12-12 23:41:01','insert'),(435,'','','',NULL,'88302',NULL,NULL,'2021-12-12 23:41:01','insert'),(436,'','','',NULL,NULL,NULL,NULL,'2021-12-12 23:41:01','delete'),(437,'','','','Järnvägsvägen 11',NULL,NULL,NULL,'2021-12-12 23:41:01','delete'),(438,'','','',NULL,NULL,NULL,NULL,'2021-12-12 23:41:01','insert'),(439,'','','',NULL,'23111',NULL,NULL,'2021-12-12 23:41:01','insert'),(440,'','','',NULL,NULL,NULL,NULL,'2021-12-12 23:41:01','delete'),(441,'','','','Trädgårdsgatan 914',NULL,NULL,NULL,'2021-12-12 23:41:01','delete'),(442,'','','',NULL,NULL,NULL,NULL,'2021-12-12 23:41:01','insert'),(443,'','','',NULL,'77572',NULL,NULL,'2021-12-12 23:41:01','insert'),(444,'','','',NULL,NULL,NULL,NULL,'2021-12-12 23:41:01','delete'),(445,'','','','Trädgårdsgränd 335',NULL,NULL,NULL,'2021-12-12 23:41:01','delete'),(446,'','','',NULL,'87346',NULL,NULL,'2021-12-12 23:41:01','insert'),(447,'','','','Trädgårdsgatan 2',NULL,NULL,NULL,'2021-12-12 23:41:01','delete'),(448,'','','',NULL,'87568',NULL,NULL,'2021-12-12 23:41:26','insert'),(449,'','','','Granvägen 5',NULL,NULL,NULL,'2021-12-12 23:41:26','delete'),(450,'','','',NULL,'75191',NULL,NULL,'2021-12-12 23:41:26','insert'),(451,'','','','Strandgränd 22',NULL,NULL,NULL,'2021-12-12 23:41:27','delete'),(452,'','','',NULL,'44369',NULL,NULL,'2021-12-12 23:41:27','insert'),(453,'','','','Parkgatan 97',NULL,NULL,NULL,'2021-12-12 23:41:27','delete'),(454,'','','',NULL,'22372',NULL,NULL,'2021-12-12 23:41:27','insert'),(455,'','','','Stationsstigen 34',NULL,NULL,NULL,'2021-12-12 23:41:27','delete'),(456,'','','',NULL,'27289',NULL,NULL,'2021-12-12 23:47:15','insert'),(457,'','','','Aspstigen 9',NULL,NULL,NULL,'2021-12-12 23:47:15','delete'),(458,'','','',NULL,'37216',NULL,NULL,'2021-12-12 23:47:16','insert'),(459,'','','','Kyrkgatan 0','37216',NULL,NULL,'2021-12-12 23:47:16','update'),(460,'','','','Kyrkgatan 0',NULL,NULL,NULL,'2021-12-12 23:47:16','delete'),(461,'','','',NULL,NULL,NULL,NULL,'2021-12-12 23:47:16','insert'),(462,'','','',NULL,'87517',NULL,NULL,'2021-12-12 23:47:16','insert'),(463,'','','',NULL,'30053',NULL,NULL,'2021-12-12 23:47:16','insert'),(464,'','','',NULL,'99818',NULL,NULL,'2021-12-12 23:47:16','insert'),(465,'','','',NULL,'22372',NULL,NULL,'2021-12-12 23:47:16','insert'),(466,'','','',NULL,'18725',NULL,NULL,'2021-12-12 23:47:16','insert'),(467,'','','',NULL,'56556',NULL,NULL,'2021-12-12 23:47:16','insert'),(468,'','','',NULL,'74608',NULL,NULL,'2021-12-12 23:47:16','insert'),(469,'','','',NULL,'82815',NULL,NULL,'2021-12-12 23:47:16','insert'),(470,'','','',NULL,'69685',NULL,NULL,'2021-12-12 23:47:16','insert'),(471,'','','',NULL,'77647',NULL,NULL,'2021-12-12 23:47:17','insert'),(472,'','','',NULL,'71938',NULL,NULL,'2021-12-12 23:47:17','insert'),(473,'','','',NULL,'57423',NULL,NULL,'2021-12-12 23:47:17','insert'),(474,'','','',NULL,'41662',NULL,NULL,'2021-12-12 23:47:17','insert'),(475,'','','',NULL,'56637',NULL,NULL,'2021-12-12 23:47:17','insert'),(476,'','','',NULL,'92170',NULL,NULL,'2021-12-12 23:47:17','insert'),(477,'','','',NULL,'85658',NULL,NULL,'2021-12-12 23:47:17','insert'),(478,'','','',NULL,'42328',NULL,NULL,'2021-12-12 23:47:17','insert'),(479,'','','',NULL,'42423',NULL,NULL,'2021-12-12 23:47:17','insert'),(480,'','','',NULL,'71627',NULL,NULL,'2021-12-12 23:47:17','insert'),(481,'','','',NULL,'14839',NULL,NULL,'2021-12-12 23:47:17','insert'),(482,'','','',NULL,'27729',NULL,NULL,'2021-12-12 23:47:17','insert'),(483,'','','',NULL,'65525',NULL,NULL,'2021-12-12 23:47:17','insert'),(484,'','','',NULL,'37287',NULL,NULL,'2021-12-12 23:47:17','insert'),(485,'','','',NULL,'95591',NULL,NULL,'2021-12-12 23:47:17','insert'),(486,'','','',NULL,'52295',NULL,NULL,'2021-12-12 23:47:17','insert'),(487,'','','',NULL,'96055',NULL,NULL,'2021-12-12 23:47:17','insert'),(488,'','','',NULL,'55225',NULL,NULL,'2021-12-12 23:47:17','insert'),(489,'','','',NULL,'68249',NULL,NULL,'2021-12-12 23:47:17','insert'),(490,'','','',NULL,'20421',NULL,NULL,'2021-12-12 23:47:17','insert'),(491,'','','',NULL,'80818',NULL,NULL,'2021-12-12 23:47:17','insert'),(492,'','','',NULL,'82372',NULL,NULL,'2021-12-12 23:47:17','insert'),(493,'','','',NULL,'76055',NULL,NULL,'2021-12-12 23:47:17','insert'),(494,'','','',NULL,'16885',NULL,NULL,'2021-12-12 23:47:17','insert'),(495,'','','',NULL,'43072',NULL,NULL,'2021-12-12 23:47:17','insert'),(496,'','','',NULL,'66232',NULL,NULL,'2021-12-12 23:47:17','insert'),(497,'','','',NULL,'23273',NULL,NULL,'2021-12-12 23:47:17','insert'),(498,'','','',NULL,'65070',NULL,NULL,'2021-12-12 23:47:17','insert'),(499,'','','',NULL,'92815',NULL,NULL,'2021-12-12 23:47:17','insert'),(500,'','','',NULL,'89051',NULL,NULL,'2021-12-12 23:47:17','insert'),(501,'','','',NULL,'72965',NULL,NULL,'2021-12-12 23:47:17','insert'),(502,'','','',NULL,'90862',NULL,NULL,'2021-12-12 23:47:17','insert'),(503,'','','',NULL,'45429',NULL,NULL,'2021-12-12 23:47:17','insert'),(504,'','','',NULL,'24087',NULL,NULL,'2021-12-12 23:47:17','insert'),(505,'','','',NULL,'72265',NULL,NULL,'2021-12-12 23:47:17','insert'),(506,'','','',NULL,'86694',NULL,NULL,'2021-12-12 23:47:17','insert'),(507,'','','',NULL,'78207',NULL,NULL,'2021-12-12 23:47:17','insert'),(508,'','','',NULL,'78492',NULL,NULL,'2021-12-12 23:47:17','insert'),(509,'','','',NULL,'63491',NULL,NULL,'2021-12-12 23:47:17','insert'),(510,'','','',NULL,'51891',NULL,NULL,'2021-12-12 23:47:17','insert'),(511,'','','',NULL,'70389',NULL,NULL,'2021-12-12 23:47:17','insert'),(512,'','','',NULL,'63833',NULL,NULL,'2021-12-12 23:47:17','insert'),(513,'','','',NULL,'94369',NULL,NULL,'2021-12-12 23:47:17','insert'),(514,'','','',NULL,'90446',NULL,NULL,'2021-12-12 23:47:17','insert'),(515,'','','',NULL,'58509',NULL,NULL,'2021-12-12 23:47:17','insert'),(516,'','','',NULL,'33111',NULL,NULL,'2021-12-12 23:47:17','insert'),(517,'','','',NULL,'53066',NULL,NULL,'2021-12-12 23:47:17','insert'),(518,'','','',NULL,'90751',NULL,NULL,'2021-12-12 23:47:17','insert'),(519,'','','',NULL,'95394',NULL,NULL,'2021-12-12 23:47:17','insert'),(520,'','','',NULL,'53942',NULL,NULL,'2021-12-12 23:47:17','insert'),(521,'','','',NULL,'58537',NULL,NULL,'2021-12-12 23:47:17','insert'),(522,'','','',NULL,'65371',NULL,NULL,'2021-12-12 23:47:17','insert'),(523,'','','',NULL,'16604',NULL,NULL,'2021-12-12 23:47:17','insert'),(524,'','','',NULL,'99882',NULL,NULL,'2021-12-12 23:47:17','insert'),(525,'','','',NULL,'80731',NULL,NULL,'2021-12-12 23:47:17','insert'),(526,'','','',NULL,'64216',NULL,NULL,'2021-12-12 23:47:17','insert'),(527,'','','',NULL,'84836',NULL,NULL,'2021-12-12 23:47:17','insert'),(528,'','','',NULL,'70576',NULL,NULL,'2021-12-12 23:47:17','insert'),(529,'','','',NULL,'89134',NULL,NULL,'2021-12-12 23:47:17','insert'),(530,'','','',NULL,'62031',NULL,NULL,'2021-12-12 23:47:17','insert'),(531,'','','',NULL,'27037',NULL,NULL,'2021-12-12 23:47:17','insert'),(532,'','','',NULL,'30453',NULL,NULL,'2021-12-12 23:47:17','insert'),(533,'','','',NULL,'61624',NULL,NULL,'2021-12-12 23:47:17','insert'),(534,'','','',NULL,'70547',NULL,NULL,'2021-12-12 23:47:17','insert'),(535,'','','',NULL,'34369',NULL,NULL,'2021-12-12 23:47:17','insert'),(536,'','','',NULL,'96710',NULL,NULL,'2021-12-12 23:47:17','insert'),(537,'','','',NULL,'61438',NULL,NULL,'2021-12-12 23:47:17','insert'),(538,'','','',NULL,'86509',NULL,NULL,'2021-12-12 23:47:17','insert'),(539,'','','',NULL,'73284',NULL,NULL,'2021-12-12 23:47:17','insert'),(540,'','','',NULL,'12938',NULL,NULL,'2021-12-12 23:47:17','insert'),(541,'','','',NULL,'78103',NULL,NULL,'2021-12-12 23:47:17','insert'),(542,'','','',NULL,'48274',NULL,NULL,'2021-12-12 23:47:17','insert'),(543,'','','',NULL,'12251',NULL,NULL,'2021-12-12 23:47:17','insert'),(544,'','','',NULL,'46967',NULL,NULL,'2021-12-12 23:47:17','insert'),(545,'','','',NULL,'65100',NULL,NULL,'2021-12-12 23:47:17','insert'),(546,'','','',NULL,'76485',NULL,NULL,'2021-12-12 23:47:17','insert'),(547,'','','',NULL,'85820',NULL,NULL,'2021-12-12 23:47:17','insert'),(548,'','','',NULL,'49466',NULL,NULL,'2021-12-12 23:47:17','insert'),(549,'','','',NULL,'10733',NULL,NULL,'2021-12-12 23:47:17','insert'),(550,'','','',NULL,'63244',NULL,NULL,'2021-12-12 23:47:17','insert'),(551,'','','',NULL,'31241',NULL,NULL,'2021-12-12 23:47:17','insert'),(552,'','','',NULL,'52568',NULL,NULL,'2021-12-12 23:47:17','insert'),(553,'','','',NULL,'35544',NULL,NULL,'2021-12-12 23:47:17','insert'),(554,'','','',NULL,'22024',NULL,NULL,'2021-12-12 23:47:17','insert'),(555,'','','',NULL,'10545',NULL,NULL,'2021-12-12 23:47:17','insert'),(556,'','','',NULL,'56569',NULL,NULL,'2021-12-12 23:47:17','insert'),(557,'','','',NULL,'90769',NULL,NULL,'2021-12-12 23:47:17','insert'),(558,'','','',NULL,'88432',NULL,NULL,'2021-12-12 23:47:17','insert'),(559,'','','',NULL,'80905',NULL,NULL,'2021-12-12 23:47:17','insert'),(560,'','','',NULL,'74143',NULL,NULL,'2021-12-12 23:47:17','insert'),(561,'','','',NULL,'45537',NULL,NULL,'2021-12-12 23:47:17','insert'),(562,'','','',NULL,NULL,NULL,NULL,'2021-12-12 23:47:19','delete'),(563,'','','','Järnvägsgatan 3',NULL,NULL,NULL,'2021-12-12 23:47:19','delete'),(564,'','','','Järnvägsstigen 9',NULL,NULL,NULL,'2021-12-12 23:47:19','delete'),(565,'','','','Björkgränd 810',NULL,NULL,NULL,'2021-12-12 23:47:19','delete'),(566,'','','','Åkergatan 3',NULL,NULL,NULL,'2021-12-12 23:47:19','delete'),(567,'','','','Ekgatan 87',NULL,NULL,NULL,'2021-12-12 23:47:19','delete'),(568,'','','','Kyrkstigen 5',NULL,NULL,NULL,'2021-12-12 23:47:19','delete'),(569,'','','','Skogsvägen 1',NULL,NULL,NULL,'2021-12-12 23:47:19','delete'),(570,'','','','Skolvägen 90',NULL,NULL,NULL,'2021-12-12 23:47:19','delete'),(571,'','','','Industrigatan 345',NULL,NULL,NULL,'2021-12-12 23:47:19','delete'),(572,'','','','Strandstigen 800',NULL,NULL,NULL,'2021-12-12 23:47:19','delete'),(573,'','','','Aspgatan 5',NULL,NULL,NULL,'2021-12-12 23:47:19','delete'),(574,'','','','Strandstigen 6',NULL,NULL,NULL,'2021-12-12 23:47:19','delete'),(575,'','','','Fabriksgatan 165',NULL,NULL,NULL,'2021-12-12 23:47:19','delete'),(576,'','','','Backvägen 4',NULL,NULL,NULL,'2021-12-12 23:47:19','delete'),(577,'','','','Stationsvägen 99',NULL,NULL,NULL,'2021-12-12 23:47:19','delete'),(578,'','','','Kyrkgatan 2',NULL,NULL,NULL,'2021-12-12 23:47:19','delete'),(579,'','','','Industritorget 598',NULL,NULL,NULL,'2021-12-12 23:47:19','delete'),(580,'','','','Ängsstigen 3',NULL,NULL,NULL,'2021-12-12 23:47:19','delete'),(581,'','','','Grangatan 550',NULL,NULL,NULL,'2021-12-12 23:47:19','delete'),(582,'','','','Skogsvägen 0',NULL,NULL,NULL,'2021-12-12 23:47:19','delete'),(583,'','','','Fabriksgränd 9',NULL,NULL,NULL,'2021-12-12 23:47:19','delete'),(584,'','','','Parkstigen 683',NULL,NULL,NULL,'2021-12-12 23:47:19','delete'),(585,'','','','Nyvägen 99',NULL,NULL,NULL,'2021-12-12 23:47:19','delete'),(586,'','','','Furugatan 917',NULL,NULL,NULL,'2021-12-12 23:47:19','delete'),(587,'','','','Ängsgatan 5',NULL,NULL,NULL,'2021-12-12 23:47:19','delete'),(588,'','','','Kvarntorget 12',NULL,NULL,NULL,'2021-12-12 23:47:19','delete'),(589,'','','','Kyrkogränd 7',NULL,NULL,NULL,'2021-12-12 23:47:19','delete'),(590,'','','','Skoltorget 86',NULL,NULL,NULL,'2021-12-12 23:47:19','delete'),(591,'','','','Björkvägen 62',NULL,NULL,NULL,'2021-12-12 23:47:19','delete'),(592,'','','','Bäckstigen 9',NULL,NULL,NULL,'2021-12-12 23:47:19','delete'),(593,'','','','Fabriksvägen 36',NULL,NULL,NULL,'2021-12-12 23:47:19','delete'),(594,'','','','Björkgränd 9',NULL,NULL,NULL,'2021-12-12 23:47:19','delete'),(595,'','','','Ringgränd 717',NULL,NULL,NULL,'2021-12-12 23:47:19','delete'),(596,'','','','Industrivägen 67',NULL,NULL,NULL,'2021-12-12 23:47:19','delete'),(597,'','','','Industrivägen 373',NULL,NULL,NULL,'2021-12-12 23:47:19','delete'),(598,'','','','Aspgatan 60',NULL,NULL,NULL,'2021-12-12 23:47:19','delete'),(599,'','','','Nytorget 9',NULL,NULL,NULL,'2021-12-12 23:47:19','delete'),(600,'','','','Fabrikstorget 94',NULL,NULL,NULL,'2021-12-12 23:47:19','delete'),(601,'','','','Parkstigen 210',NULL,NULL,NULL,'2021-12-12 23:47:19','delete'),(602,'','','','Kvarnvägen 9',NULL,NULL,NULL,'2021-12-12 23:47:19','delete'),(603,'','','','Parkstigen 178',NULL,NULL,NULL,'2021-12-12 23:47:19','delete'),(604,'','','','Ängsgatan 3',NULL,NULL,NULL,'2021-12-12 23:47:19','delete'),(605,'','','','Industrigränd 17',NULL,NULL,NULL,'2021-12-12 23:47:19','delete'),(606,'','','','Aspgränd 2',NULL,NULL,NULL,'2021-12-12 23:47:19','delete'),(607,'','','','Kyrkovägen 497',NULL,NULL,NULL,'2021-12-12 23:47:19','delete'),(608,'','','','Industrigatan 25',NULL,NULL,NULL,'2021-12-12 23:47:19','delete'),(609,'','','','Kyrkvägen 568',NULL,NULL,NULL,'2021-12-12 23:47:19','delete'),(610,'','','','Stationstorget 564',NULL,NULL,NULL,'2021-12-12 23:47:19','delete'),(611,'','','','Skoltorget 477',NULL,NULL,NULL,'2021-12-12 23:47:19','delete'),(612,'','','','Ekgränd 974',NULL,NULL,NULL,'2021-12-12 23:47:19','delete'),(613,'','','','Parkgatan 12',NULL,NULL,NULL,'2021-12-12 23:47:19','delete'),(614,'','','','Skogsgatan 9',NULL,NULL,NULL,'2021-12-12 23:47:19','delete'),(615,'','','','Industrigatan 8',NULL,NULL,NULL,'2021-12-12 23:47:19','delete'),(616,'','','','Industrivägen 1',NULL,NULL,NULL,'2021-12-12 23:47:19','delete'),(617,'','','','Järnvägsgatan 60',NULL,NULL,NULL,'2021-12-12 23:47:19','delete'),(618,'','','','Skolgatan 675',NULL,NULL,NULL,'2021-12-12 23:47:19','delete'),(619,'','','','Parkgatan 53',NULL,NULL,NULL,'2021-12-12 23:47:19','delete'),(620,'','','','Industrivägen 98',NULL,NULL,NULL,'2021-12-12 23:47:19','delete'),(621,'','','','Parkstigen 26',NULL,NULL,NULL,'2021-12-12 23:47:19','delete'),(622,'','','','Skogsgatan 63',NULL,NULL,NULL,'2021-12-12 23:47:19','delete'),(623,'','','','Kyrkvägen 5',NULL,NULL,NULL,'2021-12-12 23:47:19','delete'),(624,'','','','Parkvägen 5',NULL,NULL,NULL,'2021-12-12 23:47:19','delete'),(625,'','','','Aspstigen 698',NULL,NULL,NULL,'2021-12-12 23:47:19','delete'),(626,'','','','Industristigen 0',NULL,NULL,NULL,'2021-12-12 23:47:19','delete'),(627,'','','','Industristigen 0',NULL,NULL,NULL,'2021-12-12 23:47:19','delete'),(628,'','','','Industrivägen 5',NULL,NULL,NULL,'2021-12-12 23:47:19','delete'),(629,'','','','Åkergatan 32',NULL,NULL,NULL,'2021-12-12 23:47:19','delete'),(630,'','','','Idrottsgränd 993',NULL,NULL,NULL,'2021-12-12 23:47:19','delete'),(631,'','','','Ängstorget 20',NULL,NULL,NULL,'2021-12-12 23:47:19','delete'),(632,'','','','Bäckgatan 73',NULL,NULL,NULL,'2021-12-12 23:47:19','delete'),(633,'','','','Stationsgränd 7',NULL,NULL,NULL,'2021-12-12 23:47:19','delete'),(634,'','','','Skolvägen 299',NULL,NULL,NULL,'2021-12-12 23:47:19','delete'),(635,'','','','Kvarngränd 714',NULL,NULL,NULL,'2021-12-12 23:47:19','delete'),(636,'','','','Bäckvägen 68',NULL,NULL,NULL,'2021-12-12 23:47:19','delete'),(637,'','','','Bäcktorget 7',NULL,NULL,NULL,'2021-12-12 23:47:19','delete'),(638,'','','','Industrivägen 885',NULL,NULL,NULL,'2021-12-12 23:47:19','delete'),(639,'','','','Industrivägen 7',NULL,NULL,NULL,'2021-12-12 23:47:19','delete'),(640,'','','','Gengatan 338',NULL,NULL,NULL,'2021-12-12 23:47:19','delete'),(641,'','','','Backvägen 64',NULL,NULL,NULL,'2021-12-12 23:47:19','delete'),(642,'','','','Industrivägen 9',NULL,NULL,NULL,'2021-12-12 23:47:19','delete'),(643,'','','','Backgatan 396',NULL,NULL,NULL,'2021-12-12 23:47:19','delete'),(644,'','','','Skolvägen 263',NULL,NULL,NULL,'2021-12-12 23:47:19','delete'),(645,'','','','Strandgatan 7',NULL,NULL,NULL,'2021-12-12 23:47:19','delete'),(646,'','','','Ängsgränd 16',NULL,NULL,NULL,'2021-12-12 23:47:19','delete'),(647,'','','','Villagatan 23',NULL,NULL,NULL,'2021-12-12 23:47:19','delete'),(648,'','','','Industrigatan 6',NULL,NULL,NULL,'2021-12-12 23:47:19','delete'),(649,'','','','Fabriksstigen 99',NULL,NULL,NULL,'2021-12-12 23:47:19','delete'),(650,'','','','Björkgatan 7',NULL,NULL,NULL,'2021-12-12 23:47:19','delete'),(651,'','','','Villastigen 4',NULL,NULL,NULL,'2021-12-12 23:47:19','delete'),(652,'','','','Järnvägsgränd 990',NULL,NULL,NULL,'2021-12-12 23:47:19','delete'),(653,'','','','Furustigen 228',NULL,NULL,NULL,'2021-12-12 23:47:19','delete'),(654,'','','','Backstigen 660',NULL,NULL,NULL,'2021-12-12 23:47:19','delete'),(655,'','','','Strandgränd 2',NULL,NULL,NULL,'2021-12-12 23:47:19','delete'),(656,'','','','Kvarntorget 25',NULL,NULL,NULL,'2021-12-12 23:47:19','delete'),(657,'','','','Villagränd 15',NULL,NULL,NULL,'2021-12-12 23:47:19','delete'),(658,'','','','Nygatan 7',NULL,NULL,NULL,'2021-12-12 23:47:19','delete'),(659,'','','','Åkergatan 6',NULL,NULL,NULL,'2021-12-12 23:47:19','delete'),(660,'','','','Idrottsgatan 28',NULL,NULL,NULL,'2021-12-12 23:47:19','delete'),(661,'','','','Skolstigen 629',NULL,NULL,NULL,'2021-12-12 23:47:19','delete'),(662,'','','','Ringvägen 132',NULL,NULL,NULL,'2021-12-12 23:47:19','delete'),(663,'','','',NULL,NULL,NULL,NULL,'2021-12-12 23:47:20','insert'),(664,'','','',NULL,'79522',NULL,NULL,'2021-12-12 23:47:20','insert'),(665,'','','',NULL,'42681',NULL,NULL,'2021-12-12 23:47:20','insert'),(666,'','','',NULL,'46004',NULL,NULL,'2021-12-12 23:47:20','insert'),(667,'','','',NULL,'45974',NULL,NULL,'2021-12-12 23:47:20','insert'),(668,'','','',NULL,'55067',NULL,NULL,'2021-12-12 23:47:20','insert'),(669,'','','',NULL,'18958',NULL,NULL,'2021-12-12 23:47:20','insert'),(670,'','','',NULL,'47821',NULL,NULL,'2021-12-12 23:47:20','insert'),(671,'','','',NULL,'69479',NULL,NULL,'2021-12-12 23:47:20','insert'),(672,'','','',NULL,'63342',NULL,NULL,'2021-12-12 23:47:20','insert'),(673,'','','',NULL,'17394',NULL,NULL,'2021-12-12 23:47:20','insert'),(674,'','','',NULL,'97542',NULL,NULL,'2021-12-12 23:47:20','insert'),(675,'','','',NULL,'63019',NULL,NULL,'2021-12-12 23:47:20','insert'),(676,'','','',NULL,'69367',NULL,NULL,'2021-12-12 23:47:20','insert'),(677,'','','',NULL,'28641',NULL,NULL,'2021-12-12 23:47:20','insert'),(678,'','','',NULL,'22034',NULL,NULL,'2021-12-12 23:47:20','insert'),(679,'','','',NULL,'27220',NULL,NULL,'2021-12-12 23:47:20','insert'),(680,'','','',NULL,'52551',NULL,NULL,'2021-12-12 23:47:20','insert'),(681,'','','',NULL,'54483',NULL,NULL,'2021-12-12 23:47:20','insert'),(682,'','','',NULL,'93159',NULL,NULL,'2021-12-12 23:47:20','insert'),(683,'','','',NULL,'26321',NULL,NULL,'2021-12-12 23:47:20','insert'),(684,'','','',NULL,'98935',NULL,NULL,'2021-12-12 23:47:20','insert'),(685,'','','',NULL,'86610',NULL,NULL,'2021-12-12 23:47:20','insert'),(686,'','','',NULL,'27357',NULL,NULL,'2021-12-12 23:47:21','insert'),(687,'','','',NULL,'41580',NULL,NULL,'2021-12-12 23:47:21','insert'),(688,'','','',NULL,'32992',NULL,NULL,'2021-12-12 23:47:21','insert'),(689,'','','',NULL,'99623',NULL,NULL,'2021-12-12 23:47:21','insert'),(690,'','','',NULL,'97719',NULL,NULL,'2021-12-12 23:47:21','insert'),(691,'','','',NULL,'17652',NULL,NULL,'2021-12-12 23:47:21','insert'),(692,'','','',NULL,'57443',NULL,NULL,'2021-12-12 23:47:21','insert'),(693,'','','',NULL,'31121',NULL,NULL,'2021-12-12 23:47:21','insert'),(694,'','','',NULL,'90515',NULL,NULL,'2021-12-12 23:47:21','insert'),(695,'','','',NULL,'21767',NULL,NULL,'2021-12-12 23:47:21','insert'),(696,'','','',NULL,'41825',NULL,NULL,'2021-12-12 23:47:21','insert'),(697,'','','',NULL,'92006',NULL,NULL,'2021-12-12 23:47:21','insert'),(698,'','','',NULL,'27509',NULL,NULL,'2021-12-12 23:47:21','insert'),(699,'','','',NULL,'60015',NULL,NULL,'2021-12-12 23:47:21','insert'),(700,'','','',NULL,'92150',NULL,NULL,'2021-12-12 23:47:21','insert'),(701,'','','',NULL,'93888',NULL,NULL,'2021-12-12 23:47:21','insert'),(702,'','','',NULL,'18899',NULL,NULL,'2021-12-12 23:47:21','insert'),(703,'','','',NULL,'50108',NULL,NULL,'2021-12-12 23:47:21','insert'),(704,'','','',NULL,'85441',NULL,NULL,'2021-12-12 23:47:21','insert'),(705,'','','',NULL,'76267',NULL,NULL,'2021-12-12 23:47:21','insert'),(706,'','','',NULL,'34268',NULL,NULL,'2021-12-12 23:47:21','insert'),(707,'','','',NULL,'69790',NULL,NULL,'2021-12-12 23:47:21','insert'),(708,'','','',NULL,'35550',NULL,NULL,'2021-12-12 23:47:21','insert'),(709,'','','',NULL,'41080',NULL,NULL,'2021-12-12 23:47:21','insert'),(710,'','','',NULL,'55861',NULL,NULL,'2021-12-12 23:47:21','insert'),(711,'','','',NULL,'51667',NULL,NULL,'2021-12-12 23:47:21','insert'),(712,'','','',NULL,'25575',NULL,NULL,'2021-12-12 23:47:21','insert'),(713,'','','',NULL,'95578',NULL,NULL,'2021-12-12 23:47:21','insert'),(714,'','','',NULL,'92557',NULL,NULL,'2021-12-12 23:47:21','insert'),(715,'','','',NULL,'34328',NULL,NULL,'2021-12-12 23:47:21','insert'),(716,'','','',NULL,'94076',NULL,NULL,'2021-12-12 23:47:21','insert'),(717,'','','',NULL,'38615',NULL,NULL,'2021-12-12 23:47:21','insert'),(718,'','','',NULL,'42934',NULL,NULL,'2021-12-12 23:47:21','insert'),(719,'','','',NULL,'91298',NULL,NULL,'2021-12-12 23:47:21','insert'),(720,'','','',NULL,'73799',NULL,NULL,'2021-12-12 23:47:21','insert'),(721,'','','',NULL,'31243',NULL,NULL,'2021-12-12 23:47:21','insert'),(722,'','','',NULL,'71710',NULL,NULL,'2021-12-12 23:47:21','insert'),(723,'','','',NULL,'91790',NULL,NULL,'2021-12-12 23:47:21','insert'),(724,'','','',NULL,'81162',NULL,NULL,'2021-12-12 23:47:21','insert'),(725,'','','',NULL,'23530',NULL,NULL,'2021-12-12 23:47:21','insert'),(726,'','','',NULL,'78602',NULL,NULL,'2021-12-12 23:47:21','insert'),(727,'','','',NULL,'22951',NULL,NULL,'2021-12-12 23:47:21','insert'),(728,'','','',NULL,'43044',NULL,NULL,'2021-12-12 23:47:21','insert'),(729,'','','',NULL,'39357',NULL,NULL,'2021-12-12 23:47:21','insert'),(730,'','','',NULL,'52004',NULL,NULL,'2021-12-12 23:47:21','insert'),(731,'','','',NULL,'30710',NULL,NULL,'2021-12-12 23:47:21','insert'),(732,'','','',NULL,'21263',NULL,NULL,'2021-12-12 23:47:21','insert'),(733,'','','',NULL,'75167',NULL,NULL,'2021-12-12 23:47:21','insert'),(734,'','','',NULL,'33025',NULL,NULL,'2021-12-12 23:47:21','insert'),(735,'','','',NULL,'38252',NULL,NULL,'2021-12-12 23:47:21','insert'),(736,'','','',NULL,'71839',NULL,NULL,'2021-12-12 23:47:21','insert'),(737,'','','',NULL,'23073',NULL,NULL,'2021-12-12 23:47:21','insert'),(738,'','','',NULL,'34181',NULL,NULL,'2021-12-12 23:47:21','insert'),(739,'','','',NULL,'65420',NULL,NULL,'2021-12-12 23:47:21','insert'),(740,'','','',NULL,'92920',NULL,NULL,'2021-12-12 23:47:21','insert'),(741,'','','',NULL,'60358',NULL,NULL,'2021-12-12 23:47:21','insert'),(742,'','','',NULL,'27135',NULL,NULL,'2021-12-12 23:47:21','insert'),(743,'','','',NULL,'71307',NULL,NULL,'2021-12-12 23:47:21','insert'),(744,'','','',NULL,'47796',NULL,NULL,'2021-12-12 23:47:21','insert'),(745,'','','',NULL,'23676',NULL,NULL,'2021-12-12 23:47:21','insert'),(746,'','','',NULL,'54458',NULL,NULL,'2021-12-12 23:47:21','insert'),(747,'','','',NULL,'96592',NULL,NULL,'2021-12-12 23:47:21','insert'),(748,'','','',NULL,'41138',NULL,NULL,'2021-12-12 23:47:21','insert'),(749,'','','',NULL,'90030',NULL,NULL,'2021-12-12 23:47:21','insert'),(750,'','','',NULL,'94555',NULL,NULL,'2021-12-12 23:47:21','insert'),(751,'','','',NULL,'24782',NULL,NULL,'2021-12-12 23:47:21','insert'),(752,'','','',NULL,'50469',NULL,NULL,'2021-12-12 23:47:21','insert'),(753,'','','',NULL,'92570',NULL,NULL,'2021-12-12 23:47:21','insert'),(754,'','','',NULL,'95879',NULL,NULL,'2021-12-12 23:47:21','insert'),(755,'','','',NULL,'41854',NULL,NULL,'2021-12-12 23:47:21','insert'),(756,'','','',NULL,'73028',NULL,NULL,'2021-12-12 23:47:21','insert'),(757,'','','',NULL,'76019',NULL,NULL,'2021-12-12 23:47:21','insert'),(758,'','','',NULL,'50139',NULL,NULL,'2021-12-12 23:47:21','insert'),(759,'','','',NULL,'18052',NULL,NULL,'2021-12-12 23:47:21','insert'),(760,'','','',NULL,'16661',NULL,NULL,'2021-12-12 23:47:21','insert'),(761,'','','',NULL,'98386',NULL,NULL,'2021-12-12 23:47:21','insert'),(762,'','','',NULL,'57440',NULL,NULL,'2021-12-12 23:47:21','insert'),(763,'','','',NULL,'71310',NULL,NULL,'2021-12-12 23:47:21','insert'),(764,'','','',NULL,NULL,NULL,NULL,'2021-12-12 23:47:25','delete'),(765,'','','','Storgränd 31',NULL,NULL,NULL,'2021-12-12 23:47:25','delete'),(766,'','','','Parkgatan 14',NULL,NULL,NULL,'2021-12-12 23:47:25','delete'),(767,'','','','Parkgränd 699',NULL,NULL,NULL,'2021-12-12 23:47:25','delete'),(768,'','','','Idrottstorget 1',NULL,NULL,NULL,'2021-12-12 23:47:25','delete'),(769,'','','','Idrottsvägen 5',NULL,NULL,NULL,'2021-12-12 23:47:25','delete'),(770,'','','','Skogstorget 72',NULL,NULL,NULL,'2021-12-12 23:47:25','delete'),(771,'','','','Aspstigen 8',NULL,NULL,NULL,'2021-12-12 23:47:25','delete'),(772,'','','','Industritorget 738',NULL,NULL,NULL,'2021-12-12 23:47:25','delete'),(773,'','','','Fabriksvägen 47',NULL,NULL,NULL,'2021-12-12 23:47:25','delete'),(774,'','','','Granstigen 5',NULL,NULL,NULL,'2021-12-12 23:47:25','delete'),(775,'','','','Järnvägsstigen 53',NULL,NULL,NULL,'2021-12-12 23:47:25','delete'),(776,'','','','Parkvägen 237',NULL,NULL,NULL,'2021-12-12 23:47:25','delete'),(777,'','','','Skolstigen 7',NULL,NULL,NULL,'2021-12-12 23:47:25','delete'),(778,'','','','Kyrkgatan 8',NULL,NULL,NULL,'2021-12-12 23:47:25','delete'),(779,'','','','Granstigen 49',NULL,NULL,NULL,'2021-12-12 23:47:25','delete'),(780,'','','','Backstigen 5',NULL,NULL,NULL,'2021-12-12 23:47:25','delete'),(781,'','','','Kyrkgatan 8',NULL,NULL,NULL,'2021-12-12 23:47:25','delete'),(782,'','','','Industristigen 109',NULL,NULL,NULL,'2021-12-12 23:47:25','delete'),(783,'','','','Åkervägen 4',NULL,NULL,NULL,'2021-12-12 23:47:25','delete'),(784,'','','','Strandgatan 3',NULL,NULL,NULL,'2021-12-12 23:47:25','delete'),(785,'','','','Ängsgatan 6',NULL,NULL,NULL,'2021-12-12 23:47:25','delete'),(786,'','','','Parkstigen 14',NULL,NULL,NULL,'2021-12-12 23:47:25','delete'),(787,'','','','Ringtorget 332',NULL,NULL,NULL,'2021-12-12 23:47:25','delete'),(788,'','','','Storgatan 6',NULL,NULL,NULL,'2021-12-12 23:47:25','delete'),(789,'','','','Ringstigen 137',NULL,NULL,NULL,'2021-12-12 23:47:25','delete'),(790,'','','','Skoltorget 15',NULL,NULL,NULL,'2021-12-12 23:47:25','delete'),(791,'','','','Trädgårdsvägen 1',NULL,NULL,NULL,'2021-12-12 23:47:25','delete'),(792,'','','','Parkstigen 90',NULL,NULL,NULL,'2021-12-12 23:47:25','delete'),(793,'','','','Parkgatan 63',NULL,NULL,NULL,'2021-12-12 23:47:25','delete'),(794,'','','','Ringgatan 28',NULL,NULL,NULL,'2021-12-12 23:47:25','delete'),(795,'','','','Ekgatan 2',NULL,NULL,NULL,'2021-12-12 23:47:25','delete'),(796,'','','','Skolgatan 68',NULL,NULL,NULL,'2021-12-12 23:47:25','delete'),(797,'','','','Trädgårdsgatan 2',NULL,NULL,NULL,'2021-12-12 23:47:25','delete'),(798,'','','','Parkstigen 557',NULL,NULL,NULL,'2021-12-12 23:47:25','delete'),(799,'','','','Aspgränd 313',NULL,NULL,NULL,'2021-12-12 23:47:25','delete'),(800,'','','','Skogsvägen 183',NULL,NULL,NULL,'2021-12-12 23:47:25','delete'),(801,'','','','Strandgatan 7',NULL,NULL,NULL,'2021-12-12 23:47:25','delete'),(802,'','','','Åkervägen 9',NULL,NULL,NULL,'2021-12-12 23:47:25','delete'),(803,'','','','Ängsgatan 33',NULL,NULL,NULL,'2021-12-12 23:47:25','delete'),(804,'','','','Ängsgatan 4',NULL,NULL,NULL,'2021-12-12 23:47:25','delete'),(805,'','','','Björkgatan 582',NULL,NULL,NULL,'2021-12-12 23:47:25','delete'),(806,'','','','Backtorget 5',NULL,NULL,NULL,'2021-12-12 23:47:25','delete'),(807,'','','','Backgatan 876',NULL,NULL,NULL,'2021-12-12 23:47:25','delete'),(808,'','','','Trädgårdsvägen 663',NULL,NULL,NULL,'2021-12-12 23:47:25','delete'),(809,'','','','Parkvägen 16',NULL,NULL,NULL,'2021-12-12 23:47:25','delete'),(810,'','','','Nystigen 68',NULL,NULL,NULL,'2021-12-12 23:47:25','delete'),(811,'','','','Björkgatan 0',NULL,NULL,NULL,'2021-12-12 23:47:25','delete'),(812,'','','','Industrigränd 43',NULL,NULL,NULL,'2021-12-12 23:47:25','delete'),(813,'','','','Parkstigen 939',NULL,NULL,NULL,'2021-12-12 23:47:25','delete'),(814,'','','','Parkvägen 1',NULL,NULL,NULL,'2021-12-12 23:47:25','delete'),(815,'','','','Furustigen 6',NULL,NULL,NULL,'2021-12-12 23:47:25','delete'),(816,'','','','Genvägen 8',NULL,NULL,NULL,'2021-12-12 23:47:25','delete'),(817,'','','','Backstigen 979',NULL,NULL,NULL,'2021-12-12 23:47:25','delete'),(818,'','','','Åkergatan 903',NULL,NULL,NULL,'2021-12-12 23:47:25','delete'),(819,'','','','Trädgårdsgatan 91',NULL,NULL,NULL,'2021-12-12 23:47:25','delete'),(820,'','','','Villatorget 88',NULL,NULL,NULL,'2021-12-12 23:47:25','delete'),(821,'','','','Storgatan 192',NULL,NULL,NULL,'2021-12-12 23:47:25','delete'),(822,'','','','Granvägen 218',NULL,NULL,NULL,'2021-12-12 23:47:25','delete'),(823,'','','','Bäckvägen 80',NULL,NULL,NULL,'2021-12-12 23:47:25','delete'),(824,'','','','Kyrkotorget 15',NULL,NULL,NULL,'2021-12-12 23:47:25','delete'),(825,'','','','Nygatan 3',NULL,NULL,NULL,'2021-12-12 23:47:25','delete'),(826,'','','','Aspgatan 859',NULL,NULL,NULL,'2021-12-12 23:47:25','delete'),(827,'','','','Parkgatan 404',NULL,NULL,NULL,'2021-12-12 23:47:25','delete'),(828,'','','','Kyrkogatan 1',NULL,NULL,NULL,'2021-12-12 23:47:25','delete'),(829,'','','','Nystigen 4',NULL,NULL,NULL,'2021-12-12 23:47:25','delete'),(830,'','','','Kyrkostigen 622',NULL,NULL,NULL,'2021-12-12 23:47:25','delete'),(831,'','','','Trädgårdsstigen 8',NULL,NULL,NULL,'2021-12-12 23:47:25','delete'),(832,'','','','Strandvägen 30',NULL,NULL,NULL,'2021-12-12 23:47:25','delete'),(833,'','','','Industrivägen 1',NULL,NULL,NULL,'2021-12-12 23:47:25','delete'),(834,'','','','Ringgränd 1',NULL,NULL,NULL,'2021-12-12 23:47:25','delete'),(835,'','','','Skolstigen 3',NULL,NULL,NULL,'2021-12-12 23:47:25','delete'),(836,'','','','Fabriksvägen 897',NULL,NULL,NULL,'2021-12-12 23:47:25','delete'),(837,'','','','Backvägen 5',NULL,NULL,NULL,'2021-12-12 23:47:25','delete'),(838,'','','','Järnvägsgatan 96',NULL,NULL,NULL,'2021-12-12 23:47:25','delete'),(839,'','','','Aspgränd 9',NULL,NULL,NULL,'2021-12-12 23:47:25','delete'),(840,'','','','Järnvägsvägen 787',NULL,NULL,NULL,'2021-12-12 23:47:25','delete'),(841,'','','','Kyrkvägen 55',NULL,NULL,NULL,'2021-12-12 23:47:25','delete'),(842,'','','','Fabriksgatan 9',NULL,NULL,NULL,'2021-12-12 23:47:25','delete'),(843,'','','','Skolvägen 42',NULL,NULL,NULL,'2021-12-12 23:47:25','delete'),(844,'','','','Industrigatan 55',NULL,NULL,NULL,'2021-12-12 23:47:25','delete'),(845,'','','','Järnvägsgatan 64',NULL,NULL,NULL,'2021-12-12 23:47:25','delete'),(846,'','','','Ängsgatan 8',NULL,NULL,NULL,'2021-12-12 23:47:25','delete'),(847,'','','','Industrivägen 231',NULL,NULL,NULL,'2021-12-12 23:47:25','delete'),(848,'','','','Parkgränd 7',NULL,NULL,NULL,'2021-12-12 23:47:25','delete'),(849,'','','','Bäckvägen 8',NULL,NULL,NULL,'2021-12-12 23:47:25','delete'),(850,'','','','Kvarnvägen 266',NULL,NULL,NULL,'2021-12-12 23:47:25','delete'),(851,'','','','Aspgatan 53',NULL,NULL,NULL,'2021-12-12 23:47:25','delete'),(852,'','','','Nygränd 9',NULL,NULL,NULL,'2021-12-12 23:47:25','delete'),(853,'','','','Furugatan 535',NULL,NULL,NULL,'2021-12-12 23:47:25','delete'),(854,'','','','Industritorget 0',NULL,NULL,NULL,'2021-12-12 23:47:25','delete'),(855,'','','','Ringvägen 375',NULL,NULL,NULL,'2021-12-12 23:47:25','delete'),(856,'','','','Grangatan 0',NULL,NULL,NULL,'2021-12-12 23:47:25','delete'),(857,'','','','Industrivägen 9',NULL,NULL,NULL,'2021-12-12 23:47:25','delete'),(858,'','','','Stationsvägen 0',NULL,NULL,NULL,'2021-12-12 23:47:25','delete'),(859,'','','','Industristigen 3',NULL,NULL,NULL,'2021-12-12 23:47:25','delete'),(860,'','','','Aspgatan 5',NULL,NULL,NULL,'2021-12-12 23:47:25','delete'),(861,'','','','Aspvägen 3',NULL,NULL,NULL,'2021-12-12 23:47:25','delete'),(862,'','','','Skogsvägen 6',NULL,NULL,NULL,'2021-12-12 23:47:25','delete'),(863,'','','','Idrottsvägen 169',NULL,NULL,NULL,'2021-12-12 23:47:25','delete'),(864,'','','','Fabriksgatan 2',NULL,NULL,NULL,'2021-12-12 23:47:25','delete'),(865,'','','',NULL,'60769',NULL,NULL,'2021-12-12 23:47:32','insert'),(866,'','','','Nygränd 538',NULL,NULL,NULL,'2021-12-12 23:47:32','delete'),(867,'','','',NULL,'69760',NULL,NULL,'2021-12-12 23:47:32','insert'),(868,'','','','Idrottsgatan 403',NULL,NULL,NULL,'2021-12-12 23:47:32','delete'),(869,'','','',NULL,'35606',NULL,NULL,'2021-12-12 23:47:32','insert'),(870,'','','','Skoltorget 80',NULL,NULL,NULL,'2021-12-12 23:47:32','delete'),(871,'','','',NULL,'78697',NULL,NULL,'2021-12-12 23:47:32','insert'),(872,'','','','Bäckstigen 90',NULL,NULL,NULL,'2021-12-12 23:47:32','delete'),(873,'','','',NULL,NULL,NULL,NULL,'2021-12-13 00:06:17','insert'),(874,'','','',NULL,'29139',NULL,NULL,'2021-12-13 00:06:17','insert'),(875,'','','',NULL,'93605',NULL,NULL,'2021-12-13 00:06:18','insert'),(876,'','','',NULL,'87070',NULL,NULL,'2021-12-13 00:06:18','insert'),(877,'','','',NULL,NULL,NULL,NULL,'2021-12-13 00:06:18','delete'),(878,'','','','Villagatan 46',NULL,NULL,NULL,'2021-12-13 00:06:18','delete'),(879,'','','','Fabriksgatan 48',NULL,NULL,NULL,'2021-12-13 00:06:18','delete'),(880,'','','','Skolstigen 42',NULL,NULL,NULL,'2021-12-13 00:06:18','delete'),(881,'','','',NULL,NULL,NULL,NULL,'2021-12-13 00:06:18','insert'),(882,'','','',NULL,'43845',NULL,NULL,'2021-12-13 00:06:18','insert'),(883,'','','',NULL,'83801',NULL,NULL,'2021-12-13 00:06:18','insert'),(884,'','','',NULL,'36789',NULL,NULL,'2021-12-13 00:06:18','insert'),(885,'','','',NULL,NULL,NULL,NULL,'2021-12-13 00:06:18','delete'),(886,'','','','Kyrkvägen 7',NULL,NULL,NULL,'2021-12-13 00:06:18','delete'),(887,'','','','Nytorget 9',NULL,NULL,NULL,'2021-12-13 00:06:18','delete'),(888,'','','','Bäckgatan 84',NULL,NULL,NULL,'2021-12-13 00:06:18','delete'),(889,'','','',NULL,NULL,NULL,NULL,'2021-12-13 00:06:18','insert'),(890,'','','',NULL,'80649',NULL,NULL,'2021-12-13 00:06:18','insert'),(891,'','','',NULL,'93811',NULL,NULL,'2021-12-13 00:06:18','insert'),(892,'','','',NULL,'55362',NULL,NULL,'2021-12-13 00:06:18','insert'),(893,'','','',NULL,NULL,NULL,NULL,'2021-12-13 00:06:18','delete'),(894,'','','','Skolvägen 9',NULL,NULL,NULL,'2021-12-13 00:06:18','delete'),(895,'','','','Kyrkgatan 45',NULL,NULL,NULL,'2021-12-13 00:06:18','delete'),(896,'','','','Skogstorget 21',NULL,NULL,NULL,'2021-12-13 00:06:18','delete'),(897,'','','',NULL,NULL,NULL,NULL,'2021-12-13 00:06:18','insert'),(898,'','','',NULL,'76090',NULL,NULL,'2021-12-13 00:06:18','insert'),(899,'','','',NULL,NULL,NULL,NULL,'2021-12-13 00:06:18','delete'),(900,'','','','Backgatan 27',NULL,NULL,NULL,'2021-12-13 00:06:18','delete'),(901,'','','',NULL,NULL,NULL,NULL,'2021-12-13 00:06:18','insert'),(902,'','','',NULL,'58465',NULL,NULL,'2021-12-13 00:06:18','insert'),(903,'','','',NULL,NULL,NULL,NULL,'2021-12-13 00:06:18','delete'),(904,'','','','Ringgatan 9',NULL,NULL,NULL,'2021-12-13 00:06:18','delete'),(905,'','','',NULL,NULL,NULL,NULL,'2021-12-13 00:06:18','insert'),(906,'','','',NULL,'44296',NULL,NULL,'2021-12-13 00:06:18','insert'),(907,'','','',NULL,NULL,NULL,NULL,'2021-12-13 00:06:18','delete'),(908,'','','','Storvägen 16',NULL,NULL,NULL,'2021-12-13 00:06:18','delete'),(909,'','','',NULL,'29247',NULL,NULL,'2021-12-13 00:06:18','insert'),(910,'','','','Ängsgatan 7',NULL,NULL,NULL,'2021-12-13 00:06:18','delete'),(911,'','','',NULL,'38502',NULL,NULL,'2021-12-13 00:06:21','insert'),(912,'','','','Industritorget 54','38502',NULL,NULL,'2021-12-13 00:06:21','update'),(913,'','','','Industritorget 54',NULL,NULL,NULL,'2021-12-13 00:06:21','delete'),(914,'','','',NULL,'14495',NULL,NULL,'2021-12-13 00:06:24','insert'),(915,'','','','Aspvägen 80',NULL,NULL,NULL,'2021-12-13 00:06:24','delete'),(916,'','','',NULL,'61986',NULL,NULL,'2021-12-13 00:06:24','insert'),(917,'','','','Fabriksstigen 31','61986',NULL,NULL,'2021-12-13 00:06:24','update'),(918,'','','','Fabriksstigen 31',NULL,NULL,NULL,'2021-12-13 00:06:24','delete'),(919,'','','',NULL,NULL,NULL,NULL,'2021-12-13 00:06:25','insert'),(920,'','','',NULL,'94918',NULL,NULL,'2021-12-13 00:06:25','insert'),(921,'','','',NULL,'56641',NULL,NULL,'2021-12-13 00:06:25','insert'),(922,'','','',NULL,'32878',NULL,NULL,'2021-12-13 00:06:25','insert'),(923,'','','',NULL,'76020',NULL,NULL,'2021-12-13 00:06:25','insert'),(924,'','','',NULL,'96279',NULL,NULL,'2021-12-13 00:06:25','insert'),(925,'','','',NULL,'96150',NULL,NULL,'2021-12-13 00:06:25','insert'),(926,'','','',NULL,'54324',NULL,NULL,'2021-12-13 00:06:25','insert'),(927,'','','',NULL,'57648',NULL,NULL,'2021-12-13 00:06:25','insert'),(928,'','','',NULL,'78922',NULL,NULL,'2021-12-13 00:06:25','insert'),(929,'','','',NULL,'52033',NULL,NULL,'2021-12-13 00:06:25','insert'),(930,'','','',NULL,'86914',NULL,NULL,'2021-12-13 00:06:25','insert'),(931,'','','',NULL,'92279',NULL,NULL,'2021-12-13 00:06:25','insert'),(932,'','','',NULL,'39396',NULL,NULL,'2021-12-13 00:06:25','insert'),(933,'','','',NULL,'66029',NULL,NULL,'2021-12-13 00:06:25','insert'),(934,'','','',NULL,'86032',NULL,NULL,'2021-12-13 00:06:25','insert'),(935,'','','',NULL,'37609',NULL,NULL,'2021-12-13 00:06:25','insert'),(936,'','','',NULL,'31577',NULL,NULL,'2021-12-13 00:06:25','insert'),(937,'','','',NULL,'28327',NULL,NULL,'2021-12-13 00:06:25','insert'),(938,'','','',NULL,'31822',NULL,NULL,'2021-12-13 00:06:25','insert'),(939,'','','',NULL,'34292',NULL,NULL,'2021-12-13 00:06:25','insert'),(940,'','','',NULL,'42922',NULL,NULL,'2021-12-13 00:06:25','insert'),(941,'','','',NULL,'37781',NULL,NULL,'2021-12-13 00:06:25','insert'),(942,'','','',NULL,'36567',NULL,NULL,'2021-12-13 00:06:25','insert'),(943,'','','',NULL,'63574',NULL,NULL,'2021-12-13 00:06:25','insert'),(944,'','','',NULL,'30288',NULL,NULL,'2021-12-13 00:06:25','insert'),(945,'','','',NULL,'20412',NULL,NULL,'2021-12-13 00:06:25','insert'),(946,'','','',NULL,'84078',NULL,NULL,'2021-12-13 00:06:25','insert'),(947,'','','',NULL,'99731',NULL,NULL,'2021-12-13 00:06:25','insert'),(948,'','','',NULL,'84114',NULL,NULL,'2021-12-13 00:06:25','insert'),(949,'','','',NULL,'72320',NULL,NULL,'2021-12-13 00:06:25','insert'),(950,'','','',NULL,'54442',NULL,NULL,'2021-12-13 00:06:25','insert'),(951,'','','',NULL,'38799',NULL,NULL,'2021-12-13 00:06:25','insert'),(952,'','','',NULL,'73967',NULL,NULL,'2021-12-13 00:06:25','insert'),(953,'','','',NULL,'59101',NULL,NULL,'2021-12-13 00:06:25','insert'),(954,'','','',NULL,'48350',NULL,NULL,'2021-12-13 00:06:25','insert'),(955,'','','',NULL,'38877',NULL,NULL,'2021-12-13 00:06:25','insert'),(956,'','','',NULL,'95062',NULL,NULL,'2021-12-13 00:06:25','insert'),(957,'','','',NULL,'72240',NULL,NULL,'2021-12-13 00:06:25','insert'),(958,'','','',NULL,'29920',NULL,NULL,'2021-12-13 00:06:25','insert'),(959,'','','',NULL,'54652',NULL,NULL,'2021-12-13 00:06:25','insert'),(960,'','','',NULL,'21324',NULL,NULL,'2021-12-13 00:06:25','insert'),(961,'','','',NULL,'54063',NULL,NULL,'2021-12-13 00:06:25','insert'),(962,'','','',NULL,'48126',NULL,NULL,'2021-12-13 00:06:25','insert'),(963,'','','',NULL,'25436',NULL,NULL,'2021-12-13 00:06:25','insert'),(964,'','','',NULL,'31771',NULL,NULL,'2021-12-13 00:06:25','insert'),(965,'','','',NULL,'95827',NULL,NULL,'2021-12-13 00:06:25','insert'),(966,'','','',NULL,'50607',NULL,NULL,'2021-12-13 00:06:25','insert'),(967,'','','',NULL,'33251',NULL,NULL,'2021-12-13 00:06:25','insert'),(968,'','','',NULL,'27313',NULL,NULL,'2021-12-13 00:06:25','insert'),(969,'','','',NULL,'34938',NULL,NULL,'2021-12-13 00:06:25','insert'),(970,'','','',NULL,'17492',NULL,NULL,'2021-12-13 00:06:25','insert'),(971,'','','',NULL,'98913',NULL,NULL,'2021-12-13 00:06:25','insert'),(972,'','','',NULL,'68878',NULL,NULL,'2021-12-13 00:06:26','insert'),(973,'','','',NULL,'48036',NULL,NULL,'2021-12-13 00:06:26','insert'),(974,'','','',NULL,'60994',NULL,NULL,'2021-12-13 00:06:26','insert'),(975,'','','',NULL,'56021',NULL,NULL,'2021-12-13 00:06:26','insert'),(976,'','','',NULL,'21275',NULL,NULL,'2021-12-13 00:06:26','insert'),(977,'','','',NULL,'94989',NULL,NULL,'2021-12-13 00:06:26','insert'),(978,'','','',NULL,'31438',NULL,NULL,'2021-12-13 00:06:26','insert'),(979,'','','',NULL,'53685',NULL,NULL,'2021-12-13 00:06:26','insert'),(980,'','','',NULL,'52017',NULL,NULL,'2021-12-13 00:06:26','insert'),(981,'','','',NULL,'34039',NULL,NULL,'2021-12-13 00:06:26','insert'),(982,'','','',NULL,'31697',NULL,NULL,'2021-12-13 00:06:26','insert'),(983,'','','',NULL,'14297',NULL,NULL,'2021-12-13 00:06:26','insert'),(984,'','','',NULL,'31328',NULL,NULL,'2021-12-13 00:06:26','insert'),(985,'','','',NULL,'36535',NULL,NULL,'2021-12-13 00:06:26','insert'),(986,'','','',NULL,'11178',NULL,NULL,'2021-12-13 00:06:26','insert'),(987,'','','',NULL,'89981',NULL,NULL,'2021-12-13 00:06:26','insert'),(988,'','','',NULL,'47112',NULL,NULL,'2021-12-13 00:06:26','insert'),(989,'','','',NULL,'76865',NULL,NULL,'2021-12-13 00:06:26','insert'),(990,'','','',NULL,'62567',NULL,NULL,'2021-12-13 00:06:26','insert'),(991,'','','',NULL,'19683',NULL,NULL,'2021-12-13 00:06:26','insert'),(992,'','','',NULL,'38236',NULL,NULL,'2021-12-13 00:06:26','insert'),(993,'','','',NULL,'22283',NULL,NULL,'2021-12-13 00:06:26','insert'),(994,'','','',NULL,'83604',NULL,NULL,'2021-12-13 00:06:26','insert'),(995,'','','',NULL,'30287',NULL,NULL,'2021-12-13 00:06:26','insert'),(996,'','','',NULL,'33394',NULL,NULL,'2021-12-13 00:06:26','insert'),(997,'','','',NULL,'11602',NULL,NULL,'2021-12-13 00:06:26','insert'),(998,'','','',NULL,'30846',NULL,NULL,'2021-12-13 00:06:26','insert'),(999,'','','',NULL,'64084',NULL,NULL,'2021-12-13 00:06:26','insert'),(1000,'','','',NULL,'38358',NULL,NULL,'2021-12-13 00:06:26','insert'),(1001,'','','',NULL,'27593',NULL,NULL,'2021-12-13 00:06:26','insert'),(1002,'','','',NULL,'60458',NULL,NULL,'2021-12-13 00:06:26','insert'),(1003,'','','',NULL,'27068',NULL,NULL,'2021-12-13 00:06:26','insert'),(1004,'','','',NULL,'81691',NULL,NULL,'2021-12-13 00:06:26','insert'),(1005,'','','',NULL,'94379',NULL,NULL,'2021-12-13 00:06:26','insert'),(1006,'','','',NULL,'61044',NULL,NULL,'2021-12-13 00:06:26','insert'),(1007,'','','',NULL,'91863',NULL,NULL,'2021-12-13 00:06:26','insert'),(1008,'','','',NULL,'41008',NULL,NULL,'2021-12-13 00:06:26','insert'),(1009,'','','',NULL,'92769',NULL,NULL,'2021-12-13 00:06:26','insert'),(1010,'','','',NULL,'17843',NULL,NULL,'2021-12-13 00:06:26','insert'),(1011,'','','',NULL,'41143',NULL,NULL,'2021-12-13 00:06:26','insert'),(1012,'','','',NULL,'72316',NULL,NULL,'2021-12-13 00:06:26','insert'),(1013,'','','',NULL,'67313',NULL,NULL,'2021-12-13 00:06:26','insert'),(1014,'','','',NULL,'29381',NULL,NULL,'2021-12-13 00:06:26','insert'),(1015,'','','',NULL,'95984',NULL,NULL,'2021-12-13 00:06:26','insert'),(1016,'','','',NULL,'17260',NULL,NULL,'2021-12-13 00:06:26','insert'),(1017,'','','',NULL,'60981',NULL,NULL,'2021-12-13 00:06:26','insert'),(1018,'','','',NULL,'69296',NULL,NULL,'2021-12-13 00:06:26','insert'),(1019,'','','',NULL,'69972',NULL,NULL,'2021-12-13 00:06:26','insert'),(1020,'','','',NULL,NULL,NULL,NULL,'2021-12-13 00:06:28','delete'),(1021,'','','','Fabriksgatan 282',NULL,NULL,NULL,'2021-12-13 00:06:28','delete'),(1022,'','','','Aspgränd 72',NULL,NULL,NULL,'2021-12-13 00:06:28','delete'),(1023,'','','','Parkgränd 930',NULL,NULL,NULL,'2021-12-13 00:06:28','delete'),(1024,'','','','Nygatan 178',NULL,NULL,NULL,'2021-12-13 00:06:28','delete'),(1025,'','','','Strandvägen 3',NULL,NULL,NULL,'2021-12-13 00:06:28','delete'),(1026,'','','','Ekvägen 5',NULL,NULL,NULL,'2021-12-13 00:06:28','delete'),(1027,'','','','Skoltorget 77',NULL,NULL,NULL,'2021-12-13 00:06:28','delete'),(1028,'','','','Skolgränd 374',NULL,NULL,NULL,'2021-12-13 00:06:28','delete'),(1029,'','','','Villatorget 436',NULL,NULL,NULL,'2021-12-13 00:06:28','delete'),(1030,'','','','Björkvägen 72',NULL,NULL,NULL,'2021-12-13 00:06:28','delete'),(1031,'','','','Ringgränd 9',NULL,NULL,NULL,'2021-12-13 00:06:28','delete'),(1032,'','','','Björkvägen 847',NULL,NULL,NULL,'2021-12-13 00:06:28','delete'),(1033,'','','','Järnvägsstigen 9',NULL,NULL,NULL,'2021-12-13 00:06:28','delete'),(1034,'','','','Kyrkogatan 561',NULL,NULL,NULL,'2021-12-13 00:06:28','delete'),(1035,'','','','Grangatan 184',NULL,NULL,NULL,'2021-12-13 00:06:28','delete'),(1036,'','','','Skolstigen 21',NULL,NULL,NULL,'2021-12-13 00:06:28','delete'),(1037,'','','','Björkgatan 556',NULL,NULL,NULL,'2021-12-13 00:06:28','delete'),(1038,'','','','Nystigen 698',NULL,NULL,NULL,'2021-12-13 00:06:28','delete'),(1039,'','','','Parkgatan 795',NULL,NULL,NULL,'2021-12-13 00:06:28','delete'),(1040,'','','','Åkerstigen 35',NULL,NULL,NULL,'2021-12-13 00:06:28','delete'),(1041,'','','','Kyrkovägen 716',NULL,NULL,NULL,'2021-12-13 00:06:28','delete'),(1042,'','','','Skogsgatan 545',NULL,NULL,NULL,'2021-12-13 00:06:28','delete'),(1043,'','','','Ängstorget 0',NULL,NULL,NULL,'2021-12-13 00:06:28','delete'),(1044,'','','','Genvägen 717',NULL,NULL,NULL,'2021-12-13 00:06:28','delete'),(1045,'','','','Ängsstigen 0',NULL,NULL,NULL,'2021-12-13 00:06:28','delete'),(1046,'','','','Stortorget 9',NULL,NULL,NULL,'2021-12-13 00:06:28','delete'),(1047,'','','','Åkergatan 38',NULL,NULL,NULL,'2021-12-13 00:06:28','delete'),(1048,'','','','Kyrkogränd 16',NULL,NULL,NULL,'2021-12-13 00:06:28','delete'),(1049,'','','','Skolvägen 8',NULL,NULL,NULL,'2021-12-13 00:06:28','delete'),(1050,'','','','Skolgränd 68',NULL,NULL,NULL,'2021-12-13 00:06:28','delete'),(1051,'','','','Kyrkogränd 118',NULL,NULL,NULL,'2021-12-13 00:06:28','delete'),(1052,'','','','Bäckgränd 3',NULL,NULL,NULL,'2021-12-13 00:06:28','delete'),(1053,'','','','Parkgränd 9',NULL,NULL,NULL,'2021-12-13 00:06:28','delete'),(1054,'','','','Genvägen 5',NULL,NULL,NULL,'2021-12-13 00:06:28','delete'),(1055,'','','','Åkerstigen 6',NULL,NULL,NULL,'2021-12-13 00:06:28','delete'),(1056,'','','','Trädgårdsvägen 52',NULL,NULL,NULL,'2021-12-13 00:06:28','delete'),(1057,'','','','Parkvägen 0',NULL,NULL,NULL,'2021-12-13 00:06:28','delete'),(1058,'','','','Kvarngatan 9',NULL,NULL,NULL,'2021-12-13 00:06:28','delete'),(1059,'','','','Villavägen 457',NULL,NULL,NULL,'2021-12-13 00:06:28','delete'),(1060,'','','','Ekstigen 6',NULL,NULL,NULL,'2021-12-13 00:06:28','delete'),(1061,'','','','Ringvägen 34',NULL,NULL,NULL,'2021-12-13 00:06:28','delete'),(1062,'','','','Strandgatan 96',NULL,NULL,NULL,'2021-12-13 00:06:28','delete'),(1063,'','','','Ekgatan 743',NULL,NULL,NULL,'2021-12-13 00:06:28','delete'),(1064,'','','','Ängstorget 630',NULL,NULL,NULL,'2021-12-13 00:06:28','delete'),(1065,'','','','Kyrkstigen 90',NULL,NULL,NULL,'2021-12-13 00:06:28','delete'),(1066,'','','','Parkstigen 790',NULL,NULL,NULL,'2021-12-13 00:06:28','delete'),(1067,'','','','Industrigatan 62',NULL,NULL,NULL,'2021-12-13 00:06:28','delete'),(1068,'','','','Åkerstigen 882',NULL,NULL,NULL,'2021-12-13 00:06:28','delete'),(1069,'','','','Kyrkogränd 1',NULL,NULL,NULL,'2021-12-13 00:06:28','delete'),(1070,'','','','Gengränd 3',NULL,NULL,NULL,'2021-12-13 00:06:28','delete'),(1071,'','','','Fabriksgränd 8',NULL,NULL,NULL,'2021-12-13 00:06:28','delete'),(1072,'','','','Villavägen 19',NULL,NULL,NULL,'2021-12-13 00:06:28','delete'),(1073,'','','','Skogsvägen 3',NULL,NULL,NULL,'2021-12-13 00:06:28','delete'),(1074,'','','','Trädgårdsgränd 55',NULL,NULL,NULL,'2021-12-13 00:06:28','delete'),(1075,'','','','Parkvägen 7',NULL,NULL,NULL,'2021-12-13 00:06:28','delete'),(1076,'','','','Fabriksgatan 531',NULL,NULL,NULL,'2021-12-13 00:06:28','delete'),(1077,'','','','Stationsvägen 8',NULL,NULL,NULL,'2021-12-13 00:06:28','delete'),(1078,'','','','Trädgårdstorget 63',NULL,NULL,NULL,'2021-12-13 00:06:28','delete'),(1079,'','','','Kyrktorget 435',NULL,NULL,NULL,'2021-12-13 00:06:28','delete'),(1080,'','','','Järnvägsgatan 919',NULL,NULL,NULL,'2021-12-13 00:06:28','delete'),(1081,'','','','Strandvägen 6',NULL,NULL,NULL,'2021-12-13 00:06:28','delete'),(1082,'','','','Furugatan 457',NULL,NULL,NULL,'2021-12-13 00:06:28','delete'),(1083,'','','','Skoltorget 68',NULL,NULL,NULL,'2021-12-13 00:06:28','delete'),(1084,'','','','Fabriksgränd 67',NULL,NULL,NULL,'2021-12-13 00:06:28','delete'),(1085,'','','','Parkgränd 248',NULL,NULL,NULL,'2021-12-13 00:06:28','delete'),(1086,'','','','Trädgårdsstigen 1',NULL,NULL,NULL,'2021-12-13 00:06:28','delete'),(1087,'','','','Bäckvägen 847',NULL,NULL,NULL,'2021-12-13 00:06:28','delete'),(1088,'','','','Villavägen 1',NULL,NULL,NULL,'2021-12-13 00:06:28','delete'),(1089,'','','','Parkstigen 439',NULL,NULL,NULL,'2021-12-13 00:06:28','delete'),(1090,'','','','Genstigen 91',NULL,NULL,NULL,'2021-12-13 00:06:28','delete'),(1091,'','','','Industrigatan 9',NULL,NULL,NULL,'2021-12-13 00:06:28','delete'),(1092,'','','','Kyrkostigen 320',NULL,NULL,NULL,'2021-12-13 00:06:28','delete'),(1093,'','','','Idrottstorget 7',NULL,NULL,NULL,'2021-12-13 00:06:28','delete'),(1094,'','','','Gengränd 330',NULL,NULL,NULL,'2021-12-13 00:06:28','delete'),(1095,'','','','Kyrkostigen 135',NULL,NULL,NULL,'2021-12-13 00:06:28','delete'),(1096,'','','','Skolstigen 3',NULL,NULL,NULL,'2021-12-13 00:06:28','delete'),(1097,'','','','Ringgatan 6',NULL,NULL,NULL,'2021-12-13 00:06:28','delete'),(1098,'','','','Granvägen 390',NULL,NULL,NULL,'2021-12-13 00:06:28','delete'),(1099,'','','','Åkergatan 727',NULL,NULL,NULL,'2021-12-13 00:06:28','delete'),(1100,'','','','Industristigen 4',NULL,NULL,NULL,'2021-12-13 00:06:28','delete'),(1101,'','','','Strandvägen 40',NULL,NULL,NULL,'2021-12-13 00:06:28','delete'),(1102,'','','','Järnvägsvägen 30',NULL,NULL,NULL,'2021-12-13 00:06:28','delete'),(1103,'','','','Parkgatan 4',NULL,NULL,NULL,'2021-12-13 00:06:28','delete'),(1104,'','','','Kvarntorget 9',NULL,NULL,NULL,'2021-12-13 00:06:28','delete'),(1105,'','','','Skoltorget 0',NULL,NULL,NULL,'2021-12-13 00:06:28','delete'),(1106,'','','','Storgränd 79',NULL,NULL,NULL,'2021-12-13 00:06:28','delete'),(1107,'','','','Kyrkvägen 803',NULL,NULL,NULL,'2021-12-13 00:06:28','delete'),(1108,'','','','Kyrkvägen 33',NULL,NULL,NULL,'2021-12-13 00:06:28','delete'),(1109,'','','','Aspgatan 9',NULL,NULL,NULL,'2021-12-13 00:06:28','delete'),(1110,'','','','Kyrkogränd 707',NULL,NULL,NULL,'2021-12-13 00:06:28','delete'),(1111,'','','','Parkgatan 71',NULL,NULL,NULL,'2021-12-13 00:06:28','delete'),(1112,'','','','Industrivägen 68',NULL,NULL,NULL,'2021-12-13 00:06:28','delete'),(1113,'','','','Järnvägsvägen 50',NULL,NULL,NULL,'2021-12-13 00:06:28','delete'),(1114,'','','','Ekgatan 35',NULL,NULL,NULL,'2021-12-13 00:06:28','delete'),(1115,'','','','Genvägen 9',NULL,NULL,NULL,'2021-12-13 00:06:28','delete'),(1116,'','','','Aspstigen 3',NULL,NULL,NULL,'2021-12-13 00:06:28','delete'),(1117,'','','','Grantorget 82',NULL,NULL,NULL,'2021-12-13 00:06:28','delete'),(1118,'','','','Skolvägen 61',NULL,NULL,NULL,'2021-12-13 00:06:28','delete'),(1119,'','','','Kyrkovägen 100',NULL,NULL,NULL,'2021-12-13 00:06:28','delete'),(1120,'','','','Gengatan 14',NULL,NULL,NULL,'2021-12-13 00:06:28','delete'),(1121,'','','',NULL,NULL,NULL,NULL,'2021-12-13 00:06:29','insert'),(1122,'','','',NULL,'26873',NULL,NULL,'2021-12-13 00:06:29','insert'),(1123,'','','',NULL,'52130',NULL,NULL,'2021-12-13 00:06:29','insert'),(1124,'','','',NULL,'25256',NULL,NULL,'2021-12-13 00:06:29','insert'),(1125,'','','',NULL,'37302',NULL,NULL,'2021-12-13 00:06:29','insert'),(1126,'','','',NULL,'12188',NULL,NULL,'2021-12-13 00:06:29','insert'),(1127,'','','',NULL,'53484',NULL,NULL,'2021-12-13 00:06:29','insert'),(1128,'','','',NULL,'46203',NULL,NULL,'2021-12-13 00:06:29','insert'),(1129,'','','',NULL,'29578',NULL,NULL,'2021-12-13 00:06:29','insert'),(1130,'','','',NULL,'41134',NULL,NULL,'2021-12-13 00:06:29','insert'),(1131,'','','',NULL,'19307',NULL,NULL,'2021-12-13 00:06:29','insert'),(1132,'','','',NULL,'63872',NULL,NULL,'2021-12-13 00:06:29','insert'),(1133,'','','',NULL,'13662',NULL,NULL,'2021-12-13 00:06:29','insert'),(1134,'','','',NULL,'35346',NULL,NULL,'2021-12-13 00:06:29','insert'),(1135,'','','',NULL,'36457',NULL,NULL,'2021-12-13 00:06:29','insert'),(1136,'','','',NULL,'39457',NULL,NULL,'2021-12-13 00:06:29','insert'),(1137,'','','',NULL,'17337',NULL,NULL,'2021-12-13 00:06:29','insert'),(1138,'','','',NULL,'68796',NULL,NULL,'2021-12-13 00:06:29','insert'),(1139,'','','',NULL,'19358',NULL,NULL,'2021-12-13 00:06:29','insert'),(1140,'','','',NULL,'52659',NULL,NULL,'2021-12-13 00:06:29','insert'),(1141,'','','',NULL,'98934',NULL,NULL,'2021-12-13 00:06:29','insert'),(1142,'','','',NULL,'37053',NULL,NULL,'2021-12-13 00:06:29','insert'),(1143,'','','',NULL,'75909',NULL,NULL,'2021-12-13 00:06:29','insert'),(1144,'','','',NULL,'81280',NULL,NULL,'2021-12-13 00:06:29','insert'),(1145,'','','',NULL,'72243',NULL,NULL,'2021-12-13 00:06:29','insert'),(1146,'','','',NULL,'15547',NULL,NULL,'2021-12-13 00:06:29','insert'),(1147,'','','',NULL,'55128',NULL,NULL,'2021-12-13 00:06:29','insert'),(1148,'','','',NULL,'60907',NULL,NULL,'2021-12-13 00:06:29','insert'),(1149,'','','',NULL,'59086',NULL,NULL,'2021-12-13 00:06:29','insert'),(1150,'','','',NULL,'69011',NULL,NULL,'2021-12-13 00:06:29','insert'),(1151,'','','',NULL,'56738',NULL,NULL,'2021-12-13 00:06:29','insert'),(1152,'','','',NULL,'39052',NULL,NULL,'2021-12-13 00:06:29','insert'),(1153,'','','',NULL,'70823',NULL,NULL,'2021-12-13 00:06:29','insert'),(1154,'','','',NULL,'20790',NULL,NULL,'2021-12-13 00:06:29','insert'),(1155,'','','',NULL,'58362',NULL,NULL,'2021-12-13 00:06:29','insert'),(1156,'','','',NULL,'29827',NULL,NULL,'2021-12-13 00:06:29','insert'),(1157,'','','',NULL,'92396',NULL,NULL,'2021-12-13 00:06:29','insert'),(1158,'','','',NULL,'60379',NULL,NULL,'2021-12-13 00:06:29','insert'),(1159,'','','',NULL,'25652',NULL,NULL,'2021-12-13 00:06:29','insert'),(1160,'','','',NULL,'99812',NULL,NULL,'2021-12-13 00:06:29','insert'),(1161,'','','',NULL,'78708',NULL,NULL,'2021-12-13 00:06:29','insert'),(1162,'','','',NULL,'82963',NULL,NULL,'2021-12-13 00:06:29','insert'),(1163,'','','',NULL,'11429',NULL,NULL,'2021-12-13 00:06:29','insert'),(1164,'','','',NULL,'39093',NULL,NULL,'2021-12-13 00:06:29','insert'),(1165,'','','',NULL,'27154',NULL,NULL,'2021-12-13 00:06:29','insert'),(1166,'','','',NULL,'67266',NULL,NULL,'2021-12-13 00:06:29','insert'),(1167,'','','',NULL,'17887',NULL,NULL,'2021-12-13 00:06:29','insert'),(1168,'','','',NULL,'82403',NULL,NULL,'2021-12-13 00:06:29','insert'),(1169,'','','',NULL,'41695',NULL,NULL,'2021-12-13 00:06:29','insert'),(1170,'','','',NULL,'73400',NULL,NULL,'2021-12-13 00:06:29','insert'),(1171,'','','',NULL,'74883',NULL,NULL,'2021-12-13 00:06:29','insert'),(1172,'','','',NULL,'56771',NULL,NULL,'2021-12-13 00:06:29','insert'),(1173,'','','',NULL,'13308',NULL,NULL,'2021-12-13 00:06:29','insert'),(1174,'','','',NULL,'71673',NULL,NULL,'2021-12-13 00:06:29','insert'),(1175,'','','',NULL,'63912',NULL,NULL,'2021-12-13 00:06:29','insert'),(1176,'','','',NULL,'56155',NULL,NULL,'2021-12-13 00:06:29','insert'),(1177,'','','',NULL,'66466',NULL,NULL,'2021-12-13 00:06:29','insert'),(1178,'','','',NULL,'47122',NULL,NULL,'2021-12-13 00:06:29','insert'),(1179,'','','',NULL,'25937',NULL,NULL,'2021-12-13 00:06:29','insert'),(1180,'','','',NULL,'44448',NULL,NULL,'2021-12-13 00:06:29','insert'),(1181,'','','',NULL,'70495',NULL,NULL,'2021-12-13 00:06:29','insert'),(1182,'','','',NULL,'15095',NULL,NULL,'2021-12-13 00:06:29','insert'),(1183,'','','',NULL,'81945',NULL,NULL,'2021-12-13 00:06:29','insert'),(1184,'','','',NULL,'34792',NULL,NULL,'2021-12-13 00:06:29','insert'),(1185,'','','',NULL,'53827',NULL,NULL,'2021-12-13 00:06:29','insert'),(1186,'','','',NULL,'44075',NULL,NULL,'2021-12-13 00:06:29','insert'),(1187,'','','',NULL,'63641',NULL,NULL,'2021-12-13 00:06:29','insert'),(1188,'','','',NULL,'44962',NULL,NULL,'2021-12-13 00:06:29','insert'),(1189,'','','',NULL,'20683',NULL,NULL,'2021-12-13 00:06:29','insert'),(1190,'','','',NULL,'21081',NULL,NULL,'2021-12-13 00:06:30','insert'),(1191,'','','',NULL,'42348',NULL,NULL,'2021-12-13 00:06:30','insert'),(1192,'','','',NULL,'27526',NULL,NULL,'2021-12-13 00:06:30','insert'),(1193,'','','',NULL,'53170',NULL,NULL,'2021-12-13 00:06:30','insert'),(1194,'','','',NULL,'84347',NULL,NULL,'2021-12-13 00:06:30','insert'),(1195,'','','',NULL,'10422',NULL,NULL,'2021-12-13 00:06:30','insert'),(1196,'','','',NULL,'79777',NULL,NULL,'2021-12-13 00:06:30','insert'),(1197,'','','',NULL,'92371',NULL,NULL,'2021-12-13 00:06:30','insert'),(1198,'','','',NULL,'30054',NULL,NULL,'2021-12-13 00:06:30','insert'),(1199,'','','',NULL,'71331',NULL,NULL,'2021-12-13 00:06:30','insert'),(1200,'','','',NULL,'71593',NULL,NULL,'2021-12-13 00:06:30','insert'),(1201,'','','',NULL,'35196',NULL,NULL,'2021-12-13 00:06:30','insert'),(1202,'','','',NULL,'57723',NULL,NULL,'2021-12-13 00:06:30','insert'),(1203,'','','',NULL,'20644',NULL,NULL,'2021-12-13 00:06:30','insert'),(1204,'','','',NULL,'86872',NULL,NULL,'2021-12-13 00:06:30','insert'),(1205,'','','',NULL,'83111',NULL,NULL,'2021-12-13 00:06:30','insert'),(1206,'','','',NULL,'47572',NULL,NULL,'2021-12-13 00:06:30','insert'),(1207,'','','',NULL,'10890',NULL,NULL,'2021-12-13 00:06:30','insert'),(1208,'','','',NULL,'24413',NULL,NULL,'2021-12-13 00:06:30','insert'),(1209,'','','',NULL,'46933',NULL,NULL,'2021-12-13 00:06:30','insert'),(1210,'','','',NULL,'68414',NULL,NULL,'2021-12-13 00:06:30','insert'),(1211,'','','',NULL,'46725',NULL,NULL,'2021-12-13 00:06:30','insert'),(1212,'','','',NULL,'61121',NULL,NULL,'2021-12-13 00:06:30','insert'),(1213,'','','',NULL,'18941',NULL,NULL,'2021-12-13 00:06:30','insert'),(1214,'','','',NULL,'95091',NULL,NULL,'2021-12-13 00:06:30','insert'),(1215,'','','',NULL,'71394',NULL,NULL,'2021-12-13 00:06:30','insert'),(1216,'','','',NULL,'91986',NULL,NULL,'2021-12-13 00:06:30','insert'),(1217,'','','',NULL,'49168',NULL,NULL,'2021-12-13 00:06:30','insert'),(1218,'','','',NULL,'46549',NULL,NULL,'2021-12-13 00:06:30','insert'),(1219,'','','',NULL,'61072',NULL,NULL,'2021-12-13 00:06:30','insert'),(1220,'','','',NULL,'42625',NULL,NULL,'2021-12-13 00:06:30','insert'),(1221,'','','',NULL,'23992',NULL,NULL,'2021-12-13 00:06:30','insert'),(1222,'','','',NULL,NULL,NULL,NULL,'2021-12-13 00:06:33','delete'),(1223,'','','','Ekgatan 522',NULL,NULL,NULL,'2021-12-13 00:06:33','delete'),(1224,'','','','Stationsstigen 92',NULL,NULL,NULL,'2021-12-13 00:06:33','delete'),(1225,'','','','Backgatan 0',NULL,NULL,NULL,'2021-12-13 00:06:33','delete'),(1226,'','','','Storstigen 2',NULL,NULL,NULL,'2021-12-13 00:06:33','delete'),(1227,'','','','Idrottsgatan 6',NULL,NULL,NULL,'2021-12-13 00:06:33','delete'),(1228,'','','','Ekstigen 39',NULL,NULL,NULL,'2021-12-13 00:06:33','delete'),(1229,'','','','Granstigen 7',NULL,NULL,NULL,'2021-12-13 00:06:33','delete'),(1230,'','','','Skolgränd 8',NULL,NULL,NULL,'2021-12-13 00:06:33','delete'),(1231,'','','','Aspvägen 814',NULL,NULL,NULL,'2021-12-13 00:06:33','delete'),(1232,'','','','Parkgatan 3',NULL,NULL,NULL,'2021-12-13 00:06:33','delete'),(1233,'','','','Kyrkogatan 56',NULL,NULL,NULL,'2021-12-13 00:06:33','delete'),(1234,'','','','Kyrkvägen 859',NULL,NULL,NULL,'2021-12-13 00:06:33','delete'),(1235,'','','','Gentorget 52',NULL,NULL,NULL,'2021-12-13 00:06:33','delete'),(1236,'','','','Villagatan 60',NULL,NULL,NULL,'2021-12-13 00:06:33','delete'),(1237,'','','','Parkgatan 6',NULL,NULL,NULL,'2021-12-13 00:06:33','delete'),(1238,'','','','Bäckvägen 6',NULL,NULL,NULL,'2021-12-13 00:06:33','delete'),(1239,'','','','Parkstigen 2',NULL,NULL,NULL,'2021-12-13 00:06:33','delete'),(1240,'','','','Gengränd 58',NULL,NULL,NULL,'2021-12-13 00:06:33','delete'),(1241,'','','','Åkergatan 23',NULL,NULL,NULL,'2021-12-13 00:06:33','delete'),(1242,'','','','Stationstorget 7',NULL,NULL,NULL,'2021-12-13 00:06:33','delete'),(1243,'','','','Parkgatan 45',NULL,NULL,NULL,'2021-12-13 00:06:33','delete'),(1244,'','','','Kyrkotorget 94',NULL,NULL,NULL,'2021-12-13 00:06:33','delete'),(1245,'','','','Idrottsvägen 177',NULL,NULL,NULL,'2021-12-13 00:06:33','delete'),(1246,'','','','Kyrktorget 85',NULL,NULL,NULL,'2021-12-13 00:06:33','delete'),(1247,'','','','Storvägen 87',NULL,NULL,NULL,'2021-12-13 00:06:33','delete'),(1248,'','','','Parkvägen 947',NULL,NULL,NULL,'2021-12-13 00:06:33','delete'),(1249,'','','','Ängsstigen 70',NULL,NULL,NULL,'2021-12-13 00:06:33','delete'),(1250,'','','','Parkvägen 917',NULL,NULL,NULL,'2021-12-13 00:06:33','delete'),(1251,'','','','Trädgårdsstigen 80',NULL,NULL,NULL,'2021-12-13 00:06:33','delete'),(1252,'','','','Storstigen 5',NULL,NULL,NULL,'2021-12-13 00:06:33','delete'),(1253,'','','','Stationstorget 863',NULL,NULL,NULL,'2021-12-13 00:06:33','delete'),(1254,'','','','Kvarngatan 62',NULL,NULL,NULL,'2021-12-13 00:06:33','delete'),(1255,'','','','Industrigatan 1',NULL,NULL,NULL,'2021-12-13 00:06:33','delete'),(1256,'','','','Villagatan 73',NULL,NULL,NULL,'2021-12-13 00:06:33','delete'),(1257,'','','','Järnvägsvägen 13',NULL,NULL,NULL,'2021-12-13 00:06:33','delete'),(1258,'','','','Skogsgatan 8',NULL,NULL,NULL,'2021-12-13 00:06:33','delete'),(1259,'','','','Ekgränd 9',NULL,NULL,NULL,'2021-12-13 00:06:33','delete'),(1260,'','','','Grantorget 3',NULL,NULL,NULL,'2021-12-13 00:06:33','delete'),(1261,'','','','Industrivägen 9',NULL,NULL,NULL,'2021-12-13 00:06:33','delete'),(1262,'','','','Storgatan 4',NULL,NULL,NULL,'2021-12-13 00:06:33','delete'),(1263,'','','','Backgränd 6',NULL,NULL,NULL,'2021-12-13 00:06:33','delete'),(1264,'','','','Villavägen 98',NULL,NULL,NULL,'2021-12-13 00:06:33','delete'),(1265,'','','','Furugränd 686',NULL,NULL,NULL,'2021-12-13 00:06:33','delete'),(1266,'','','','Trädgårdsgränd 519',NULL,NULL,NULL,'2021-12-13 00:06:33','delete'),(1267,'','','','Industrigatan 79',NULL,NULL,NULL,'2021-12-13 00:06:33','delete'),(1268,'','','','Stationstorget 118',NULL,NULL,NULL,'2021-12-13 00:06:33','delete'),(1269,'','','','Ektorget 3',NULL,NULL,NULL,'2021-12-13 00:06:33','delete'),(1270,'','','','Åkervägen 806',NULL,NULL,NULL,'2021-12-13 00:06:33','delete'),(1271,'','','','Trädgårdsstigen 363',NULL,NULL,NULL,'2021-12-13 00:06:33','delete'),(1272,'','','','Ängsgatan 236',NULL,NULL,NULL,'2021-12-13 00:06:33','delete'),(1273,'','','','Trädgårdsvägen 181',NULL,NULL,NULL,'2021-12-13 00:06:33','delete'),(1274,'','','','Granvägen 77',NULL,NULL,NULL,'2021-12-13 00:06:33','delete'),(1275,'','','','Fabrikstorget 80',NULL,NULL,NULL,'2021-12-13 00:06:33','delete'),(1276,'','','','Granstigen 4',NULL,NULL,NULL,'2021-12-13 00:06:33','delete'),(1277,'','','','Strandvägen 172',NULL,NULL,NULL,'2021-12-13 00:06:33','delete'),(1278,'','','','Åkerstigen 174',NULL,NULL,NULL,'2021-12-13 00:06:33','delete'),(1279,'','','','Kvarnvägen 885',NULL,NULL,NULL,'2021-12-13 00:06:33','delete'),(1280,'','','','Bäckvägen 66',NULL,NULL,NULL,'2021-12-13 00:06:33','delete'),(1281,'','','','Kvarntorget 33',NULL,NULL,NULL,'2021-12-13 00:06:33','delete'),(1282,'','','','Parkgatan 52',NULL,NULL,NULL,'2021-12-13 00:06:33','delete'),(1283,'','','','Ekgatan 279',NULL,NULL,NULL,'2021-12-13 00:06:33','delete'),(1284,'','','','Idrottsgatan 8',NULL,NULL,NULL,'2021-12-13 00:06:33','delete'),(1285,'','','','Fabriksgatan 7',NULL,NULL,NULL,'2021-12-13 00:06:33','delete'),(1286,'','','','Industrivägen 6',NULL,NULL,NULL,'2021-12-13 00:06:33','delete'),(1287,'','','','Furugränd 2',NULL,NULL,NULL,'2021-12-13 00:06:33','delete'),(1288,'','','','Trädgårdsgatan 6',NULL,NULL,NULL,'2021-12-13 00:06:33','delete'),(1289,'','','','Industrigatan 41',NULL,NULL,NULL,'2021-12-13 00:06:33','delete'),(1290,'','','','Ektorget 1',NULL,NULL,NULL,'2021-12-13 00:06:33','delete'),(1291,'','','','Björktorget 14',NULL,NULL,NULL,'2021-12-13 00:06:33','delete'),(1292,'','','','Skogsgatan 29',NULL,NULL,NULL,'2021-12-13 00:06:33','delete'),(1293,'','','','Trädgårdsgatan 921',NULL,NULL,NULL,'2021-12-13 00:06:33','delete'),(1294,'','','','Ringgränd 5',NULL,NULL,NULL,'2021-12-13 00:06:33','delete'),(1295,'','','','Industrigatan 9',NULL,NULL,NULL,'2021-12-13 00:06:33','delete'),(1296,'','','','Strandgränd 338',NULL,NULL,NULL,'2021-12-13 00:06:33','delete'),(1297,'','','','Villavägen 35',NULL,NULL,NULL,'2021-12-13 00:06:33','delete'),(1298,'','','','Nygatan 5',NULL,NULL,NULL,'2021-12-13 00:06:33','delete'),(1299,'','','','Åkergränd 47',NULL,NULL,NULL,'2021-12-13 00:06:33','delete'),(1300,'','','','Åkertorget 43',NULL,NULL,NULL,'2021-12-13 00:06:33','delete'),(1301,'','','','Furugatan 18',NULL,NULL,NULL,'2021-12-13 00:06:33','delete'),(1302,'','','','Skoltorget 2',NULL,NULL,NULL,'2021-12-13 00:06:33','delete'),(1303,'','','','Backtorget 268',NULL,NULL,NULL,'2021-12-13 00:06:33','delete'),(1304,'','','','Gengatan 46',NULL,NULL,NULL,'2021-12-13 00:06:33','delete'),(1305,'','','','Trädgårdsvägen 1',NULL,NULL,NULL,'2021-12-13 00:06:33','delete'),(1306,'','','','Aspgatan 675',NULL,NULL,NULL,'2021-12-13 00:06:33','delete'),(1307,'','','','Bäckgatan 734',NULL,NULL,NULL,'2021-12-13 00:06:33','delete'),(1308,'','','','Industrigatan 78',NULL,NULL,NULL,'2021-12-13 00:06:33','delete'),(1309,'','','','Nyvägen 34',NULL,NULL,NULL,'2021-12-13 00:06:33','delete'),(1310,'','','','Villagränd 1',NULL,NULL,NULL,'2021-12-13 00:06:33','delete'),(1311,'','','','Gengatan 8',NULL,NULL,NULL,'2021-12-13 00:06:33','delete'),(1312,'','','','Kvarntorget 603',NULL,NULL,NULL,'2021-12-13 00:06:33','delete'),(1313,'','','','Ängsgatan 33',NULL,NULL,NULL,'2021-12-13 00:06:33','delete'),(1314,'','','','Granvägen 38',NULL,NULL,NULL,'2021-12-13 00:06:33','delete'),(1315,'','','','Aspvägen 419',NULL,NULL,NULL,'2021-12-13 00:06:33','delete'),(1316,'','','','Skogsgränd 346',NULL,NULL,NULL,'2021-12-13 00:06:33','delete'),(1317,'','','','Parktorget 825',NULL,NULL,NULL,'2021-12-13 00:06:33','delete'),(1318,'','','','Grangränd 37',NULL,NULL,NULL,'2021-12-13 00:06:33','delete'),(1319,'','','','Björkgatan 2',NULL,NULL,NULL,'2021-12-13 00:06:33','delete'),(1320,'','','','Kyrkostigen 479',NULL,NULL,NULL,'2021-12-13 00:06:33','delete'),(1321,'','','','Aspgatan 254',NULL,NULL,NULL,'2021-12-13 00:06:33','delete'),(1322,'','','','Storgatan 4',NULL,NULL,NULL,'2021-12-13 00:06:33','delete'),(1323,'','','',NULL,'33157',NULL,NULL,'2021-12-13 00:06:37','insert'),(1324,'','','','Kyrkogatan 127',NULL,NULL,NULL,'2021-12-13 00:06:37','delete'),(1325,'','','',NULL,'38690',NULL,NULL,'2021-12-13 00:06:37','insert'),(1326,'','','','Backgränd 81',NULL,NULL,NULL,'2021-12-13 00:06:37','delete'),(1327,'','','',NULL,'90167',NULL,NULL,'2021-12-13 00:06:37','insert'),(1328,'','','','Idrottsgatan 38',NULL,NULL,NULL,'2021-12-13 00:06:37','delete'),(1329,'','','',NULL,'29179',NULL,NULL,'2021-12-13 00:06:37','insert'),(1330,'','','','Skolgränd 546',NULL,NULL,NULL,'2021-12-13 00:06:37','delete'),(1331,'','','',NULL,'35877',NULL,NULL,'2021-12-13 00:31:55','insert'),(1332,'','','',NULL,'80053',NULL,NULL,'2021-12-13 00:32:46','insert'),(1333,'','','',NULL,'98376',NULL,NULL,'2021-12-13 00:32:53','insert'),(1334,'','','',NULL,'59530',NULL,NULL,'2021-12-13 00:33:21','insert'),(1335,'','','',NULL,'79641',NULL,NULL,'2021-12-13 00:57:55','insert'),(1338,'','','','Backgatan 11',NULL,NULL,NULL,'2021-12-13 00:59:09','delete'),(1339,'','','','Parkgatan 209',NULL,NULL,NULL,'2021-12-13 00:59:09','delete'),(1340,'','','','Skogsvägen 52',NULL,NULL,NULL,'2021-12-13 00:59:09','delete'),(1341,'','','','Bäckstigen 70',NULL,NULL,NULL,'2021-12-13 00:59:09','delete'),(1342,'','','','Kyrkotorget 2',NULL,NULL,NULL,'2021-12-13 00:59:09','delete'),(1343,'','','',NULL,'49751',NULL,NULL,'2021-12-13 00:59:20','insert'),(1345,'','','','Furugatan 7',NULL,NULL,NULL,'2021-12-13 01:02:23','delete'),(1346,'','','',NULL,'46894',NULL,NULL,'2021-12-13 01:02:30','insert'),(1347,'','','','Järnvägstorget 381',NULL,NULL,NULL,'2021-12-13 01:02:30','delete'),(1348,'','','',NULL,'55739',NULL,NULL,'2021-12-13 01:02:32','insert'),(1349,'','','','Ekgränd 14',NULL,NULL,NULL,'2021-12-13 01:02:32','delete'),(1350,'','','',NULL,'60554',NULL,NULL,'2021-12-13 01:03:46','insert'),(1351,'','','','Fabriksvägen 1',NULL,NULL,NULL,'2021-12-13 01:03:46','delete'),(1352,'','','',NULL,'19299',NULL,NULL,'2021-12-13 01:03:46','insert'),(1353,'','','','Genstigen 776',NULL,NULL,NULL,'2021-12-13 01:03:46','delete'),(1354,'','','',NULL,'32475',NULL,NULL,'2021-12-13 01:04:00','insert'),(1355,'','','','Backtorget 9',NULL,NULL,NULL,'2021-12-13 01:04:00','delete'),(1356,'','','',NULL,'73732',NULL,NULL,'2021-12-13 01:04:00','insert'),(1357,'','','','Idrottsvägen 813',NULL,NULL,NULL,'2021-12-13 01:04:00','delete'),(1358,'','','',NULL,'41045',NULL,NULL,'2021-12-13 01:04:01','insert'),(1359,'','','','Kyrkovägen 1',NULL,NULL,NULL,'2021-12-13 01:04:02','delete'),(1360,'','','',NULL,'58299',NULL,NULL,'2021-12-13 01:04:02','insert'),(1361,'','','','Gentorget 59',NULL,NULL,NULL,'2021-12-13 01:04:02','delete'),(1362,'','','',NULL,'65628',NULL,NULL,'2021-12-13 01:04:03','insert'),(1363,'','','','Kyrkgränd 28',NULL,NULL,NULL,'2021-12-13 01:04:03','delete'),(1364,'','','',NULL,'72741',NULL,NULL,'2021-12-13 01:04:03','insert'),(1365,'','','','Idrottstorget 5',NULL,NULL,NULL,'2021-12-13 01:04:03','delete'),(1366,'','','',NULL,'95324',NULL,NULL,'2021-12-13 01:06:23','insert'),(1367,'','','','Kyrkovägen 0',NULL,NULL,NULL,'2021-12-13 01:06:23','delete'),(1368,'','','',NULL,'90107',NULL,NULL,'2021-12-13 01:06:23','insert'),(1369,'','','','Grangränd 51',NULL,NULL,NULL,'2021-12-13 01:06:23','delete'),(1370,'','','',NULL,'63271',NULL,NULL,'2021-12-13 01:06:23','insert'),(1371,'','','','Industrivägen 2',NULL,NULL,NULL,'2021-12-13 01:06:23','delete'),(1372,'','','',NULL,'40918',NULL,NULL,'2021-12-13 01:06:23','insert'),(1373,'','','','Ängsvägen 6',NULL,NULL,NULL,'2021-12-13 01:06:23','delete'),(1374,'','','',NULL,'13605',NULL,NULL,'2021-12-13 01:06:41','insert'),(1375,'','','','Granvägen 8',NULL,NULL,NULL,'2021-12-13 01:06:41','delete'),(1376,'','','',NULL,'94326',NULL,NULL,'2021-12-13 01:06:41','insert'),(1377,'','','','Åkertorget 9',NULL,NULL,NULL,'2021-12-13 01:06:42','delete'),(1378,'','','',NULL,'34158',NULL,NULL,'2021-12-13 01:06:42','insert'),(1379,'','','','Kvarnvägen 9',NULL,NULL,NULL,'2021-12-13 01:06:42','delete'),(1380,'','','',NULL,'10892',NULL,NULL,'2021-12-13 01:06:42','insert'),(1381,'','','','Ängsvägen 4',NULL,NULL,NULL,'2021-12-13 01:06:42','delete'),(1382,'','','',NULL,'85303',NULL,NULL,'2021-12-13 01:07:38','insert'),(1383,'','','','Åkervägen 644',NULL,NULL,NULL,'2021-12-13 01:07:39','delete'),(1384,'','','',NULL,'24910',NULL,NULL,'2021-12-13 01:07:39','insert'),(1385,'','','','Aspgränd 3',NULL,NULL,NULL,'2021-12-13 01:07:39','delete'),(1386,'','','',NULL,'87610',NULL,NULL,'2021-12-13 01:07:39','insert'),(1387,'','','','Björkvägen 774',NULL,NULL,NULL,'2021-12-13 01:07:39','delete'),(1388,'','','',NULL,'52901',NULL,NULL,'2021-12-13 01:07:39','insert'),(1389,'','','','Järnvägsvägen 420',NULL,NULL,NULL,'2021-12-13 01:07:39','delete'),(1390,'','','',NULL,NULL,NULL,NULL,'2021-12-13 01:07:43','insert'),(1391,'','','',NULL,'19021',NULL,NULL,'2021-12-13 01:07:43','insert'),(1392,'','','',NULL,'52317',NULL,NULL,'2021-12-13 01:07:43','insert'),(1393,'','','',NULL,'85027',NULL,NULL,'2021-12-13 01:07:43','insert'),(1394,'','','',NULL,NULL,NULL,NULL,'2021-12-13 01:07:43','delete'),(1395,'','','','Nygränd 3',NULL,NULL,NULL,'2021-12-13 01:07:43','delete'),(1396,'','','','Strandvägen 51',NULL,NULL,NULL,'2021-12-13 01:07:43','delete'),(1397,'','','','Granvägen 54',NULL,NULL,NULL,'2021-12-13 01:07:43','delete'),(1398,'','','',NULL,NULL,NULL,NULL,'2021-12-13 01:07:43','insert'),(1399,'','','',NULL,'68679',NULL,NULL,'2021-12-13 01:07:43','insert'),(1400,'','','',NULL,'93888',NULL,NULL,'2021-12-13 01:07:43','insert'),(1401,'','','',NULL,'28703',NULL,NULL,'2021-12-13 01:07:43','insert'),(1402,'','','',NULL,NULL,NULL,NULL,'2021-12-13 01:07:44','delete'),(1403,'','','','Industrigränd 70',NULL,NULL,NULL,'2021-12-13 01:07:44','delete'),(1404,'','','','Backgatan 81',NULL,NULL,NULL,'2021-12-13 01:07:44','delete'),(1405,'','','','Bäckgatan 80',NULL,NULL,NULL,'2021-12-13 01:07:44','delete'),(1406,'','','',NULL,NULL,NULL,NULL,'2021-12-13 01:07:44','insert'),(1407,'','','',NULL,'26163',NULL,NULL,'2021-12-13 01:07:44','insert'),(1408,'','','',NULL,'27353',NULL,NULL,'2021-12-13 01:07:44','insert'),(1409,'','','',NULL,'96057',NULL,NULL,'2021-12-13 01:07:44','insert'),(1410,'','','',NULL,NULL,NULL,NULL,'2021-12-13 01:07:44','delete'),(1411,'','','','Ringgatan 132',NULL,NULL,NULL,'2021-12-13 01:07:44','delete'),(1412,'','','','Skolgatan 2',NULL,NULL,NULL,'2021-12-13 01:07:44','delete'),(1413,'','','','Bäckgatan 630',NULL,NULL,NULL,'2021-12-13 01:07:44','delete'),(1414,'','','',NULL,NULL,NULL,NULL,'2021-12-13 01:07:44','insert'),(1415,'','','',NULL,'74596',NULL,NULL,'2021-12-13 01:07:44','insert'),(1416,'','','',NULL,NULL,NULL,NULL,'2021-12-13 01:07:44','delete'),(1417,'','','','Skoltorget 98',NULL,NULL,NULL,'2021-12-13 01:07:44','delete'),(1418,'','','',NULL,NULL,NULL,NULL,'2021-12-13 01:07:44','insert'),(1419,'','','',NULL,'54409',NULL,NULL,'2021-12-13 01:07:44','insert'),(1420,'','','',NULL,NULL,NULL,NULL,'2021-12-13 01:07:44','delete'),(1421,'','','','Idrottstorget 5',NULL,NULL,NULL,'2021-12-13 01:07:44','delete'),(1422,'','','',NULL,NULL,NULL,NULL,'2021-12-13 01:07:44','insert'),(1423,'','','',NULL,'61788',NULL,NULL,'2021-12-13 01:07:44','insert'),(1424,'','','',NULL,NULL,NULL,NULL,'2021-12-13 01:07:44','delete'),(1425,'','','','Ringvägen 33',NULL,NULL,NULL,'2021-12-13 01:07:44','delete'),(1426,'','','',NULL,'41265',NULL,NULL,'2021-12-13 01:07:44','insert'),(1427,'','','','Åkervägen 461',NULL,NULL,NULL,'2021-12-13 01:07:44','delete'),(1428,'','','',NULL,'26595',NULL,NULL,'2021-12-13 01:08:21','insert'),(1429,'','','','Björkgränd 20',NULL,NULL,NULL,'2021-12-13 01:08:21','delete'),(1430,'','','',NULL,'68289',NULL,NULL,'2021-12-13 01:08:21','insert'),(1431,'','','','Ringvägen 7',NULL,NULL,NULL,'2021-12-13 01:08:21','delete'),(1432,'','','',NULL,'95490',NULL,NULL,'2021-12-13 01:08:21','insert'),(1433,'','','','Nyvägen 8',NULL,NULL,NULL,'2021-12-13 01:08:21','delete'),(1434,'','','',NULL,'42001',NULL,NULL,'2021-12-13 01:08:21','insert'),(1435,'','','','Ängsvägen 338',NULL,NULL,NULL,'2021-12-13 01:08:21','delete'),(1436,'','','',NULL,'29871',NULL,NULL,'2021-12-13 01:08:35','insert'),(1437,'','','','Industristigen 2',NULL,NULL,NULL,'2021-12-13 01:08:35','delete'),(1438,'','','',NULL,'25223',NULL,NULL,'2021-12-13 01:08:35','insert'),(1439,'','','','Ringgränd 666',NULL,NULL,NULL,'2021-12-13 01:08:35','delete'),(1440,'','','',NULL,'82717',NULL,NULL,'2021-12-13 01:08:35','insert'),(1441,'','','','Bäckvägen 12',NULL,NULL,NULL,'2021-12-13 01:08:35','delete'),(1442,'','','',NULL,'36249',NULL,NULL,'2021-12-13 01:08:35','insert'),(1443,'','','','Ängsvägen 30',NULL,NULL,NULL,'2021-12-13 01:08:35','delete'),(1444,'','','',NULL,'89377',NULL,NULL,'2021-12-13 01:08:37','insert'),(1445,'','','','Industristigen 2',NULL,NULL,NULL,'2021-12-13 01:08:38','delete'),(1446,'','','',NULL,'21262',NULL,NULL,'2021-12-13 01:08:38','insert'),(1447,'','','','Industrigatan 789',NULL,NULL,NULL,'2021-12-13 01:08:38','delete'),(1448,'','','',NULL,'90612',NULL,NULL,'2021-12-13 01:08:38','insert'),(1449,'','','','Bäckstigen 745',NULL,NULL,NULL,'2021-12-13 01:08:38','delete'),(1450,'','','',NULL,'43872',NULL,NULL,'2021-12-13 01:08:38','insert'),(1451,'','','','Kvarngatan 30',NULL,NULL,NULL,'2021-12-13 01:08:38','delete'),(1452,'','','',NULL,'32138',NULL,NULL,'2021-12-13 01:12:57','insert'),(1453,'','','','Grangatan 5',NULL,NULL,NULL,'2021-12-13 01:12:57','delete'),(1454,'','','',NULL,'99173',NULL,NULL,'2021-12-13 01:12:57','insert'),(1455,'','','','Strandvägen 6',NULL,NULL,NULL,'2021-12-13 01:12:57','delete'),(1456,'','','',NULL,'34686',NULL,NULL,'2021-12-13 01:12:57','insert'),(1457,'','','','Trädgårdsvägen 8',NULL,NULL,NULL,'2021-12-13 01:12:57','delete'),(1458,'','','',NULL,'10498',NULL,NULL,'2021-12-13 01:12:57','insert'),(1459,'','','','Parkgatan 0',NULL,NULL,NULL,'2021-12-13 01:12:57','delete'),(1460,'','','',NULL,'55404',NULL,NULL,'2021-12-13 01:13:02','insert'),(1461,'','','','Kyrkgatan 9',NULL,NULL,NULL,'2021-12-13 01:13:02','delete'),(1462,'','','',NULL,'96555',NULL,NULL,'2021-12-13 01:13:02','insert'),(1463,'','','','Backstigen 32','96555',NULL,NULL,'2021-12-13 01:13:02','update'),(1464,'','','','Backstigen 32',NULL,NULL,NULL,'2021-12-13 01:13:02','delete'),(1465,'','','',NULL,NULL,NULL,NULL,'2021-12-13 01:13:03','insert'),(1466,'','','',NULL,'97651',NULL,NULL,'2021-12-13 01:13:03','insert'),(1467,'','','',NULL,'71400',NULL,NULL,'2021-12-13 01:13:03','insert'),(1468,'','','',NULL,'10771',NULL,NULL,'2021-12-13 01:13:03','insert'),(1469,'','','',NULL,'37649',NULL,NULL,'2021-12-13 01:13:03','insert'),(1470,'','','',NULL,'30487',NULL,NULL,'2021-12-13 01:13:03','insert'),(1471,'','','',NULL,'57129',NULL,NULL,'2021-12-13 01:13:03','insert'),(1472,'','','',NULL,'36077',NULL,NULL,'2021-12-13 01:13:03','insert'),(1473,'','','',NULL,'95214',NULL,NULL,'2021-12-13 01:13:03','insert'),(1474,'','','',NULL,'37963',NULL,NULL,'2021-12-13 01:13:03','insert'),(1475,'','','',NULL,'55162',NULL,NULL,'2021-12-13 01:13:03','insert'),(1476,'','','',NULL,'37639',NULL,NULL,'2021-12-13 01:13:03','insert'),(1477,'','','',NULL,'41812',NULL,NULL,'2021-12-13 01:13:03','insert'),(1478,'','','',NULL,'34445',NULL,NULL,'2021-12-13 01:13:03','insert'),(1479,'','','',NULL,'45083',NULL,NULL,'2021-12-13 01:13:03','insert'),(1480,'','','',NULL,'82548',NULL,NULL,'2021-12-13 01:13:03','insert'),(1481,'','','',NULL,'94346',NULL,NULL,'2021-12-13 01:13:03','insert'),(1482,'','','',NULL,'68847',NULL,NULL,'2021-12-13 01:13:03','insert'),(1483,'','','',NULL,'84730',NULL,NULL,'2021-12-13 01:13:03','insert'),(1484,'','','',NULL,'28517',NULL,NULL,'2021-12-13 01:13:03','insert'),(1485,'','','',NULL,'32738',NULL,NULL,'2021-12-13 01:13:03','insert'),(1486,'','','',NULL,'53245',NULL,NULL,'2021-12-13 01:13:03','insert'),(1487,'','','',NULL,'42978',NULL,NULL,'2021-12-13 01:13:03','insert'),(1488,'','','',NULL,'26570',NULL,NULL,'2021-12-13 01:13:03','insert'),(1489,'','','',NULL,'46709',NULL,NULL,'2021-12-13 01:13:03','insert'),(1490,'','','',NULL,'25940',NULL,NULL,'2021-12-13 01:13:03','insert'),(1491,'','','',NULL,'25860',NULL,NULL,'2021-12-13 01:13:03','insert'),(1492,'','','',NULL,'80733',NULL,NULL,'2021-12-13 01:13:03','insert'),(1493,'','','',NULL,'16726',NULL,NULL,'2021-12-13 01:13:03','insert'),(1494,'','','',NULL,'74077',NULL,NULL,'2021-12-13 01:13:03','insert'),(1495,'','','',NULL,'14099',NULL,NULL,'2021-12-13 01:13:03','insert'),(1496,'','','',NULL,'68185',NULL,NULL,'2021-12-13 01:13:03','insert'),(1497,'','','',NULL,'42911',NULL,NULL,'2021-12-13 01:13:03','insert'),(1498,'','','',NULL,'30675',NULL,NULL,'2021-12-13 01:13:03','insert'),(1499,'','','',NULL,'28767',NULL,NULL,'2021-12-13 01:13:03','insert'),(1500,'','','',NULL,'10922',NULL,NULL,'2021-12-13 01:13:03','insert'),(1501,'','','',NULL,'41109',NULL,NULL,'2021-12-13 01:13:03','insert'),(1502,'','','',NULL,'41721',NULL,NULL,'2021-12-13 01:13:03','insert'),(1503,'','','',NULL,'95568',NULL,NULL,'2021-12-13 01:13:03','insert'),(1504,'','','',NULL,'68479',NULL,NULL,'2021-12-13 01:13:03','insert'),(1505,'','','',NULL,'90798',NULL,NULL,'2021-12-13 01:13:03','insert'),(1506,'','','',NULL,'81327',NULL,NULL,'2021-12-13 01:13:03','insert'),(1507,'','','',NULL,'35338',NULL,NULL,'2021-12-13 01:13:03','insert'),(1508,'','','',NULL,'56097',NULL,NULL,'2021-12-13 01:13:03','insert'),(1509,'','','',NULL,'49495',NULL,NULL,'2021-12-13 01:13:03','insert'),(1510,'','','',NULL,'95980',NULL,NULL,'2021-12-13 01:13:03','insert'),(1511,'','','',NULL,'21872',NULL,NULL,'2021-12-13 01:13:03','insert'),(1512,'','','',NULL,'64384',NULL,NULL,'2021-12-13 01:13:03','insert'),(1513,'','','',NULL,'77285',NULL,NULL,'2021-12-13 01:13:03','insert'),(1514,'','','',NULL,'97499',NULL,NULL,'2021-12-13 01:13:04','insert'),(1515,'','','',NULL,'89427',NULL,NULL,'2021-12-13 01:13:04','insert'),(1516,'','','',NULL,'73025',NULL,NULL,'2021-12-13 01:13:04','insert'),(1517,'','','',NULL,'29078',NULL,NULL,'2021-12-13 01:13:04','insert'),(1518,'','','',NULL,'86305',NULL,NULL,'2021-12-13 01:13:04','insert'),(1519,'','','',NULL,'76239',NULL,NULL,'2021-12-13 01:13:04','insert'),(1520,'','','',NULL,'15320',NULL,NULL,'2021-12-13 01:13:04','insert'),(1521,'','','',NULL,'42013',NULL,NULL,'2021-12-13 01:13:04','insert'),(1522,'','','',NULL,'85264',NULL,NULL,'2021-12-13 01:13:04','insert'),(1523,'','','',NULL,'97280',NULL,NULL,'2021-12-13 01:13:04','insert'),(1524,'','','',NULL,'55996',NULL,NULL,'2021-12-13 01:13:04','insert'),(1525,'','','',NULL,'97399',NULL,NULL,'2021-12-13 01:13:04','insert'),(1526,'','','',NULL,'50849',NULL,NULL,'2021-12-13 01:13:04','insert'),(1527,'','','',NULL,'52223',NULL,NULL,'2021-12-13 01:13:04','insert'),(1528,'','','',NULL,'79233',NULL,NULL,'2021-12-13 01:13:04','insert'),(1529,'','','',NULL,'87513',NULL,NULL,'2021-12-13 01:13:04','insert'),(1530,'','','',NULL,'31956',NULL,NULL,'2021-12-13 01:13:04','insert'),(1531,'','','',NULL,'46480',NULL,NULL,'2021-12-13 01:13:04','insert'),(1532,'','','',NULL,'18498',NULL,NULL,'2021-12-13 01:13:04','insert'),(1533,'','','',NULL,'88481',NULL,NULL,'2021-12-13 01:13:04','insert'),(1534,'','','',NULL,'72602',NULL,NULL,'2021-12-13 01:13:04','insert'),(1535,'','','',NULL,'83093',NULL,NULL,'2021-12-13 01:13:04','insert'),(1536,'','','',NULL,'40889',NULL,NULL,'2021-12-13 01:13:04','insert'),(1537,'','','',NULL,'54340',NULL,NULL,'2021-12-13 01:13:04','insert'),(1538,'','','',NULL,'23781',NULL,NULL,'2021-12-13 01:13:04','insert'),(1539,'','','',NULL,'13018',NULL,NULL,'2021-12-13 01:13:04','insert'),(1540,'','','',NULL,'33213',NULL,NULL,'2021-12-13 01:13:04','insert'),(1541,'','','',NULL,'43780',NULL,NULL,'2021-12-13 01:13:04','insert'),(1542,'','','',NULL,'29607',NULL,NULL,'2021-12-13 01:13:04','insert'),(1543,'','','',NULL,'30893',NULL,NULL,'2021-12-13 01:13:04','insert'),(1544,'','','',NULL,'33318',NULL,NULL,'2021-12-13 01:13:04','insert'),(1545,'','','',NULL,'30657',NULL,NULL,'2021-12-13 01:13:04','insert'),(1546,'','','',NULL,'33734',NULL,NULL,'2021-12-13 01:13:04','insert'),(1547,'','','',NULL,'35491',NULL,NULL,'2021-12-13 01:13:04','insert'),(1548,'','','',NULL,'63215',NULL,NULL,'2021-12-13 01:13:04','insert'),(1549,'','','',NULL,'11404',NULL,NULL,'2021-12-13 01:13:04','insert'),(1550,'','','',NULL,'65378',NULL,NULL,'2021-12-13 01:13:04','insert'),(1551,'','','',NULL,'91165',NULL,NULL,'2021-12-13 01:13:04','insert'),(1552,'','','',NULL,'94114',NULL,NULL,'2021-12-13 01:13:04','insert'),(1553,'','','',NULL,'90113',NULL,NULL,'2021-12-13 01:13:04','insert'),(1554,'','','',NULL,'17536',NULL,NULL,'2021-12-13 01:13:04','insert'),(1555,'','','',NULL,'27739',NULL,NULL,'2021-12-13 01:13:04','insert'),(1556,'','','',NULL,'11380',NULL,NULL,'2021-12-13 01:13:04','insert'),(1557,'','','',NULL,'97355',NULL,NULL,'2021-12-13 01:13:04','insert'),(1558,'','','',NULL,'52629',NULL,NULL,'2021-12-13 01:13:04','insert'),(1559,'','','',NULL,'86100',NULL,NULL,'2021-12-13 01:13:04','insert'),(1560,'','','',NULL,'52181',NULL,NULL,'2021-12-13 01:13:04','insert'),(1561,'','','',NULL,'31538',NULL,NULL,'2021-12-13 01:13:04','insert'),(1562,'','','',NULL,'49474',NULL,NULL,'2021-12-13 01:13:04','insert'),(1563,'','','',NULL,'38739',NULL,NULL,'2021-12-13 01:13:04','insert'),(1564,'','','',NULL,'95635',NULL,NULL,'2021-12-13 01:13:04','insert'),(1565,'','','',NULL,'36577',NULL,NULL,'2021-12-13 01:13:04','insert'),(1566,'','','',NULL,NULL,NULL,NULL,'2021-12-13 01:13:06','delete'),(1567,'','','','Aspvägen 175',NULL,NULL,NULL,'2021-12-13 01:13:06','delete'),(1568,'','','','Skolgränd 12',NULL,NULL,NULL,'2021-12-13 01:13:06','delete'),(1569,'','','','Parkvägen 4',NULL,NULL,NULL,'2021-12-13 01:13:06','delete'),(1570,'','','','Ängstorget 8',NULL,NULL,NULL,'2021-12-13 01:13:06','delete'),(1571,'','','','Stortorget 0',NULL,NULL,NULL,'2021-12-13 01:13:06','delete'),(1572,'','','','Bäckgatan 627',NULL,NULL,NULL,'2021-12-13 01:13:06','delete'),(1573,'','','','Björkvägen 568',NULL,NULL,NULL,'2021-12-13 01:13:06','delete'),(1574,'','','','Järnvägstorget 51',NULL,NULL,NULL,'2021-12-13 01:13:06','delete'),(1575,'','','','Idrottsgatan 47',NULL,NULL,NULL,'2021-12-13 01:13:06','delete'),(1576,'','','','Fabriksgränd 96',NULL,NULL,NULL,'2021-12-13 01:13:06','delete'),(1577,'','','','Ängsgatan 4',NULL,NULL,NULL,'2021-12-13 01:13:06','delete'),(1578,'','','','Kyrktorget 1',NULL,NULL,NULL,'2021-12-13 01:13:06','delete'),(1579,'','','','Industritorget 3',NULL,NULL,NULL,'2021-12-13 01:13:06','delete'),(1580,'','','','Kyrkogatan 4',NULL,NULL,NULL,'2021-12-13 01:13:06','delete'),(1581,'','','','Kvarngränd 739',NULL,NULL,NULL,'2021-12-13 01:13:06','delete'),(1582,'','','','Aspvägen 7',NULL,NULL,NULL,'2021-12-13 01:13:06','delete'),(1583,'','','','Fabriksgatan 385',NULL,NULL,NULL,'2021-12-13 01:13:06','delete'),(1584,'','','','Storvägen 6',NULL,NULL,NULL,'2021-12-13 01:13:06','delete'),(1585,'','','','Genvägen 81',NULL,NULL,NULL,'2021-12-13 01:13:06','delete'),(1586,'','','','Strandtorget 359',NULL,NULL,NULL,'2021-12-13 01:13:06','delete'),(1587,'','','','Genvägen 151',NULL,NULL,NULL,'2021-12-13 01:13:06','delete'),(1588,'','','','Ringstigen 2',NULL,NULL,NULL,'2021-12-13 01:13:06','delete'),(1589,'','','','Skolgatan 55',NULL,NULL,NULL,'2021-12-13 01:13:06','delete'),(1590,'','','','Villavägen 87',NULL,NULL,NULL,'2021-12-13 01:13:06','delete'),(1591,'','','','Kvarngatan 698',NULL,NULL,NULL,'2021-12-13 01:13:06','delete'),(1592,'','','','Villavägen 6',NULL,NULL,NULL,'2021-12-13 01:13:06','delete'),(1593,'','','','Kvarnvägen 98',NULL,NULL,NULL,'2021-12-13 01:13:06','delete'),(1594,'','','','Genstigen 168',NULL,NULL,NULL,'2021-12-13 01:13:06','delete'),(1595,'','','','Åkergatan 36',NULL,NULL,NULL,'2021-12-13 01:13:06','delete'),(1596,'','','','Strandgatan 69',NULL,NULL,NULL,'2021-12-13 01:13:06','delete'),(1597,'','','','Aspgatan 41',NULL,NULL,NULL,'2021-12-13 01:13:06','delete'),(1598,'','','','Ekstigen 2',NULL,NULL,NULL,'2021-12-13 01:13:06','delete'),(1599,'','','','Parkvägen 3',NULL,NULL,NULL,'2021-12-13 01:13:06','delete'),(1600,'','','','Gengatan 124',NULL,NULL,NULL,'2021-12-13 01:13:06','delete'),(1601,'','','','Skolvägen 0',NULL,NULL,NULL,'2021-12-13 01:13:06','delete'),(1602,'','','','Trädgårdsstigen 410',NULL,NULL,NULL,'2021-12-13 01:13:06','delete'),(1603,'','','','Ängsvägen 3',NULL,NULL,NULL,'2021-12-13 01:13:06','delete'),(1604,'','','','Parkvägen 96',NULL,NULL,NULL,'2021-12-13 01:13:06','delete'),(1605,'','','','Grangränd 970',NULL,NULL,NULL,'2021-12-13 01:13:06','delete'),(1606,'','','','Kyrkogatan 105',NULL,NULL,NULL,'2021-12-13 01:13:06','delete'),(1607,'','','','Parkvägen 77',NULL,NULL,NULL,'2021-12-13 01:13:06','delete'),(1608,'','','','Bäckgränd 22',NULL,NULL,NULL,'2021-12-13 01:13:06','delete'),(1609,'','','','Parkgatan 5',NULL,NULL,NULL,'2021-12-13 01:13:06','delete'),(1610,'','','','Aspvägen 3',NULL,NULL,NULL,'2021-12-13 01:13:06','delete'),(1611,'','','','Järnvägsgatan 54',NULL,NULL,NULL,'2021-12-13 01:13:06','delete'),(1612,'','','','Backgränd 66',NULL,NULL,NULL,'2021-12-13 01:13:06','delete'),(1613,'','','','Parkgatan 9',NULL,NULL,NULL,'2021-12-13 01:13:06','delete'),(1614,'','','','Trädgårdsvägen 8',NULL,NULL,NULL,'2021-12-13 01:13:06','delete'),(1615,'','','','Parktorget 55',NULL,NULL,NULL,'2021-12-13 01:13:06','delete'),(1616,'','','','Skogsgränd 63',NULL,NULL,NULL,'2021-12-13 01:13:06','delete'),(1617,'','','','Åkervägen 221',NULL,NULL,NULL,'2021-12-13 01:13:06','delete'),(1618,'','','','Järnvägsgatan 219',NULL,NULL,NULL,'2021-12-13 01:13:06','delete'),(1619,'','','','Fabriksgränd 64',NULL,NULL,NULL,'2021-12-13 01:13:06','delete'),(1620,'','','','Asptorget 43',NULL,NULL,NULL,'2021-12-13 01:13:06','delete'),(1621,'','','','Ängstorget 2',NULL,NULL,NULL,'2021-12-13 01:13:06','delete'),(1622,'','','','Strandtorget 128',NULL,NULL,NULL,'2021-12-13 01:13:06','delete'),(1623,'','','','Kyrkgatan 9',NULL,NULL,NULL,'2021-12-13 01:13:06','delete'),(1624,'','','','Kyrkstigen 58',NULL,NULL,NULL,'2021-12-13 01:13:06','delete'),(1625,'','','','Åkervägen 4',NULL,NULL,NULL,'2021-12-13 01:13:06','delete'),(1626,'','','','Skolgatan 77',NULL,NULL,NULL,'2021-12-13 01:13:06','delete'),(1627,'','','','Stationsvägen 84',NULL,NULL,NULL,'2021-12-13 01:13:06','delete'),(1628,'','','','Parkstigen 1',NULL,NULL,NULL,'2021-12-13 01:13:06','delete'),(1629,'','','','Villavägen 2',NULL,NULL,NULL,'2021-12-13 01:13:06','delete'),(1630,'','','','Backstigen 7',NULL,NULL,NULL,'2021-12-13 01:13:06','delete'),(1631,'','','','Parkstigen 163',NULL,NULL,NULL,'2021-12-13 01:13:06','delete'),(1632,'','','','Ringgränd 69',NULL,NULL,NULL,'2021-12-13 01:13:06','delete'),(1633,'','','','Nygränd 951',NULL,NULL,NULL,'2021-12-13 01:13:06','delete'),(1634,'','','','Granstigen 4',NULL,NULL,NULL,'2021-12-13 01:13:06','delete'),(1635,'','','','Parkvägen 3',NULL,NULL,NULL,'2021-12-13 01:13:06','delete'),(1636,'','','','Skoltorget 48',NULL,NULL,NULL,'2021-12-13 01:13:06','delete'),(1637,'','','','Kyrktorget 92',NULL,NULL,NULL,'2021-12-13 01:13:06','delete'),(1638,'','','','Kvarnvägen 7',NULL,NULL,NULL,'2021-12-13 01:13:06','delete'),(1639,'','','','Furugatan 63',NULL,NULL,NULL,'2021-12-13 01:13:06','delete'),(1640,'','','','Skogsvägen 326',NULL,NULL,NULL,'2021-12-13 01:13:06','delete'),(1641,'','','','Idrottsgatan 409',NULL,NULL,NULL,'2021-12-13 01:13:06','delete'),(1642,'','','','Stationsgatan 1',NULL,NULL,NULL,'2021-12-13 01:13:06','delete'),(1643,'','','','Kyrkostigen 0',NULL,NULL,NULL,'2021-12-13 01:13:06','delete'),(1644,'','','','Strandgränd 2',NULL,NULL,NULL,'2021-12-13 01:13:06','delete'),(1645,'','','','Idrottsgatan 86',NULL,NULL,NULL,'2021-12-13 01:13:06','delete'),(1646,'','','','Kvarngatan 1',NULL,NULL,NULL,'2021-12-13 01:13:06','delete'),(1647,'','','','Stationsvägen 4',NULL,NULL,NULL,'2021-12-13 01:13:06','delete'),(1648,'','','','Ängsgränd 443',NULL,NULL,NULL,'2021-12-13 01:13:06','delete'),(1649,'','','','Stationstorget 899',NULL,NULL,NULL,'2021-12-13 01:13:06','delete'),(1650,'','','','Fabrikstorget 108',NULL,NULL,NULL,'2021-12-13 01:13:06','delete'),(1651,'','','','Aspgränd 9',NULL,NULL,NULL,'2021-12-13 01:13:06','delete'),(1652,'','','','Stationsgränd 789',NULL,NULL,NULL,'2021-12-13 01:13:06','delete'),(1653,'','','','Aspvägen 2',NULL,NULL,NULL,'2021-12-13 01:13:06','delete'),(1654,'','','','Backgränd 2',NULL,NULL,NULL,'2021-12-13 01:13:06','delete'),(1655,'','','','Skogsstigen 518',NULL,NULL,NULL,'2021-12-13 01:13:06','delete'),(1656,'','','','Backstigen 861',NULL,NULL,NULL,'2021-12-13 01:13:06','delete'),(1657,'','','','Skogsvägen 9',NULL,NULL,NULL,'2021-12-13 01:13:06','delete'),(1658,'','','','Kvarnvägen 723',NULL,NULL,NULL,'2021-12-13 01:13:06','delete'),(1659,'','','','Idrottsgatan 309',NULL,NULL,NULL,'2021-12-13 01:13:06','delete'),(1660,'','','','Furuvägen 793',NULL,NULL,NULL,'2021-12-13 01:13:06','delete'),(1661,'','','','Industrigränd 230',NULL,NULL,NULL,'2021-12-13 01:13:06','delete'),(1662,'','','','Kvarngatan 76',NULL,NULL,NULL,'2021-12-13 01:13:06','delete'),(1663,'','','','Furuvägen 685',NULL,NULL,NULL,'2021-12-13 01:13:06','delete'),(1664,'','','','Furuvägen 72',NULL,NULL,NULL,'2021-12-13 01:13:06','delete'),(1665,'','','','Nystigen 43',NULL,NULL,NULL,'2021-12-13 01:13:06','delete'),(1666,'','','','Björkgatan 8',NULL,NULL,NULL,'2021-12-13 01:13:06','delete'),(1667,'','','',NULL,NULL,NULL,NULL,'2021-12-13 01:13:07','insert'),(1668,'','','',NULL,'72561',NULL,NULL,'2021-12-13 01:13:07','insert'),(1669,'','','',NULL,'87800',NULL,NULL,'2021-12-13 01:13:07','insert'),(1670,'','','',NULL,'13806',NULL,NULL,'2021-12-13 01:13:07','insert'),(1671,'','','',NULL,'96572',NULL,NULL,'2021-12-13 01:13:07','insert'),(1672,'','','',NULL,'33609',NULL,NULL,'2021-12-13 01:13:07','insert'),(1673,'','','',NULL,'91518',NULL,NULL,'2021-12-13 01:13:07','insert'),(1674,'','','',NULL,'79745',NULL,NULL,'2021-12-13 01:13:07','insert'),(1675,'','','',NULL,'68669',NULL,NULL,'2021-12-13 01:13:07','insert'),(1676,'','','',NULL,'48852',NULL,NULL,'2021-12-13 01:13:07','insert'),(1677,'','','',NULL,'21810',NULL,NULL,'2021-12-13 01:13:07','insert'),(1678,'','','',NULL,'17734',NULL,NULL,'2021-12-13 01:13:07','insert'),(1679,'','','',NULL,'40096',NULL,NULL,'2021-12-13 01:13:07','insert'),(1680,'','','',NULL,'85161',NULL,NULL,'2021-12-13 01:13:07','insert'),(1681,'','','',NULL,'10765',NULL,NULL,'2021-12-13 01:13:07','insert'),(1682,'','','',NULL,'63074',NULL,NULL,'2021-12-13 01:13:07','insert'),(1683,'','','',NULL,'23859',NULL,NULL,'2021-12-13 01:13:07','insert'),(1684,'','','',NULL,'94353',NULL,NULL,'2021-12-13 01:13:07','insert'),(1685,'','','',NULL,'17720',NULL,NULL,'2021-12-13 01:13:07','insert'),(1686,'','','',NULL,'55889',NULL,NULL,'2021-12-13 01:13:07','insert'),(1687,'','','',NULL,'22744',NULL,NULL,'2021-12-13 01:13:07','insert'),(1688,'','','',NULL,'39612',NULL,NULL,'2021-12-13 01:13:07','insert'),(1689,'','','',NULL,'24003',NULL,NULL,'2021-12-13 01:13:07','insert'),(1690,'','','',NULL,'23780',NULL,NULL,'2021-12-13 01:13:07','insert'),(1691,'','','',NULL,'41327',NULL,NULL,'2021-12-13 01:13:07','insert'),(1692,'','','',NULL,'64932',NULL,NULL,'2021-12-13 01:13:07','insert'),(1693,'','','',NULL,'16285',NULL,NULL,'2021-12-13 01:13:07','insert'),(1694,'','','',NULL,'62430',NULL,NULL,'2021-12-13 01:13:07','insert'),(1695,'','','',NULL,'75351',NULL,NULL,'2021-12-13 01:13:07','insert'),(1696,'','','',NULL,'98396',NULL,NULL,'2021-12-13 01:13:07','insert'),(1697,'','','',NULL,'19537',NULL,NULL,'2021-12-13 01:13:07','insert'),(1698,'','','',NULL,'75131',NULL,NULL,'2021-12-13 01:13:07','insert'),(1699,'','','',NULL,'61978',NULL,NULL,'2021-12-13 01:13:07','insert'),(1700,'','','',NULL,'47898',NULL,NULL,'2021-12-13 01:13:07','insert'),(1701,'','','',NULL,'34229',NULL,NULL,'2021-12-13 01:13:07','insert'),(1702,'','','',NULL,'44800',NULL,NULL,'2021-12-13 01:13:07','insert'),(1703,'','','',NULL,'89935',NULL,NULL,'2021-12-13 01:13:07','insert'),(1704,'','','',NULL,'31629',NULL,NULL,'2021-12-13 01:13:07','insert'),(1705,'','','',NULL,'16201',NULL,NULL,'2021-12-13 01:13:07','insert'),(1706,'','','',NULL,'72987',NULL,NULL,'2021-12-13 01:13:07','insert'),(1707,'','','',NULL,'42317',NULL,NULL,'2021-12-13 01:13:07','insert'),(1708,'','','',NULL,'80248',NULL,NULL,'2021-12-13 01:13:07','insert'),(1709,'','','',NULL,'12736',NULL,NULL,'2021-12-13 01:13:07','insert'),(1710,'','','',NULL,'43567',NULL,NULL,'2021-12-13 01:13:07','insert'),(1711,'','','',NULL,'77289',NULL,NULL,'2021-12-13 01:13:07','insert'),(1712,'','','',NULL,'30908',NULL,NULL,'2021-12-13 01:13:07','insert'),(1713,'','','',NULL,'75642',NULL,NULL,'2021-12-13 01:13:07','insert'),(1714,'','','',NULL,'95730',NULL,NULL,'2021-12-13 01:13:07','insert'),(1715,'','','',NULL,'24286',NULL,NULL,'2021-12-13 01:13:07','insert'),(1716,'','','',NULL,'58537',NULL,NULL,'2021-12-13 01:13:07','insert'),(1717,'','','',NULL,'22781',NULL,NULL,'2021-12-13 01:13:07','insert'),(1718,'','','',NULL,'78993',NULL,NULL,'2021-12-13 01:13:07','insert'),(1719,'','','',NULL,'17895',NULL,NULL,'2021-12-13 01:13:07','insert'),(1720,'','','',NULL,'38913',NULL,NULL,'2021-12-13 01:13:07','insert'),(1721,'','','',NULL,'24588',NULL,NULL,'2021-12-13 01:13:07','insert'),(1722,'','','',NULL,'66771',NULL,NULL,'2021-12-13 01:13:07','insert'),(1723,'','','',NULL,'53639',NULL,NULL,'2021-12-13 01:13:07','insert'),(1724,'','','',NULL,'64154',NULL,NULL,'2021-12-13 01:13:07','insert'),(1725,'','','',NULL,'59571',NULL,NULL,'2021-12-13 01:13:07','insert'),(1726,'','','',NULL,'24856',NULL,NULL,'2021-12-13 01:13:07','insert'),(1727,'','','',NULL,'78185',NULL,NULL,'2021-12-13 01:13:07','insert'),(1728,'','','',NULL,'47822',NULL,NULL,'2021-12-13 01:13:07','insert'),(1729,'','','',NULL,'48561',NULL,NULL,'2021-12-13 01:13:07','insert'),(1730,'','','',NULL,'76199',NULL,NULL,'2021-12-13 01:13:07','insert'),(1731,'','','',NULL,'71728',NULL,NULL,'2021-12-13 01:13:07','insert'),(1732,'','','',NULL,'73261',NULL,NULL,'2021-12-13 01:13:08','insert'),(1733,'','','',NULL,'93635',NULL,NULL,'2021-12-13 01:13:08','insert'),(1734,'','','',NULL,'70687',NULL,NULL,'2021-12-13 01:13:08','insert'),(1735,'','','',NULL,'35120',NULL,NULL,'2021-12-13 01:13:08','insert'),(1736,'','','',NULL,'47645',NULL,NULL,'2021-12-13 01:13:08','insert'),(1737,'','','',NULL,'28252',NULL,NULL,'2021-12-13 01:13:08','insert'),(1738,'','','',NULL,'66914',NULL,NULL,'2021-12-13 01:13:08','insert'),(1739,'','','',NULL,'45163',NULL,NULL,'2021-12-13 01:13:08','insert'),(1740,'','','',NULL,'72722',NULL,NULL,'2021-12-13 01:13:08','insert'),(1741,'','','',NULL,'91162',NULL,NULL,'2021-12-13 01:13:08','insert'),(1742,'','','',NULL,'64793',NULL,NULL,'2021-12-13 01:13:08','insert'),(1743,'','','',NULL,'35422',NULL,NULL,'2021-12-13 01:13:08','insert'),(1744,'','','',NULL,'64865',NULL,NULL,'2021-12-13 01:13:08','insert'),(1745,'','','',NULL,'61608',NULL,NULL,'2021-12-13 01:13:08','insert'),(1746,'','','',NULL,'59399',NULL,NULL,'2021-12-13 01:13:08','insert'),(1747,'','','',NULL,'44776',NULL,NULL,'2021-12-13 01:13:08','insert'),(1748,'','','',NULL,'41620',NULL,NULL,'2021-12-13 01:13:08','insert'),(1749,'','','',NULL,'30284',NULL,NULL,'2021-12-13 01:13:08','insert'),(1750,'','','',NULL,'50379',NULL,NULL,'2021-12-13 01:13:08','insert'),(1751,'','','',NULL,'19148',NULL,NULL,'2021-12-13 01:13:08','insert'),(1752,'','','',NULL,'58702',NULL,NULL,'2021-12-13 01:13:08','insert'),(1753,'','','',NULL,'80664',NULL,NULL,'2021-12-13 01:13:08','insert'),(1754,'','','',NULL,'81345',NULL,NULL,'2021-12-13 01:13:08','insert'),(1755,'','','',NULL,'28462',NULL,NULL,'2021-12-13 01:13:08','insert'),(1756,'','','',NULL,'74294',NULL,NULL,'2021-12-13 01:13:08','insert'),(1757,'','','',NULL,'62556',NULL,NULL,'2021-12-13 01:13:08','insert'),(1758,'','','',NULL,'26866',NULL,NULL,'2021-12-13 01:13:08','insert'),(1759,'','','',NULL,'79034',NULL,NULL,'2021-12-13 01:13:08','insert'),(1760,'','','',NULL,'23992',NULL,NULL,'2021-12-13 01:13:08','insert'),(1761,'','','',NULL,'94245',NULL,NULL,'2021-12-13 01:13:08','insert'),(1762,'','','',NULL,'95119',NULL,NULL,'2021-12-13 01:13:08','insert'),(1763,'','','',NULL,'51518',NULL,NULL,'2021-12-13 01:13:08','insert'),(1764,'','','',NULL,'71495',NULL,NULL,'2021-12-13 01:13:08','insert'),(1765,'','','',NULL,'65334',NULL,NULL,'2021-12-13 01:13:08','insert'),(1766,'','','',NULL,'11535',NULL,NULL,'2021-12-13 01:13:08','insert'),(1767,'','','',NULL,'65765',NULL,NULL,'2021-12-13 01:13:08','insert'),(1768,'','','',NULL,NULL,NULL,NULL,'2021-12-13 01:13:11','delete'),(1769,'','','','Nystigen 482',NULL,NULL,NULL,'2021-12-13 01:13:11','delete'),(1770,'','','','Stortorget 43',NULL,NULL,NULL,'2021-12-13 01:13:11','delete'),(1771,'','','','Industrigatan 780',NULL,NULL,NULL,'2021-12-13 01:13:11','delete'),(1772,'','','','Idrottsvägen 44',NULL,NULL,NULL,'2021-12-13 01:13:11','delete'),(1773,'','','','Ringvägen 960',NULL,NULL,NULL,'2021-12-13 01:13:11','delete'),(1774,'','','','Aspstigen 6',NULL,NULL,NULL,'2021-12-13 01:13:11','delete'),(1775,'','','','Trädgårdsgränd 58',NULL,NULL,NULL,'2021-12-13 01:13:11','delete'),(1776,'','','','Nygatan 501',NULL,NULL,NULL,'2021-12-13 01:13:11','delete'),(1777,'','','','Furuvägen 285',NULL,NULL,NULL,'2021-12-13 01:13:11','delete'),(1778,'','','','Idrottsvägen 55',NULL,NULL,NULL,'2021-12-13 01:13:11','delete'),(1779,'','','','Trädgårdsgatan 97',NULL,NULL,NULL,'2021-12-13 01:13:11','delete'),(1780,'','','','Kyrkgatan 13',NULL,NULL,NULL,'2021-12-13 01:13:11','delete'),(1781,'','','','Åkervägen 396',NULL,NULL,NULL,'2021-12-13 01:13:11','delete'),(1782,'','','','Åkervägen 725',NULL,NULL,NULL,'2021-12-13 01:13:11','delete'),(1783,'','','','Bäckvägen 4',NULL,NULL,NULL,'2021-12-13 01:13:11','delete'),(1784,'','','','Nygränd 9',NULL,NULL,NULL,'2021-12-13 01:13:11','delete'),(1785,'','','','Storgränd 99',NULL,NULL,NULL,'2021-12-13 01:13:11','delete'),(1786,'','','','Ängsvägen 17',NULL,NULL,NULL,'2021-12-13 01:13:11','delete'),(1787,'','','','Backstigen 5',NULL,NULL,NULL,'2021-12-13 01:13:11','delete'),(1788,'','','','Industrivägen 207',NULL,NULL,NULL,'2021-12-13 01:13:11','delete'),(1789,'','','','Industrigatan 5',NULL,NULL,NULL,'2021-12-13 01:13:11','delete'),(1790,'','','','Grangatan 43',NULL,NULL,NULL,'2021-12-13 01:13:11','delete'),(1791,'','','','Ekvägen 77',NULL,NULL,NULL,'2021-12-13 01:13:11','delete'),(1792,'','','','Furustigen 995',NULL,NULL,NULL,'2021-12-13 01:13:11','delete'),(1793,'','','','Genvägen 527',NULL,NULL,NULL,'2021-12-13 01:13:11','delete'),(1794,'','','','Ringstigen 90',NULL,NULL,NULL,'2021-12-13 01:13:11','delete'),(1795,'','','','Backgränd 22',NULL,NULL,NULL,'2021-12-13 01:13:11','delete'),(1796,'','','','Villagränd 372',NULL,NULL,NULL,'2021-12-13 01:13:11','delete'),(1797,'','','','Stationsgränd 6',NULL,NULL,NULL,'2021-12-13 01:13:11','delete'),(1798,'','','','Järnvägsvägen 41',NULL,NULL,NULL,'2021-12-13 01:13:11','delete'),(1799,'','','','Björkvägen 97',NULL,NULL,NULL,'2021-12-13 01:13:11','delete'),(1800,'','','','Backvägen 643',NULL,NULL,NULL,'2021-12-13 01:13:11','delete'),(1801,'','','','Villavägen 535',NULL,NULL,NULL,'2021-12-13 01:13:11','delete'),(1802,'','','','Ringstigen 72',NULL,NULL,NULL,'2021-12-13 01:13:11','delete'),(1803,'','','','Ekstigen 341',NULL,NULL,NULL,'2021-12-13 01:13:11','delete'),(1804,'','','','Parkstigen 72',NULL,NULL,NULL,'2021-12-13 01:13:11','delete'),(1805,'','','','Ringvägen 0',NULL,NULL,NULL,'2021-12-13 01:13:11','delete'),(1806,'','','','Furugatan 29',NULL,NULL,NULL,'2021-12-13 01:13:11','delete'),(1807,'','','','Nygatan 5',NULL,NULL,NULL,'2021-12-13 01:13:11','delete'),(1808,'','','','Kyrkostigen 53',NULL,NULL,NULL,'2021-12-13 01:13:11','delete'),(1809,'','','','Kyrkotorget 9',NULL,NULL,NULL,'2021-12-13 01:13:11','delete'),(1810,'','','','Villagatan 191',NULL,NULL,NULL,'2021-12-13 01:13:11','delete'),(1811,'','','','Industrigatan 2',NULL,NULL,NULL,'2021-12-13 01:13:11','delete'),(1812,'','','','Aspgatan 685',NULL,NULL,NULL,'2021-12-13 01:13:11','delete'),(1813,'','','','Skolgatan 2',NULL,NULL,NULL,'2021-12-13 01:13:11','delete'),(1814,'','','','Granstigen 0',NULL,NULL,NULL,'2021-12-13 01:13:11','delete'),(1815,'','','','Strandvägen 14',NULL,NULL,NULL,'2021-12-13 01:13:11','delete'),(1816,'','','','Kyrkotorget 96',NULL,NULL,NULL,'2021-12-13 01:13:11','delete'),(1817,'','','','Strandgatan 750',NULL,NULL,NULL,'2021-12-13 01:13:11','delete'),(1818,'','','','Skogsgränd 22',NULL,NULL,NULL,'2021-12-13 01:13:11','delete'),(1819,'','','','Åkergränd 4',NULL,NULL,NULL,'2021-12-13 01:13:11','delete'),(1820,'','','','Granstigen 438',NULL,NULL,NULL,'2021-12-13 01:13:11','delete'),(1821,'','','','Ringgatan 27',NULL,NULL,NULL,'2021-12-13 01:13:11','delete'),(1822,'','','','Fabriksvägen 55',NULL,NULL,NULL,'2021-12-13 01:13:11','delete'),(1823,'','','','Parkgränd 48',NULL,NULL,NULL,'2021-12-13 01:13:11','delete'),(1824,'','','','Åkervägen 17',NULL,NULL,NULL,'2021-12-13 01:13:11','delete'),(1825,'','','','Industrigränd 9',NULL,NULL,NULL,'2021-12-13 01:13:11','delete'),(1826,'','','','Kyrkgränd 564',NULL,NULL,NULL,'2021-12-13 01:13:11','delete'),(1827,'','','','Ringgränd 45',NULL,NULL,NULL,'2021-12-13 01:13:11','delete'),(1828,'','','','Industristigen 1',NULL,NULL,NULL,'2021-12-13 01:13:11','delete'),(1829,'','','','Parkgränd 4',NULL,NULL,NULL,'2021-12-13 01:13:11','delete'),(1830,'','','','Järnvägsgränd 22',NULL,NULL,NULL,'2021-12-13 01:13:11','delete'),(1831,'','','','Villavägen 63',NULL,NULL,NULL,'2021-12-13 01:13:11','delete'),(1832,'','','','Trädgårdsvägen 667',NULL,NULL,NULL,'2021-12-13 01:13:11','delete'),(1833,'','','','Asptorget 74',NULL,NULL,NULL,'2021-12-13 01:13:11','delete'),(1834,'','','','Björkvägen 0',NULL,NULL,NULL,'2021-12-13 01:13:11','delete'),(1835,'','','','Bäckgatan 429',NULL,NULL,NULL,'2021-12-13 01:13:11','delete'),(1836,'','','','Furugränd 51',NULL,NULL,NULL,'2021-12-13 01:13:11','delete'),(1837,'','','','Granvägen 960',NULL,NULL,NULL,'2021-12-13 01:13:11','delete'),(1838,'','','','Aspgatan 96',NULL,NULL,NULL,'2021-12-13 01:13:11','delete'),(1839,'','','','Kvarnvägen 748',NULL,NULL,NULL,'2021-12-13 01:13:11','delete'),(1840,'','','','Kvarngränd 780',NULL,NULL,NULL,'2021-12-13 01:13:11','delete'),(1841,'','','','Stortorget 889',NULL,NULL,NULL,'2021-12-13 01:13:11','delete'),(1842,'','','','Bäcktorget 2',NULL,NULL,NULL,'2021-12-13 01:13:11','delete'),(1843,'','','','Furutorget 64',NULL,NULL,NULL,'2021-12-13 01:13:11','delete'),(1844,'','','','Järnvägsvägen 55',NULL,NULL,NULL,'2021-12-13 01:13:11','delete'),(1845,'','','','Nyvägen 69',NULL,NULL,NULL,'2021-12-13 01:13:11','delete'),(1846,'','','','Stationsvägen 8',NULL,NULL,NULL,'2021-12-13 01:13:11','delete'),(1847,'','','','Björkgatan 5',NULL,NULL,NULL,'2021-12-13 01:13:11','delete'),(1848,'','','','Kvarntorget 0',NULL,NULL,NULL,'2021-12-13 01:13:11','delete'),(1849,'','','','Villatorget 8',NULL,NULL,NULL,'2021-12-13 01:13:11','delete'),(1850,'','','','Villatorget 2',NULL,NULL,NULL,'2021-12-13 01:13:11','delete'),(1851,'','','','Björkvägen 98',NULL,NULL,NULL,'2021-12-13 01:13:11','delete'),(1852,'','','','Skolgränd 4',NULL,NULL,NULL,'2021-12-13 01:13:11','delete'),(1853,'','','','Trädgårdsvägen 1',NULL,NULL,NULL,'2021-12-13 01:13:11','delete'),(1854,'','','','Skogsgatan 9',NULL,NULL,NULL,'2021-12-13 01:13:11','delete'),(1855,'','','','Parkvägen 1',NULL,NULL,NULL,'2021-12-13 01:13:11','delete'),(1856,'','','','Åkertorget 9',NULL,NULL,NULL,'2021-12-13 01:13:11','delete'),(1857,'','','','Ringvägen 8',NULL,NULL,NULL,'2021-12-13 01:13:11','delete'),(1858,'','','','Skogsgatan 5',NULL,NULL,NULL,'2021-12-13 01:13:11','delete'),(1859,'','','','Skolgatan 1',NULL,NULL,NULL,'2021-12-13 01:13:11','delete'),(1860,'','','','Storgränd 2',NULL,NULL,NULL,'2021-12-13 01:13:11','delete'),(1861,'','','','Kvarntorget 68',NULL,NULL,NULL,'2021-12-13 01:13:11','delete'),(1862,'','','','Kyrkovägen 5',NULL,NULL,NULL,'2021-12-13 01:13:11','delete'),(1863,'','','','Aspgatan 461',NULL,NULL,NULL,'2021-12-13 01:13:11','delete'),(1864,'','','','Kyrkogränd 2',NULL,NULL,NULL,'2021-12-13 01:13:11','delete'),(1865,'','','','Bäcktorget 62',NULL,NULL,NULL,'2021-12-13 01:13:11','delete'),(1866,'','','','Strandstigen 49',NULL,NULL,NULL,'2021-12-13 01:13:11','delete'),(1867,'','','','Fabriksgatan 36',NULL,NULL,NULL,'2021-12-13 01:13:11','delete'),(1868,'','','','Stationsstigen 0',NULL,NULL,NULL,'2021-12-13 01:13:11','delete'),(1869,'','','',NULL,'74955',NULL,NULL,'2021-12-13 01:13:31','insert'),(1870,'','','','Aspstigen 533',NULL,NULL,NULL,'2021-12-13 01:13:31','delete'),(1871,'','','',NULL,'99095',NULL,NULL,'2021-12-13 01:13:31','insert'),(1872,'','','','Järnvägsvägen 47','99095',NULL,NULL,'2021-12-13 01:13:31','update'),(1873,'','','','Järnvägsvägen 47',NULL,NULL,NULL,'2021-12-13 01:13:31','delete'),(1874,'','','',NULL,NULL,NULL,NULL,'2021-12-13 01:13:32','insert'),(1875,'','','',NULL,'88591',NULL,NULL,'2021-12-13 01:13:32','insert'),(1876,'','','',NULL,'92804',NULL,NULL,'2021-12-13 01:13:32','insert'),(1877,'','','',NULL,'32951',NULL,NULL,'2021-12-13 01:13:32','insert'),(1878,'','','',NULL,'36649',NULL,NULL,'2021-12-13 01:13:32','insert'),(1879,'','','',NULL,'65000',NULL,NULL,'2021-12-13 01:13:32','insert'),(1880,'','','',NULL,'23970',NULL,NULL,'2021-12-13 01:13:32','insert'),(1881,'','','',NULL,'46422',NULL,NULL,'2021-12-13 01:13:32','insert'),(1882,'','','',NULL,'99679',NULL,NULL,'2021-12-13 01:13:32','insert'),(1883,'','','',NULL,'68811',NULL,NULL,'2021-12-13 01:13:32','insert'),(1884,'','','',NULL,'22280',NULL,NULL,'2021-12-13 01:13:32','insert'),(1885,'','','',NULL,'77396',NULL,NULL,'2021-12-13 01:13:32','insert'),(1886,'','','',NULL,'82417',NULL,NULL,'2021-12-13 01:13:32','insert'),(1887,'','','',NULL,'31082',NULL,NULL,'2021-12-13 01:13:32','insert'),(1888,'','','',NULL,'27843',NULL,NULL,'2021-12-13 01:13:32','insert'),(1889,'','','',NULL,'77062',NULL,NULL,'2021-12-13 01:13:32','insert'),(1890,'','','',NULL,'45953',NULL,NULL,'2021-12-13 01:13:32','insert'),(1891,'','','',NULL,'92076',NULL,NULL,'2021-12-13 01:13:32','insert'),(1892,'','','',NULL,'77864',NULL,NULL,'2021-12-13 01:13:32','insert'),(1893,'','','',NULL,'84226',NULL,NULL,'2021-12-13 01:13:32','insert'),(1894,'','','',NULL,'91164',NULL,NULL,'2021-12-13 01:13:32','insert'),(1895,'','','',NULL,'70703',NULL,NULL,'2021-12-13 01:13:32','insert'),(1896,'','','',NULL,'62125',NULL,NULL,'2021-12-13 01:13:32','insert'),(1897,'','','',NULL,'33395',NULL,NULL,'2021-12-13 01:13:32','insert'),(1898,'','','',NULL,'88125',NULL,NULL,'2021-12-13 01:13:32','insert'),(1899,'','','',NULL,'46944',NULL,NULL,'2021-12-13 01:13:32','insert'),(1900,'','','',NULL,'40583',NULL,NULL,'2021-12-13 01:13:32','insert'),(1901,'','','',NULL,'64875',NULL,NULL,'2021-12-13 01:13:32','insert'),(1902,'','','',NULL,'25672',NULL,NULL,'2021-12-13 01:13:32','insert'),(1903,'','','',NULL,'21031',NULL,NULL,'2021-12-13 01:13:32','insert'),(1904,'','','',NULL,'78798',NULL,NULL,'2021-12-13 01:13:32','insert'),(1905,'','','',NULL,'50622',NULL,NULL,'2021-12-13 01:13:32','insert'),(1906,'','','',NULL,'28975',NULL,NULL,'2021-12-13 01:13:32','insert'),(1907,'','','',NULL,'10865',NULL,NULL,'2021-12-13 01:13:32','insert'),(1908,'','','',NULL,'78236',NULL,NULL,'2021-12-13 01:13:32','insert'),(1909,'','','',NULL,'94512',NULL,NULL,'2021-12-13 01:13:32','insert'),(1910,'','','',NULL,'56965',NULL,NULL,'2021-12-13 01:13:32','insert'),(1911,'','','',NULL,'88772',NULL,NULL,'2021-12-13 01:13:32','insert'),(1912,'','','',NULL,'73064',NULL,NULL,'2021-12-13 01:13:32','insert'),(1913,'','','',NULL,'79552',NULL,NULL,'2021-12-13 01:13:32','insert'),(1914,'','','',NULL,'90012',NULL,NULL,'2021-12-13 01:13:32','insert'),(1915,'','','',NULL,'34963',NULL,NULL,'2021-12-13 01:13:32','insert'),(1916,'','','',NULL,'46576',NULL,NULL,'2021-12-13 01:13:32','insert'),(1917,'','','',NULL,'80337',NULL,NULL,'2021-12-13 01:13:32','insert'),(1918,'','','',NULL,'79435',NULL,NULL,'2021-12-13 01:13:32','insert'),(1919,'','','',NULL,'53941',NULL,NULL,'2021-12-13 01:13:32','insert'),(1920,'','','',NULL,'45653',NULL,NULL,'2021-12-13 01:13:32','insert'),(1921,'','','',NULL,'88939',NULL,NULL,'2021-12-13 01:13:32','insert'),(1922,'','','',NULL,'53291',NULL,NULL,'2021-12-13 01:13:32','insert'),(1923,'','','',NULL,'92633',NULL,NULL,'2021-12-13 01:13:32','insert'),(1924,'','','',NULL,'69270',NULL,NULL,'2021-12-13 01:13:32','insert'),(1925,'','','',NULL,NULL,NULL,NULL,'2021-12-13 01:13:33','delete'),(1926,'','','','Skolvägen 128',NULL,NULL,NULL,'2021-12-13 01:13:33','delete'),(1927,'','','','Skolgränd 4',NULL,NULL,NULL,'2021-12-13 01:13:33','delete'),(1928,'','','','Idrottsgatan 1',NULL,NULL,NULL,'2021-12-13 01:13:33','delete'),(1929,'','','','Strandstigen 0',NULL,NULL,NULL,'2021-12-13 01:13:33','delete'),(1930,'','','','Furugatan 618',NULL,NULL,NULL,'2021-12-13 01:13:33','delete'),(1931,'','','','Parktorget 9',NULL,NULL,NULL,'2021-12-13 01:13:33','delete'),(1932,'','','','Backgatan 255',NULL,NULL,NULL,'2021-12-13 01:13:33','delete'),(1933,'','','','Kyrkstigen 786',NULL,NULL,NULL,'2021-12-13 01:13:33','delete'),(1934,'','','','Bäckgränd 419',NULL,NULL,NULL,'2021-12-13 01:13:33','delete'),(1935,'','','','Aspgatan 2',NULL,NULL,NULL,'2021-12-13 01:13:33','delete'),(1936,'','','','Bäcktorget 48',NULL,NULL,NULL,'2021-12-13 01:13:33','delete'),(1937,'','','','Industrigatan 946',NULL,NULL,NULL,'2021-12-13 01:13:33','delete'),(1938,'','','','Gentorget 678',NULL,NULL,NULL,'2021-12-13 01:13:33','delete'),(1939,'','','','Skolvägen 34',NULL,NULL,NULL,'2021-12-13 01:13:33','delete'),(1940,'','','','Parkstigen 368',NULL,NULL,NULL,'2021-12-13 01:13:33','delete'),(1941,'','','','Backtorget 7',NULL,NULL,NULL,'2021-12-13 01:13:33','delete'),(1942,'','','','Järnvägstorget 4',NULL,NULL,NULL,'2021-12-13 01:13:33','delete'),(1943,'','','','Grangatan 2',NULL,NULL,NULL,'2021-12-13 01:13:33','delete'),(1944,'','','','Skolgatan 533',NULL,NULL,NULL,'2021-12-13 01:13:33','delete'),(1945,'','','','Backvägen 99',NULL,NULL,NULL,'2021-12-13 01:13:33','delete'),(1946,'','','','Trädgårdstorget 248',NULL,NULL,NULL,'2021-12-13 01:13:33','delete'),(1947,'','','','Stationstorget 83',NULL,NULL,NULL,'2021-12-13 01:13:33','delete'),(1948,'','','','Kyrkgatan 92',NULL,NULL,NULL,'2021-12-13 01:13:33','delete'),(1949,'','','','Villagatan 964',NULL,NULL,NULL,'2021-12-13 01:13:33','delete'),(1950,'','','','Stationstorget 7',NULL,NULL,NULL,'2021-12-13 01:13:33','delete'),(1951,'','','','Kvarnstigen 8',NULL,NULL,NULL,'2021-12-13 01:13:33','delete'),(1952,'','','','Villavägen 89',NULL,NULL,NULL,'2021-12-13 01:13:33','delete'),(1953,'','','','Åkergatan 938',NULL,NULL,NULL,'2021-12-13 01:13:33','delete'),(1954,'','','','Trädgårdsgatan 848',NULL,NULL,NULL,'2021-12-13 01:13:33','delete'),(1955,'','','','Skolstigen 5',NULL,NULL,NULL,'2021-12-13 01:13:33','delete'),(1956,'','','','Industrigatan 3',NULL,NULL,NULL,'2021-12-13 01:13:33','delete'),(1957,'','','','Stortorget 590',NULL,NULL,NULL,'2021-12-13 01:13:33','delete'),(1958,'','','','Skogsvägen 130',NULL,NULL,NULL,'2021-12-13 01:13:33','delete'),(1959,'','','','Kyrkogatan 1',NULL,NULL,NULL,'2021-12-13 01:13:33','delete'),(1960,'','','','Ängsvägen 469',NULL,NULL,NULL,'2021-12-13 01:13:33','delete'),(1961,'','','','Kvarngatan 776',NULL,NULL,NULL,'2021-12-13 01:13:33','delete'),(1962,'','','','Furustigen 14',NULL,NULL,NULL,'2021-12-13 01:13:33','delete'),(1963,'','','','Järnvägsvägen 4',NULL,NULL,NULL,'2021-12-13 01:13:33','delete'),(1964,'','','','Granvägen 15',NULL,NULL,NULL,'2021-12-13 01:13:33','delete'),(1965,'','','','Skogsgatan 36',NULL,NULL,NULL,'2021-12-13 01:13:33','delete'),(1966,'','','','Ringgatan 6',NULL,NULL,NULL,'2021-12-13 01:13:33','delete'),(1967,'','','','Ängsstigen 4',NULL,NULL,NULL,'2021-12-13 01:13:33','delete'),(1968,'','','','Åkergatan 117',NULL,NULL,NULL,'2021-12-13 01:13:33','delete'),(1969,'','','','Fabriksgränd 499',NULL,NULL,NULL,'2021-12-13 01:13:33','delete'),(1970,'','','','Åkerstigen 7',NULL,NULL,NULL,'2021-12-13 01:13:33','delete'),(1971,'','','','Åkergatan 380',NULL,NULL,NULL,'2021-12-13 01:13:33','delete'),(1972,'','','','Strandgränd 2',NULL,NULL,NULL,'2021-12-13 01:13:33','delete'),(1973,'','','','Idrottsgränd 70',NULL,NULL,NULL,'2021-12-13 01:13:33','delete'),(1974,'','','','Furugatan 4',NULL,NULL,NULL,'2021-12-13 01:13:33','delete'),(1975,'','','','Stationsgatan 64',NULL,NULL,NULL,'2021-12-13 01:13:33','delete'),(1976,'','','',NULL,NULL,NULL,NULL,'2021-12-13 01:13:34','insert'),(1977,'','','',NULL,'34405',NULL,NULL,'2021-12-13 01:13:34','insert'),(1978,'','','',NULL,'38375',NULL,NULL,'2021-12-13 01:13:34','insert'),(1979,'','','',NULL,'35934',NULL,NULL,'2021-12-13 01:13:34','insert'),(1980,'','','',NULL,'93482',NULL,NULL,'2021-12-13 01:13:34','insert'),(1981,'','','',NULL,'59893',NULL,NULL,'2021-12-13 01:13:34','insert'),(1982,'','','',NULL,'54207',NULL,NULL,'2021-12-13 01:13:34','insert'),(1983,'','','',NULL,'33421',NULL,NULL,'2021-12-13 01:13:34','insert'),(1984,'','','',NULL,'81053',NULL,NULL,'2021-12-13 01:13:34','insert'),(1985,'','','',NULL,'86108',NULL,NULL,'2021-12-13 01:13:34','insert'),(1986,'','','',NULL,'63095',NULL,NULL,'2021-12-13 01:13:34','insert'),(1987,'','','',NULL,'22764',NULL,NULL,'2021-12-13 01:13:34','insert'),(1988,'','','',NULL,'39903',NULL,NULL,'2021-12-13 01:13:34','insert'),(1989,'','','',NULL,'95789',NULL,NULL,'2021-12-13 01:13:34','insert'),(1990,'','','',NULL,'93669',NULL,NULL,'2021-12-13 01:13:34','insert'),(1991,'','','',NULL,'12553',NULL,NULL,'2021-12-13 01:13:34','insert'),(1992,'','','',NULL,'63309',NULL,NULL,'2021-12-13 01:13:34','insert'),(1993,'','','',NULL,'48251',NULL,NULL,'2021-12-13 01:13:34','insert'),(1994,'','','',NULL,'27537',NULL,NULL,'2021-12-13 01:13:34','insert'),(1995,'','','',NULL,'84529',NULL,NULL,'2021-12-13 01:13:34','insert'),(1996,'','','',NULL,'95421',NULL,NULL,'2021-12-13 01:13:34','insert'),(1997,'','','',NULL,'95176',NULL,NULL,'2021-12-13 01:13:34','insert'),(1998,'','','',NULL,'12572',NULL,NULL,'2021-12-13 01:13:34','insert'),(1999,'','','',NULL,'10885',NULL,NULL,'2021-12-13 01:13:34','insert'),(2000,'','','',NULL,'59400',NULL,NULL,'2021-12-13 01:13:34','insert'),(2001,'','','',NULL,'19451',NULL,NULL,'2021-12-13 01:13:34','insert'),(2002,'','','',NULL,'70427',NULL,NULL,'2021-12-13 01:13:34','insert'),(2003,'','','',NULL,'36242',NULL,NULL,'2021-12-13 01:13:34','insert'),(2004,'','','',NULL,'59221',NULL,NULL,'2021-12-13 01:13:34','insert'),(2005,'','','',NULL,'64493',NULL,NULL,'2021-12-13 01:13:34','insert'),(2006,'','','',NULL,'14200',NULL,NULL,'2021-12-13 01:13:34','insert'),(2007,'','','',NULL,'26570',NULL,NULL,'2021-12-13 01:13:34','insert'),(2008,'','','',NULL,'63892',NULL,NULL,'2021-12-13 01:13:34','insert'),(2009,'','','',NULL,'89456',NULL,NULL,'2021-12-13 01:13:34','insert'),(2010,'','','',NULL,'73794',NULL,NULL,'2021-12-13 01:13:34','insert'),(2011,'','','',NULL,'90065',NULL,NULL,'2021-12-13 01:13:34','insert'),(2012,'','','',NULL,'18339',NULL,NULL,'2021-12-13 01:13:34','insert'),(2013,'','','',NULL,'50462',NULL,NULL,'2021-12-13 01:13:34','insert'),(2014,'','','',NULL,'59597',NULL,NULL,'2021-12-13 01:13:34','insert'),(2015,'','','',NULL,'29351',NULL,NULL,'2021-12-13 01:13:34','insert'),(2016,'','','',NULL,'19629',NULL,NULL,'2021-12-13 01:13:34','insert'),(2017,'','','',NULL,'76340',NULL,NULL,'2021-12-13 01:13:34','insert'),(2018,'','','',NULL,'96899',NULL,NULL,'2021-12-13 01:13:34','insert'),(2019,'','','',NULL,'69333',NULL,NULL,'2021-12-13 01:13:34','insert'),(2020,'','','',NULL,'60254',NULL,NULL,'2021-12-13 01:13:34','insert'),(2021,'','','',NULL,'72272',NULL,NULL,'2021-12-13 01:13:34','insert'),(2022,'','','',NULL,'16157',NULL,NULL,'2021-12-13 01:13:34','insert'),(2023,'','','',NULL,'41589',NULL,NULL,'2021-12-13 01:13:34','insert'),(2024,'','','',NULL,'51837',NULL,NULL,'2021-12-13 01:13:34','insert'),(2025,'','','',NULL,'14087',NULL,NULL,'2021-12-13 01:13:34','insert'),(2026,'','','',NULL,'41883',NULL,NULL,'2021-12-13 01:13:34','insert'),(2027,'','','',NULL,NULL,NULL,NULL,'2021-12-13 01:13:36','delete'),(2028,'','','','Skogsgatan 186',NULL,NULL,NULL,'2021-12-13 01:13:36','delete'),(2029,'','','','Ängsgatan 80',NULL,NULL,NULL,'2021-12-13 01:13:36','delete'),(2030,'','','','Grangatan 95',NULL,NULL,NULL,'2021-12-13 01:13:36','delete'),(2031,'','','','Gentorget 589',NULL,NULL,NULL,'2021-12-13 01:13:36','delete'),(2032,'','','','Kyrkotorget 674',NULL,NULL,NULL,'2021-12-13 01:13:36','delete'),(2033,'','','','Skolgatan 61',NULL,NULL,NULL,'2021-12-13 01:13:36','delete'),(2034,'','','','Industrigatan 75',NULL,NULL,NULL,'2021-12-13 01:13:36','delete'),(2035,'','','','Storgatan 2',NULL,NULL,NULL,'2021-12-13 01:13:36','delete'),(2036,'','','','Villavägen 56',NULL,NULL,NULL,'2021-12-13 01:13:36','delete'),(2037,'','','','Genvägen 19',NULL,NULL,NULL,'2021-12-13 01:13:36','delete'),(2038,'','','','Storgatan 7',NULL,NULL,NULL,'2021-12-13 01:13:36','delete'),(2039,'','','','Kyrktorget 359',NULL,NULL,NULL,'2021-12-13 01:13:36','delete'),(2040,'','','','Backgatan 805',NULL,NULL,NULL,'2021-12-13 01:13:36','delete'),(2041,'','','','Skogsgränd 1',NULL,NULL,NULL,'2021-12-13 01:13:36','delete'),(2042,'','','','Parkgränd 55',NULL,NULL,NULL,'2021-12-13 01:13:36','delete'),(2043,'','','','Kvarngatan 896',NULL,NULL,NULL,'2021-12-13 01:13:36','delete'),(2044,'','','','Strandtorget 2',NULL,NULL,NULL,'2021-12-13 01:13:36','delete'),(2045,'','','','Parkgatan 756',NULL,NULL,NULL,'2021-12-13 01:13:36','delete'),(2046,'','','','Villavägen 36',NULL,NULL,NULL,'2021-12-13 01:13:36','delete'),(2047,'','','','Industritorget 438',NULL,NULL,NULL,'2021-12-13 01:13:36','delete'),(2048,'','','','Strandvägen 11',NULL,NULL,NULL,'2021-12-13 01:13:36','delete'),(2049,'','','','Stationsgränd 8',NULL,NULL,NULL,'2021-12-13 01:13:36','delete'),(2050,'','','','Kyrkovägen 12',NULL,NULL,NULL,'2021-12-13 01:13:36','delete'),(2051,'','','','Kvarnstigen 5',NULL,NULL,NULL,'2021-12-13 01:13:36','delete'),(2052,'','','','Bäckvägen 127',NULL,NULL,NULL,'2021-12-13 01:13:36','delete'),(2053,'','','','Storgatan 279',NULL,NULL,NULL,'2021-12-13 01:13:36','delete'),(2054,'','','','Strandgatan 5',NULL,NULL,NULL,'2021-12-13 01:13:36','delete'),(2055,'','','','Järnvägsgränd 1',NULL,NULL,NULL,'2021-12-13 01:13:36','delete'),(2056,'','','','Strandvägen 3',NULL,NULL,NULL,'2021-12-13 01:13:36','delete'),(2057,'','','','Industristigen 4',NULL,NULL,NULL,'2021-12-13 01:13:36','delete'),(2058,'','','','Parktorget 10',NULL,NULL,NULL,'2021-12-13 01:13:36','delete'),(2059,'','','','Skogsgränd 9',NULL,NULL,NULL,'2021-12-13 01:13:36','delete'),(2060,'','','','Parkvägen 85',NULL,NULL,NULL,'2021-12-13 01:13:36','delete'),(2061,'','','','Ängsgränd 8',NULL,NULL,NULL,'2021-12-13 01:13:36','delete'),(2062,'','','','Industrigatan 805',NULL,NULL,NULL,'2021-12-13 01:13:36','delete'),(2063,'','','','Järnvägsgatan 75',NULL,NULL,NULL,'2021-12-13 01:13:36','delete'),(2064,'','','','Ängsgatan 980',NULL,NULL,NULL,'2021-12-13 01:13:36','delete'),(2065,'','','','Parkgränd 875',NULL,NULL,NULL,'2021-12-13 01:13:36','delete'),(2066,'','','','Skogsgränd 53',NULL,NULL,NULL,'2021-12-13 01:13:36','delete'),(2067,'','','','Björkgatan 9',NULL,NULL,NULL,'2021-12-13 01:13:36','delete'),(2068,'','','','Strandgatan 11',NULL,NULL,NULL,'2021-12-13 01:13:36','delete'),(2069,'','','','Stationsgatan 283',NULL,NULL,NULL,'2021-12-13 01:13:36','delete'),(2070,'','','','Nygatan 32',NULL,NULL,NULL,'2021-12-13 01:13:36','delete'),(2071,'','','','Industrigatan 14',NULL,NULL,NULL,'2021-12-13 01:13:36','delete'),(2072,'','','','Ringgränd 562',NULL,NULL,NULL,'2021-12-13 01:13:36','delete'),(2073,'','','','Skoltorget 3',NULL,NULL,NULL,'2021-12-13 01:13:36','delete'),(2074,'','','','Kvarnstigen 3',NULL,NULL,NULL,'2021-12-13 01:13:36','delete'),(2075,'','','','Kyrkogränd 592',NULL,NULL,NULL,'2021-12-13 01:13:36','delete'),(2076,'','','','Kyrkovägen 9',NULL,NULL,NULL,'2021-12-13 01:13:36','delete'),(2077,'','','','Bäckgatan 77',NULL,NULL,NULL,'2021-12-13 01:13:36','delete'),(2078,'','','',NULL,NULL,NULL,NULL,'2021-12-13 01:13:41','insert'),(2079,'','','',NULL,'83156',NULL,NULL,'2021-12-13 01:13:41','insert'),(2080,'','','',NULL,'32029',NULL,NULL,'2021-12-13 01:13:41','insert'),(2081,'','','',NULL,'10938',NULL,NULL,'2021-12-13 01:13:41','insert'),(2082,'','','',NULL,NULL,NULL,NULL,'2021-12-13 01:13:41','delete'),(2083,'','','','Kvarnvägen 9',NULL,NULL,NULL,'2021-12-13 01:13:41','delete'),(2084,'','','','Järnvägsvägen 8',NULL,NULL,NULL,'2021-12-13 01:13:41','delete'),(2085,'','','','Parkvägen 36',NULL,NULL,NULL,'2021-12-13 01:13:41','delete'),(2086,'','','',NULL,NULL,NULL,NULL,'2021-12-13 01:13:41','insert'),(2087,'','','',NULL,'16162',NULL,NULL,'2021-12-13 01:13:41','insert'),(2088,'','','',NULL,'51416',NULL,NULL,'2021-12-13 01:13:41','insert'),(2089,'','','',NULL,'85685',NULL,NULL,'2021-12-13 01:13:41','insert'),(2090,'','','',NULL,NULL,NULL,NULL,'2021-12-13 01:13:41','delete'),(2091,'','','','Ekgatan 656',NULL,NULL,NULL,'2021-12-13 01:13:41','delete'),(2092,'','','','Åkertorget 3',NULL,NULL,NULL,'2021-12-13 01:13:41','delete'),(2093,'','','','Industrivägen 345',NULL,NULL,NULL,'2021-12-13 01:13:41','delete'),(2094,'','','',NULL,NULL,NULL,NULL,'2021-12-13 01:13:41','insert'),(2095,'','','',NULL,'92009',NULL,NULL,'2021-12-13 01:13:41','insert'),(2096,'','','',NULL,'19350',NULL,NULL,'2021-12-13 01:13:41','insert'),(2097,'','','',NULL,'30585',NULL,NULL,'2021-12-13 01:13:41','insert'),(2098,'','','',NULL,NULL,NULL,NULL,'2021-12-13 01:13:41','delete'),(2099,'','','','Järnvägsgränd 57',NULL,NULL,NULL,'2021-12-13 01:13:41','delete'),(2100,'','','','Strandgränd 1',NULL,NULL,NULL,'2021-12-13 01:13:41','delete'),(2101,'','','','Parktorget 622',NULL,NULL,NULL,'2021-12-13 01:13:41','delete'),(2102,'','','',NULL,NULL,NULL,NULL,'2021-12-13 01:13:41','insert'),(2103,'','','',NULL,'88222',NULL,NULL,'2021-12-13 01:13:41','insert'),(2104,'','','',NULL,NULL,NULL,NULL,'2021-12-13 01:13:41','delete'),(2105,'','','','Industrivägen 43',NULL,NULL,NULL,'2021-12-13 01:13:41','delete'),(2106,'','','',NULL,NULL,NULL,NULL,'2021-12-13 01:13:41','insert'),(2107,'','','',NULL,'30563',NULL,NULL,'2021-12-13 01:13:41','insert'),(2108,'','','',NULL,NULL,NULL,NULL,'2021-12-13 01:13:41','delete'),(2109,'','','','Granvägen 5',NULL,NULL,NULL,'2021-12-13 01:13:41','delete'),(2110,'','','',NULL,NULL,NULL,NULL,'2021-12-13 01:13:41','insert'),(2111,'','','',NULL,'98295',NULL,NULL,'2021-12-13 01:13:41','insert'),(2112,'','','',NULL,NULL,NULL,NULL,'2021-12-13 01:13:41','delete'),(2113,'','','','Stationsgatan 12',NULL,NULL,NULL,'2021-12-13 01:13:41','delete'),(2114,'','','',NULL,'20784',NULL,NULL,'2021-12-13 01:13:42','insert'),(2115,'','','','Ekgatan 17',NULL,NULL,NULL,'2021-12-13 01:13:42','delete'),(2116,'','','',NULL,'77677',NULL,NULL,'2021-12-13 01:22:29','insert'),(2117,'','','','Genvägen 5',NULL,NULL,NULL,'2021-12-13 01:22:29','delete'),(2118,'','','',NULL,'84224',NULL,NULL,'2021-12-13 01:22:29','insert'),(2119,'','','','Parkgränd 5',NULL,NULL,NULL,'2021-12-13 01:22:29','delete'),(2120,'','','',NULL,'69863',NULL,NULL,'2021-12-13 01:22:29','insert'),(2121,'','','','Idrottstorget 4',NULL,NULL,NULL,'2021-12-13 01:22:29','delete'),(2122,'','','',NULL,'77632',NULL,NULL,'2021-12-13 01:22:29','insert'),(2123,'','','','Parkgränd 56',NULL,NULL,NULL,'2021-12-13 01:22:29','delete'),(2124,'','','',NULL,'89278',NULL,NULL,'2021-12-13 01:23:08','insert'),(2125,'','','','Granstigen 33',NULL,NULL,NULL,'2021-12-13 01:23:08','delete'),(2126,'','','',NULL,'74202',NULL,NULL,'2021-12-13 01:23:08','insert'),(2127,'','','','Grangränd 751',NULL,NULL,NULL,'2021-12-13 01:23:09','delete'),(2128,'','','',NULL,'85300',NULL,NULL,'2021-12-13 01:23:11','insert'),(2129,'','','','Kyrkgränd 58',NULL,NULL,NULL,'2021-12-13 01:23:11','delete'),(2130,'','','',NULL,'71352',NULL,NULL,'2021-12-13 01:23:11','insert'),(2131,'','','','Kyrkvägen 0',NULL,NULL,NULL,'2021-12-13 01:23:11','delete'),(2132,'','','',NULL,'46257',NULL,NULL,'2021-12-13 04:41:03','insert'),(2133,'','','','Parkvägen 5',NULL,NULL,NULL,'2021-12-13 04:41:03','delete'),(2134,'','','',NULL,'92419',NULL,NULL,'2021-12-13 04:41:03','insert'),(2135,'','','','Furuvägen 233','92419',NULL,NULL,'2021-12-13 04:41:03','update'),(2136,'','','','Furuvägen 233',NULL,NULL,NULL,'2021-12-13 04:41:03','delete'),(2137,'','','',NULL,NULL,NULL,NULL,'2021-12-13 04:41:04','insert'),(2138,'','','',NULL,'70112',NULL,NULL,'2021-12-13 04:41:04','insert'),(2139,'','','',NULL,'90250',NULL,NULL,'2021-12-13 04:41:04','insert'),(2140,'','','',NULL,'81338',NULL,NULL,'2021-12-13 04:41:04','insert'),(2141,'','','',NULL,'94579',NULL,NULL,'2021-12-13 04:41:04','insert'),(2142,'','','',NULL,'45744',NULL,NULL,'2021-12-13 04:41:04','insert'),(2143,'','','',NULL,'49468',NULL,NULL,'2021-12-13 04:41:04','insert'),(2144,'','','',NULL,'63938',NULL,NULL,'2021-12-13 04:41:04','insert'),(2145,'','','',NULL,'85994',NULL,NULL,'2021-12-13 04:41:04','insert'),(2146,'','','',NULL,'82092',NULL,NULL,'2021-12-13 04:41:04','insert'),(2147,'','','',NULL,'74427',NULL,NULL,'2021-12-13 04:41:04','insert'),(2148,'','','',NULL,'68370',NULL,NULL,'2021-12-13 04:41:04','insert'),(2149,'','','',NULL,'90852',NULL,NULL,'2021-12-13 04:41:04','insert'),(2150,'','','',NULL,'52346',NULL,NULL,'2021-12-13 04:41:04','insert'),(2151,'','','',NULL,'26468',NULL,NULL,'2021-12-13 04:41:04','insert'),(2152,'','','',NULL,'40417',NULL,NULL,'2021-12-13 04:41:04','insert'),(2153,'','','',NULL,'31056',NULL,NULL,'2021-12-13 04:41:04','insert'),(2154,'','','',NULL,'69966',NULL,NULL,'2021-12-13 04:41:04','insert'),(2155,'','','',NULL,'99012',NULL,NULL,'2021-12-13 04:41:04','insert'),(2156,'','','',NULL,'35937',NULL,NULL,'2021-12-13 04:41:04','insert'),(2157,'','','',NULL,'68941',NULL,NULL,'2021-12-13 04:41:04','insert'),(2158,'','','',NULL,'45871',NULL,NULL,'2021-12-13 04:41:04','insert'),(2159,'','','',NULL,'92038',NULL,NULL,'2021-12-13 04:41:04','insert'),(2160,'','','',NULL,'89245',NULL,NULL,'2021-12-13 04:41:04','insert'),(2161,'','','',NULL,'11820',NULL,NULL,'2021-12-13 04:41:04','insert'),(2162,'','','',NULL,'86378',NULL,NULL,'2021-12-13 04:41:04','insert'),(2163,'','','',NULL,'32094',NULL,NULL,'2021-12-13 04:41:04','insert'),(2164,'','','',NULL,'83408',NULL,NULL,'2021-12-13 04:41:04','insert'),(2165,'','','',NULL,'68436',NULL,NULL,'2021-12-13 04:41:04','insert'),(2166,'','','',NULL,'99263',NULL,NULL,'2021-12-13 04:41:04','insert'),(2167,'','','',NULL,'44192',NULL,NULL,'2021-12-13 04:41:04','insert'),(2168,'','','',NULL,'16262',NULL,NULL,'2021-12-13 04:41:04','insert'),(2169,'','','',NULL,'97115',NULL,NULL,'2021-12-13 04:41:04','insert'),(2170,'','','',NULL,'15154',NULL,NULL,'2021-12-13 04:41:04','insert'),(2171,'','','',NULL,'31992',NULL,NULL,'2021-12-13 04:41:04','insert'),(2172,'','','',NULL,'13771',NULL,NULL,'2021-12-13 04:41:04','insert'),(2173,'','','',NULL,'18399',NULL,NULL,'2021-12-13 04:41:04','insert'),(2174,'','','',NULL,'62157',NULL,NULL,'2021-12-13 04:41:04','insert'),(2175,'','','',NULL,'81815',NULL,NULL,'2021-12-13 04:41:04','insert'),(2176,'','','',NULL,'15693',NULL,NULL,'2021-12-13 04:41:04','insert'),(2177,'','','',NULL,'26081',NULL,NULL,'2021-12-13 04:41:04','insert'),(2178,'','','',NULL,'44427',NULL,NULL,'2021-12-13 04:41:04','insert'),(2179,'','','',NULL,'24744',NULL,NULL,'2021-12-13 04:41:04','insert'),(2180,'','','',NULL,'68918',NULL,NULL,'2021-12-13 04:41:04','insert'),(2181,'','','',NULL,'20091',NULL,NULL,'2021-12-13 04:41:04','insert'),(2182,'','','',NULL,'54191',NULL,NULL,'2021-12-13 04:41:04','insert'),(2183,'','','',NULL,'25340',NULL,NULL,'2021-12-13 04:41:04','insert'),(2184,'','','',NULL,'74202',NULL,NULL,'2021-12-13 04:41:04','insert'),(2185,'','','',NULL,'22934',NULL,NULL,'2021-12-13 04:41:04','insert'),(2186,'','','',NULL,'34592',NULL,NULL,'2021-12-13 04:41:04','insert'),(2187,'','','',NULL,'98111',NULL,NULL,'2021-12-13 04:41:04','insert'),(2188,'','','',NULL,NULL,NULL,NULL,'2021-12-13 04:41:06','delete'),(2189,'','','','Åkergränd 846',NULL,NULL,NULL,'2021-12-13 04:41:06','delete'),(2190,'','','','Nyvägen 195',NULL,NULL,NULL,'2021-12-13 04:41:06','delete'),(2191,'','','','Genstigen 63',NULL,NULL,NULL,'2021-12-13 04:41:06','delete'),(2192,'','','','Villagatan 493',NULL,NULL,NULL,'2021-12-13 04:41:06','delete'),(2193,'','','','Bäckgränd 159',NULL,NULL,NULL,'2021-12-13 04:41:06','delete'),(2194,'','','','Idrottsgränd 0',NULL,NULL,NULL,'2021-12-13 04:41:06','delete'),(2195,'','','','Ekgatan 54',NULL,NULL,NULL,'2021-12-13 04:41:06','delete'),(2196,'','','','Aspvägen 315',NULL,NULL,NULL,'2021-12-13 04:41:06','delete'),(2197,'','','','Kyrkvägen 509',NULL,NULL,NULL,'2021-12-13 04:41:06','delete'),(2198,'','','','Industrigränd 83',NULL,NULL,NULL,'2021-12-13 04:41:06','delete'),(2199,'','','','Stationstorget 6',NULL,NULL,NULL,'2021-12-13 04:41:06','delete'),(2200,'','','','Storgränd 23',NULL,NULL,NULL,'2021-12-13 04:41:06','delete'),(2201,'','','','Parkgränd 54',NULL,NULL,NULL,'2021-12-13 04:41:06','delete'),(2202,'','','','Villagatan 7',NULL,NULL,NULL,'2021-12-13 04:41:06','delete'),(2203,'','','','Industrivägen 57',NULL,NULL,NULL,'2021-12-13 04:41:06','delete'),(2204,'','','','Villatorget 323',NULL,NULL,NULL,'2021-12-13 04:41:06','delete'),(2205,'','','','Stationsgatan 50',NULL,NULL,NULL,'2021-12-13 04:41:06','delete'),(2206,'','','','Stationsstigen 7',NULL,NULL,NULL,'2021-12-13 04:41:06','delete'),(2207,'','','','Björkgränd 76',NULL,NULL,NULL,'2021-12-13 04:41:06','delete'),(2208,'','','','Grantorget 6',NULL,NULL,NULL,'2021-12-13 04:41:06','delete'),(2209,'','','','Skolstigen 30',NULL,NULL,NULL,'2021-12-13 04:41:06','delete'),(2210,'','','','Aspvägen 497',NULL,NULL,NULL,'2021-12-13 04:41:06','delete'),(2211,'','','','Skolgatan 54',NULL,NULL,NULL,'2021-12-13 04:41:06','delete'),(2212,'','','','Kyrkgränd 5',NULL,NULL,NULL,'2021-12-13 04:41:06','delete'),(2213,'','','','Ängsgatan 5',NULL,NULL,NULL,'2021-12-13 04:41:06','delete'),(2214,'','','','Ängsvägen 82',NULL,NULL,NULL,'2021-12-13 04:41:06','delete'),(2215,'','','','Bäckstigen 40',NULL,NULL,NULL,'2021-12-13 04:41:06','delete'),(2216,'','','','Bäckgatan 651',NULL,NULL,NULL,'2021-12-13 04:41:06','delete'),(2217,'','','','Storvägen 4',NULL,NULL,NULL,'2021-12-13 04:41:06','delete'),(2218,'','','','Aspgränd 558',NULL,NULL,NULL,'2021-12-13 04:41:06','delete'),(2219,'','','','Stationsgatan 40',NULL,NULL,NULL,'2021-12-13 04:41:06','delete'),(2220,'','','','Granvägen 6',NULL,NULL,NULL,'2021-12-13 04:41:06','delete'),(2221,'','','','Stationsvägen 57',NULL,NULL,NULL,'2021-12-13 04:41:06','delete'),(2222,'','','','Stationsgatan 19',NULL,NULL,NULL,'2021-12-13 04:41:06','delete'),(2223,'','','','Björkgränd 3',NULL,NULL,NULL,'2021-12-13 04:41:06','delete'),(2224,'','','','Gentorget 9',NULL,NULL,NULL,'2021-12-13 04:41:06','delete'),(2225,'','','','Nyvägen 707',NULL,NULL,NULL,'2021-12-13 04:41:06','delete'),(2226,'','','','Kyrkostigen 74',NULL,NULL,NULL,'2021-12-13 04:41:06','delete'),(2227,'','','','Industrivägen 5',NULL,NULL,NULL,'2021-12-13 04:41:06','delete'),(2228,'','','','Kyrkogränd 56',NULL,NULL,NULL,'2021-12-13 04:41:06','delete'),(2229,'','','','Nyvägen 40',NULL,NULL,NULL,'2021-12-13 04:41:06','delete'),(2230,'','','','Granvägen 8',NULL,NULL,NULL,'2021-12-13 04:41:06','delete'),(2231,'','','','Åkertorget 0',NULL,NULL,NULL,'2021-12-13 04:41:06','delete'),(2232,'','','','Järnvägstorget 21',NULL,NULL,NULL,'2021-12-13 04:41:06','delete'),(2233,'','','','Backvägen 586',NULL,NULL,NULL,'2021-12-13 04:41:06','delete'),(2234,'','','','Industrigränd 78',NULL,NULL,NULL,'2021-12-13 04:41:06','delete'),(2235,'','','','Industrigränd 342',NULL,NULL,NULL,'2021-12-13 04:41:06','delete'),(2236,'','','','Åkervägen 144',NULL,NULL,NULL,'2021-12-13 04:41:06','delete'),(2237,'','','','Ringstigen 9',NULL,NULL,NULL,'2021-12-13 04:41:06','delete'),(2238,'','','','Trädgårdsgatan 163',NULL,NULL,NULL,'2021-12-13 04:41:06','delete'),(2239,'','','',NULL,NULL,NULL,NULL,'2021-12-13 04:41:06','insert'),(2240,'','','',NULL,'96256',NULL,NULL,'2021-12-13 04:41:06','insert'),(2241,'','','',NULL,'52259',NULL,NULL,'2021-12-13 04:41:06','insert'),(2242,'','','',NULL,'18733',NULL,NULL,'2021-12-13 04:41:06','insert'),(2243,'','','',NULL,'28587',NULL,NULL,'2021-12-13 04:41:06','insert'),(2244,'','','',NULL,'53694',NULL,NULL,'2021-12-13 04:41:06','insert'),(2245,'','','',NULL,'90307',NULL,NULL,'2021-12-13 04:41:06','insert'),(2246,'','','',NULL,'91707',NULL,NULL,'2021-12-13 04:41:06','insert'),(2247,'','','',NULL,'72594',NULL,NULL,'2021-12-13 04:41:06','insert'),(2248,'','','',NULL,'71478',NULL,NULL,'2021-12-13 04:41:06','insert'),(2249,'','','',NULL,'89413',NULL,NULL,'2021-12-13 04:41:06','insert'),(2250,'','','',NULL,'39173',NULL,NULL,'2021-12-13 04:41:07','insert'),(2251,'','','',NULL,'47441',NULL,NULL,'2021-12-13 04:41:07','insert'),(2252,'','','',NULL,'44841',NULL,NULL,'2021-12-13 04:41:07','insert'),(2253,'','','',NULL,'54799',NULL,NULL,'2021-12-13 04:41:07','insert'),(2254,'','','',NULL,'14404',NULL,NULL,'2021-12-13 04:41:07','insert'),(2255,'','','',NULL,'55342',NULL,NULL,'2021-12-13 04:41:07','insert'),(2256,'','','',NULL,'30813',NULL,NULL,'2021-12-13 04:41:07','insert'),(2257,'','','',NULL,'86198',NULL,NULL,'2021-12-13 04:41:07','insert'),(2258,'','','',NULL,'47020',NULL,NULL,'2021-12-13 04:41:07','insert'),(2259,'','','',NULL,'13132',NULL,NULL,'2021-12-13 04:41:07','insert'),(2260,'','','',NULL,'99700',NULL,NULL,'2021-12-13 04:41:07','insert'),(2261,'','','',NULL,'14402',NULL,NULL,'2021-12-13 04:41:07','insert'),(2262,'','','',NULL,'58827',NULL,NULL,'2021-12-13 04:41:07','insert'),(2263,'','','',NULL,'68381',NULL,NULL,'2021-12-13 04:41:07','insert'),(2264,'','','',NULL,'91467',NULL,NULL,'2021-12-13 04:41:07','insert'),(2265,'','','',NULL,'77785',NULL,NULL,'2021-12-13 04:41:07','insert'),(2266,'','','',NULL,'64604',NULL,NULL,'2021-12-13 04:41:07','insert'),(2267,'','','',NULL,'70234',NULL,NULL,'2021-12-13 04:41:07','insert'),(2268,'','','',NULL,'54863',NULL,NULL,'2021-12-13 04:41:07','insert'),(2269,'','','',NULL,'92752',NULL,NULL,'2021-12-13 04:41:07','insert'),(2270,'','','',NULL,'79300',NULL,NULL,'2021-12-13 04:41:07','insert'),(2271,'','','',NULL,'37743',NULL,NULL,'2021-12-13 04:41:07','insert'),(2272,'','','',NULL,'74641',NULL,NULL,'2021-12-13 04:41:07','insert'),(2273,'','','',NULL,'40904',NULL,NULL,'2021-12-13 04:41:07','insert'),(2274,'','','',NULL,'74704',NULL,NULL,'2021-12-13 04:41:07','insert'),(2275,'','','',NULL,'34212',NULL,NULL,'2021-12-13 04:41:07','insert'),(2276,'','','',NULL,'60937',NULL,NULL,'2021-12-13 04:41:07','insert'),(2277,'','','',NULL,'65648',NULL,NULL,'2021-12-13 04:41:07','insert'),(2278,'','','',NULL,'33757',NULL,NULL,'2021-12-13 04:41:07','insert'),(2279,'','','',NULL,'26124',NULL,NULL,'2021-12-13 04:41:07','insert'),(2280,'','','',NULL,'81017',NULL,NULL,'2021-12-13 04:41:07','insert'),(2281,'','','',NULL,'56013',NULL,NULL,'2021-12-13 04:41:07','insert'),(2282,'','','',NULL,'80874',NULL,NULL,'2021-12-13 04:41:07','insert'),(2283,'','','',NULL,'20042',NULL,NULL,'2021-12-13 04:41:07','insert'),(2284,'','','',NULL,'22672',NULL,NULL,'2021-12-13 04:41:07','insert'),(2285,'','','',NULL,'54151',NULL,NULL,'2021-12-13 04:41:07','insert'),(2286,'','','',NULL,'72312',NULL,NULL,'2021-12-13 04:41:07','insert'),(2287,'','','',NULL,'94675',NULL,NULL,'2021-12-13 04:41:07','insert'),(2288,'','','',NULL,'13818',NULL,NULL,'2021-12-13 04:41:07','insert'),(2289,'','','',NULL,'89051',NULL,NULL,'2021-12-13 04:41:07','insert'),(2290,'','','',NULL,NULL,NULL,NULL,'2021-12-13 04:41:09','delete'),(2291,'','','','Industrigatan 784',NULL,NULL,NULL,'2021-12-13 04:41:09','delete'),(2292,'','','','Kvarngatan 37',NULL,NULL,NULL,'2021-12-13 04:41:09','delete'),(2293,'','','','Fabriksstigen 647',NULL,NULL,NULL,'2021-12-13 04:41:09','delete'),(2294,'','','','Parktorget 82',NULL,NULL,NULL,'2021-12-13 04:41:09','delete'),(2295,'','','','Parkgränd 90',NULL,NULL,NULL,'2021-12-13 04:41:09','delete'),(2296,'','','','Skolgränd 85',NULL,NULL,NULL,'2021-12-13 04:41:09','delete'),(2297,'','','','Fabriksgatan 43',NULL,NULL,NULL,'2021-12-13 04:41:09','delete'),(2298,'','','','Ringgatan 0',NULL,NULL,NULL,'2021-12-13 04:41:09','delete'),(2299,'','','','Kvarnvägen 659',NULL,NULL,NULL,'2021-12-13 04:41:09','delete'),(2300,'','','','Backvägen 555',NULL,NULL,NULL,'2021-12-13 04:41:09','delete'),(2301,'','','','Ringstigen 68',NULL,NULL,NULL,'2021-12-13 04:41:09','delete'),(2302,'','','','Stationsstigen 353',NULL,NULL,NULL,'2021-12-13 04:41:09','delete'),(2303,'','','','Bäcktorget 181',NULL,NULL,NULL,'2021-12-13 04:41:09','delete'),(2304,'','','','Bäckgatan 1',NULL,NULL,NULL,'2021-12-13 04:41:09','delete'),(2305,'','','','Industrivägen 924',NULL,NULL,NULL,'2021-12-13 04:41:09','delete'),(2306,'','','','Kvarngränd 7',NULL,NULL,NULL,'2021-12-13 04:41:09','delete'),(2307,'','','','Strandtorget 92',NULL,NULL,NULL,'2021-12-13 04:41:09','delete'),(2308,'','','','Kvarngränd 518',NULL,NULL,NULL,'2021-12-13 04:41:09','delete'),(2309,'','','','Stationsgatan 9',NULL,NULL,NULL,'2021-12-13 04:41:09','delete'),(2310,'','','','Gengränd 5',NULL,NULL,NULL,'2021-12-13 04:41:09','delete'),(2311,'','','','Skogsgatan 704',NULL,NULL,NULL,'2021-12-13 04:41:09','delete'),(2312,'','','','Aspgatan 8',NULL,NULL,NULL,'2021-12-13 04:41:09','delete'),(2313,'','','','Parkvägen 557',NULL,NULL,NULL,'2021-12-13 04:41:09','delete'),(2314,'','','','Granvägen 846',NULL,NULL,NULL,'2021-12-13 04:41:09','delete'),(2315,'','','','Ringvägen 471',NULL,NULL,NULL,'2021-12-13 04:41:09','delete'),(2316,'','','','Skolstigen 0',NULL,NULL,NULL,'2021-12-13 04:41:09','delete'),(2317,'','','','Industrigatan 160',NULL,NULL,NULL,'2021-12-13 04:41:09','delete'),(2318,'','','','Ringtorget 138',NULL,NULL,NULL,'2021-12-13 04:41:09','delete'),(2319,'','','','Åkerstigen 88',NULL,NULL,NULL,'2021-12-13 04:41:09','delete'),(2320,'','','','Strandstigen 46',NULL,NULL,NULL,'2021-12-13 04:41:09','delete'),(2321,'','','','Kyrkogatan 7',NULL,NULL,NULL,'2021-12-13 04:41:09','delete'),(2322,'','','','Ringvägen 8',NULL,NULL,NULL,'2021-12-13 04:41:09','delete'),(2323,'','','','Gengatan 32',NULL,NULL,NULL,'2021-12-13 04:41:09','delete'),(2324,'','','','Grangatan 62',NULL,NULL,NULL,'2021-12-13 04:41:09','delete'),(2325,'','','','Parktorget 1',NULL,NULL,NULL,'2021-12-13 04:41:09','delete'),(2326,'','','','Granstigen 97',NULL,NULL,NULL,'2021-12-13 04:41:09','delete'),(2327,'','','','Nygatan 6',NULL,NULL,NULL,'2021-12-13 04:41:09','delete'),(2328,'','','','Åkertorget 499',NULL,NULL,NULL,'2021-12-13 04:41:09','delete'),(2329,'','','','Kyrkgränd 0',NULL,NULL,NULL,'2021-12-13 04:41:09','delete'),(2330,'','','','Skogsgatan 28',NULL,NULL,NULL,'2021-12-13 04:41:09','delete'),(2331,'','','','Ringvägen 2',NULL,NULL,NULL,'2021-12-13 04:41:09','delete'),(2332,'','','','Fabriksgatan 0',NULL,NULL,NULL,'2021-12-13 04:41:09','delete'),(2333,'','','','Backgatan 793',NULL,NULL,NULL,'2021-12-13 04:41:09','delete'),(2334,'','','','Grangränd 82',NULL,NULL,NULL,'2021-12-13 04:41:09','delete'),(2335,'','','','Kyrkgatan 571',NULL,NULL,NULL,'2021-12-13 04:41:09','delete'),(2336,'','','','Stationsstigen 8',NULL,NULL,NULL,'2021-12-13 04:41:09','delete'),(2337,'','','','Industritorget 998',NULL,NULL,NULL,'2021-12-13 04:41:09','delete'),(2338,'','','','Gengatan 66',NULL,NULL,NULL,'2021-12-13 04:41:09','delete'),(2339,'','','','Gengatan 27',NULL,NULL,NULL,'2021-12-13 04:41:09','delete'),(2340,'','','','Skogsvägen 359',NULL,NULL,NULL,'2021-12-13 04:41:09','delete'),(2341,'','','',NULL,'37310',NULL,NULL,'2021-12-13 05:12:31','insert'),(2342,'','','',NULL,'48688',NULL,NULL,'2021-12-13 05:12:31','insert'),(2343,'','','',NULL,'37921',NULL,NULL,'2021-12-13 05:12:31','insert'),(2344,'','','',NULL,'13995',NULL,NULL,'2021-12-13 05:12:31','insert'),(2345,'','','',NULL,'72674',NULL,NULL,'2021-12-13 05:12:31','insert'),(2347,'','','','Nyvägen 7',NULL,NULL,NULL,'2021-12-13 06:07:54','delete'),(2348,'','','','Björkvägen 0',NULL,NULL,NULL,'2021-12-13 06:07:54','delete'),(2349,'','','','Kvarntorget 649',NULL,NULL,NULL,'2021-12-13 06:07:54','delete'),(2350,'','','','Ringgatan 12',NULL,NULL,NULL,'2021-12-13 06:07:54','delete'),(2351,'','','','Ängsgatan 662',NULL,NULL,NULL,'2021-12-13 06:07:54','delete'),(2352,'','','',NULL,'38569',NULL,NULL,'2021-12-13 06:11:17','insert'),(2353,'','','',NULL,'36149',NULL,NULL,'2021-12-13 06:11:17','insert'),(2354,'','','',NULL,'63128',NULL,NULL,'2021-12-13 06:11:17','insert'),(2355,'','','',NULL,'47404',NULL,NULL,'2021-12-13 06:11:17','insert'),(2356,'','','',NULL,'39453',NULL,NULL,'2021-12-13 06:11:17','insert'),(2357,'','','','Stationstorget 872',NULL,NULL,NULL,'2021-12-13 06:12:27','delete'),(2358,'','','','Skogsvägen 73',NULL,NULL,NULL,'2021-12-13 06:12:27','delete'),(2359,'','','','Parkvägen 358',NULL,NULL,NULL,'2021-12-13 06:12:27','delete'),(2360,'','','','Backgatan 884',NULL,NULL,NULL,'2021-12-13 06:12:27','delete'),(2361,'','','','Strandvägen 970',NULL,NULL,NULL,'2021-12-13 06:12:27','delete'),(2362,'','','',NULL,'25125',NULL,NULL,'2021-12-13 06:12:48','insert'),(2363,'','','',NULL,'12740',NULL,NULL,'2021-12-13 06:12:48','insert'),(2364,'','','',NULL,'96742',NULL,NULL,'2021-12-13 06:12:48','insert'),(2365,'','','',NULL,'56807',NULL,NULL,'2021-12-13 06:12:48','insert'),(2366,'','','',NULL,'50939',NULL,NULL,'2021-12-13 06:12:48','insert'),(2367,'','','','Ekvägen 708',NULL,NULL,NULL,'2021-12-13 06:48:52','delete'),(2368,'','','','Nygatan 8',NULL,NULL,NULL,'2021-12-13 06:48:52','delete'),(2369,'','','','Stationsgatan 810',NULL,NULL,NULL,'2021-12-13 06:48:52','delete'),(2370,'','','','Kvarngränd 612',NULL,NULL,NULL,'2021-12-13 06:48:52','delete'),(2371,'','','','Nyvägen 99',NULL,NULL,NULL,'2021-12-13 06:48:52','delete'),(2372,'','','',NULL,'86596',NULL,NULL,'2021-12-13 06:49:00','insert'),(2373,'','','',NULL,'76843',NULL,NULL,'2021-12-13 06:49:55','insert'),(2374,'','','',NULL,'45562',NULL,NULL,'2021-12-13 06:55:50','insert'),(2375,'','','','Ringgränd 52',NULL,NULL,NULL,'2021-12-13 06:58:44','delete'),(2376,'','','','Parkvägen 2',NULL,NULL,NULL,'2021-12-13 06:58:44','delete'),(2377,'','','','Aspgränd 115',NULL,NULL,NULL,'2021-12-13 06:58:44','delete'),(2378,'','','',NULL,'28324',NULL,NULL,'2021-12-13 06:58:56','insert'),(2379,'','','',NULL,'49873',NULL,NULL,'2021-12-13 07:00:01','insert'),(2380,'','','','Parktorget 12',NULL,NULL,NULL,'2021-12-13 07:01:22','delete'),(2381,'','','','Kyrkvägen 2',NULL,NULL,NULL,'2021-12-13 07:01:22','delete'),(2382,'','','',NULL,'80051',NULL,NULL,'2021-12-13 07:01:32','insert'),(2383,'','','','Bäckstigen 299',NULL,NULL,NULL,'2021-12-13 07:02:51','delete'),(2384,'','','',NULL,'34756',NULL,NULL,'2021-12-13 07:03:08','insert'),(2385,'','','',NULL,'25436',NULL,NULL,'2021-12-13 07:03:08','insert'),(2386,'','','',NULL,'13490',NULL,NULL,'2021-12-13 07:03:08','insert'),(2387,'','','',NULL,'90675',NULL,NULL,'2021-12-13 07:03:08','insert'),(2388,'','','',NULL,'80268',NULL,NULL,'2021-12-13 07:03:08','insert'),(2389,'','','','Björkstigen 3',NULL,NULL,NULL,'2021-12-13 07:21:39','delete'),(2390,'','','','Stationstorget 5',NULL,NULL,NULL,'2021-12-13 07:21:39','delete'),(2391,'','','','Aspgatan 96',NULL,NULL,NULL,'2021-12-13 07:21:39','delete'),(2392,'','','','Bäckgatan 817',NULL,NULL,NULL,'2021-12-13 07:21:39','delete'),(2393,'','','','Fabriksgatan 3',NULL,NULL,NULL,'2021-12-13 07:21:39','delete'),(2394,'','','',NULL,'68299',NULL,NULL,'2021-12-13 07:27:47','insert'),(2395,'','','',NULL,'94913',NULL,NULL,'2021-12-13 07:27:47','insert'),(2396,'','','','Gentorget 5',NULL,NULL,NULL,'2021-12-13 07:27:48','delete'),(2397,'','','','Backgränd 44',NULL,NULL,NULL,'2021-12-13 07:27:48','delete'),(2398,'','','',NULL,'42167',NULL,NULL,'2021-12-13 07:28:12','insert'),(2399,'','','',NULL,'87777',NULL,NULL,'2021-12-13 07:28:12','insert'),(2400,'','','','Industristigen 84',NULL,NULL,NULL,'2021-12-13 07:28:12','delete'),(2401,'','','','Industristigen 38',NULL,NULL,NULL,'2021-12-13 07:28:12','delete'),(2402,'','','',NULL,'87568',NULL,NULL,'2021-12-13 07:30:41','insert'),(2403,'','','',NULL,'83379',NULL,NULL,'2021-12-13 07:30:41','insert'),(2404,'','','','Ringvägen 17',NULL,NULL,NULL,'2021-12-13 07:33:47','delete'),(2405,'','','','Skogsvägen 76',NULL,NULL,NULL,'2021-12-13 07:33:47','delete'),(2406,'','','',NULL,'40823',NULL,NULL,'2021-12-13 07:34:11','insert'),(2407,'','','',NULL,'42235',NULL,NULL,'2021-12-13 07:34:11','insert'),(2408,'','','',NULL,'93249',NULL,NULL,'2021-12-13 07:34:11','insert'),(2409,'','','',NULL,'16196',NULL,NULL,'2021-12-13 07:34:11','insert'),(2410,'','','',NULL,'15576',NULL,NULL,'2021-12-13 07:34:11','insert'),(2411,'','','','Industrigränd 817',NULL,NULL,NULL,'2021-12-13 07:34:36','delete'),(2412,'','','','Backgränd 6',NULL,NULL,NULL,'2021-12-13 07:34:36','delete'),(2413,'','','','Grangatan 552',NULL,NULL,NULL,'2021-12-13 07:34:36','delete'),(2414,'','','','Villavägen 0',NULL,NULL,NULL,'2021-12-13 07:34:36','delete'),(2415,'','','','Bäckgatan 412',NULL,NULL,NULL,'2021-12-13 07:34:36','delete'),(2416,'','','',NULL,'85062',NULL,NULL,'2021-12-13 07:36:27','insert'),(2417,'','','',NULL,'12512',NULL,NULL,'2021-12-13 07:36:27','insert'),(2418,'','','',NULL,'62654',NULL,NULL,'2021-12-13 07:36:27','insert'),(2419,'','','',NULL,'59826',NULL,NULL,'2021-12-13 07:36:27','insert'),(2420,'','','',NULL,'18846',NULL,NULL,'2021-12-13 07:36:27','insert'),(2421,'','','',NULL,'82316',NULL,NULL,'2021-12-13 07:36:27','insert'),(2422,'','','','Industrivägen 5',NULL,NULL,NULL,'2021-12-13 07:36:27','delete'),(2423,'','','','Järnvägsgatan 4',NULL,NULL,NULL,'2021-12-13 07:36:27','delete'),(2424,'','','','Furutorget 98',NULL,NULL,NULL,'2021-12-13 07:36:27','delete'),(2425,'','','','Kyrkotorget 1',NULL,NULL,NULL,'2021-12-13 07:36:27','delete'),(2426,'','','','Kvarngatan 859',NULL,NULL,NULL,'2021-12-13 07:36:27','delete'),(2427,'','','','Parkvägen 8',NULL,NULL,NULL,'2021-12-13 07:36:27','delete'),(2428,'','','',NULL,'63304',NULL,NULL,'2021-12-13 07:36:29','insert'),(2429,'','','',NULL,'29904',NULL,NULL,'2021-12-13 07:36:30','insert'),(2430,'','','',NULL,'92195',NULL,NULL,'2021-12-13 07:36:30','insert'),(2431,'','','',NULL,'83015',NULL,NULL,'2021-12-13 07:36:30','insert'),(2432,'','','',NULL,'26278',NULL,NULL,'2021-12-13 07:36:30','insert'),(2433,'','','',NULL,'18121',NULL,NULL,'2021-12-13 07:36:30','insert'),(2434,'','','','Stationstorget 4',NULL,NULL,NULL,'2021-12-13 07:36:30','delete'),(2435,'','','','Gengatan 429',NULL,NULL,NULL,'2021-12-13 07:36:30','delete'),(2436,'','','','Kyrkostigen 850',NULL,NULL,NULL,'2021-12-13 07:36:30','delete'),(2437,'','','','Villastigen 8',NULL,NULL,NULL,'2021-12-13 07:36:30','delete'),(2438,'','','','Ängsvägen 191',NULL,NULL,NULL,'2021-12-13 07:36:30','delete'),(2439,'','','','Björkgränd 6',NULL,NULL,NULL,'2021-12-13 07:36:30','delete'),(2440,'','','',NULL,'59591',NULL,NULL,'2021-12-13 07:36:31','insert'),(2441,'','','',NULL,'15977',NULL,NULL,'2021-12-13 07:36:31','insert'),(2442,'','','',NULL,'30407',NULL,NULL,'2021-12-13 07:36:31','insert'),(2443,'','','',NULL,'98911',NULL,NULL,'2021-12-13 07:36:31','insert'),(2444,'','','',NULL,'93480',NULL,NULL,'2021-12-13 07:36:31','insert'),(2445,'','','',NULL,'13034',NULL,NULL,'2021-12-13 07:36:31','insert'),(2446,'','','','Kyrkovägen 315',NULL,NULL,NULL,'2021-12-13 07:36:32','delete'),(2447,'','','','Industrigränd 77',NULL,NULL,NULL,'2021-12-13 07:36:32','delete'),(2448,'','','','Björkgatan 99',NULL,NULL,NULL,'2021-12-13 07:36:32','delete'),(2449,'','','','Stationsgatan 45',NULL,NULL,NULL,'2021-12-13 07:36:32','delete'),(2450,'','','','Kyrkgatan 0',NULL,NULL,NULL,'2021-12-13 07:36:32','delete'),(2451,'','','','Fabriksstigen 8',NULL,NULL,NULL,'2021-12-13 07:36:32','delete'),(2452,'','','',NULL,'74091',NULL,NULL,'2021-12-13 07:36:55','insert'),(2453,'','','',NULL,'56904',NULL,NULL,'2021-12-13 07:36:55','insert'),(2454,'','','',NULL,'30774',NULL,NULL,'2021-12-13 07:36:55','insert'),(2455,'','','',NULL,'24918',NULL,NULL,'2021-12-13 07:36:55','insert'),(2456,'','','',NULL,'11903',NULL,NULL,'2021-12-13 07:36:55','insert'),(2457,'','','','Bäcktorget 157',NULL,NULL,NULL,'2021-12-13 07:36:56','delete'),(2458,'','','','Bäckgatan 352',NULL,NULL,NULL,'2021-12-13 07:36:56','delete'),(2459,'','','','Skolgatan 5',NULL,NULL,NULL,'2021-12-13 07:36:56','delete'),(2460,'','','','Furuvägen 41',NULL,NULL,NULL,'2021-12-13 07:36:56','delete'),(2461,'','','','Storgränd 1',NULL,NULL,NULL,'2021-12-13 07:36:56','delete'),(2462,'','','',NULL,'18884',NULL,NULL,'2021-12-13 07:37:57','insert'),(2463,'','','',NULL,'61747',NULL,NULL,'2021-12-13 07:37:57','insert'),(2464,'','','',NULL,'47850',NULL,NULL,'2021-12-13 07:37:57','insert'),(2465,'','','',NULL,'27575',NULL,NULL,'2021-12-13 07:37:57','insert'),(2466,'','','',NULL,'67966',NULL,NULL,'2021-12-13 07:37:57','insert'),(2467,'','','','Genvägen 9',NULL,NULL,NULL,'2021-12-13 07:37:57','delete'),(2468,'','','','Aspvägen 394',NULL,NULL,NULL,'2021-12-13 07:37:57','delete'),(2469,'','','','Skolgränd 82',NULL,NULL,NULL,'2021-12-13 07:37:57','delete'),(2470,'','','','Kvarnvägen 3',NULL,NULL,NULL,'2021-12-13 07:37:57','delete'),(2471,'','','','Storvägen 8',NULL,NULL,NULL,'2021-12-13 07:37:57','delete'),(2472,'','','',NULL,'36082',NULL,NULL,'2021-12-13 07:38:22','insert'),(2473,'','','','Strandvägen 554',NULL,NULL,NULL,'2021-12-13 07:38:23','delete'),(2474,'','','',NULL,'50767',NULL,NULL,'2021-12-13 07:38:25','insert'),(2475,'','','','Bäckgränd 84',NULL,NULL,NULL,'2021-12-13 07:38:25','delete'),(2476,'','','',NULL,'77676',NULL,NULL,'2021-12-13 07:38:31','insert'),(2477,'','','','Ringtorget 9',NULL,NULL,NULL,'2021-12-13 07:38:31','delete'),(2478,'','','',NULL,'44312',NULL,NULL,'2021-12-13 07:38:31','insert'),(2479,'','','',NULL,'52821',NULL,NULL,'2021-12-13 07:38:31','insert'),(2480,'','','',NULL,'19743',NULL,NULL,'2021-12-13 07:38:31','insert'),(2481,'','','',NULL,'88978',NULL,NULL,'2021-12-13 07:38:31','insert'),(2482,'','','',NULL,'99111',NULL,NULL,'2021-12-13 07:38:31','insert'),(2483,'','','','Ektorget 4',NULL,NULL,NULL,'2021-12-13 07:38:32','delete'),(2484,'','','','Strandgatan 4',NULL,NULL,NULL,'2021-12-13 07:38:32','delete'),(2485,'','','','Åkervägen 9',NULL,NULL,NULL,'2021-12-13 07:38:32','delete'),(2486,'','','','Backtorget 86',NULL,NULL,NULL,'2021-12-13 07:38:32','delete'),(2487,'','','','Skolvägen 4',NULL,NULL,NULL,'2021-12-13 07:38:32','delete'),(2488,'','','',NULL,'88353',NULL,NULL,'2021-12-13 07:39:23','insert'),(2489,'','','','Åkergatan 80',NULL,NULL,NULL,'2021-12-13 07:39:24','delete'),(2490,'','','',NULL,'42060',NULL,NULL,'2021-12-13 07:39:24','insert'),(2491,'','','',NULL,'79119',NULL,NULL,'2021-12-13 07:39:24','insert'),(2492,'','','',NULL,'93552',NULL,NULL,'2021-12-13 07:39:24','insert'),(2493,'','','',NULL,'60284',NULL,NULL,'2021-12-13 07:39:24','insert'),(2494,'','','',NULL,'61573',NULL,NULL,'2021-12-13 07:39:24','insert'),(2495,'','','','Skogsvägen 147',NULL,NULL,NULL,'2021-12-13 07:39:24','delete'),(2496,'','','','Strandvägen 296',NULL,NULL,NULL,'2021-12-13 07:39:24','delete'),(2497,'','','','Trädgårdsgatan 8',NULL,NULL,NULL,'2021-12-13 07:39:24','delete'),(2498,'','','','Kyrkstigen 70',NULL,NULL,NULL,'2021-12-13 07:39:24','delete'),(2499,'','','','Bäcktorget 750',NULL,NULL,NULL,'2021-12-13 07:39:24','delete'),(2500,'','','',NULL,'24594',NULL,NULL,'2021-12-13 07:39:25','insert'),(2501,'','','','Strandgatan 6',NULL,NULL,NULL,'2021-12-13 07:39:25','delete'),(2502,'','','',NULL,'81619',NULL,NULL,'2021-12-13 07:39:25','insert'),(2503,'','','',NULL,'14254',NULL,NULL,'2021-12-13 07:39:25','insert'),(2504,'','','',NULL,'27085',NULL,NULL,'2021-12-13 07:39:25','insert'),(2505,'','','',NULL,'30234',NULL,NULL,'2021-12-13 07:39:25','insert'),(2506,'','','',NULL,'66805',NULL,NULL,'2021-12-13 07:39:25','insert'),(2507,'','','','Skolvägen 6',NULL,NULL,NULL,'2021-12-13 07:39:26','delete'),(2508,'','','','Stationsstigen 0',NULL,NULL,NULL,'2021-12-13 07:39:26','delete'),(2509,'','','','Villatorget 84',NULL,NULL,NULL,'2021-12-13 07:39:26','delete'),(2510,'','','','Industrigatan 550',NULL,NULL,NULL,'2021-12-13 07:39:26','delete'),(2511,'','','','Gengatan 9',NULL,NULL,NULL,'2021-12-13 07:39:26','delete'),(2512,'','','',NULL,'77147',NULL,NULL,'2021-12-13 07:40:02','insert'),(2513,'','','','Parkgatan 82',NULL,NULL,NULL,'2021-12-13 07:40:02','delete'),(2514,'','','',NULL,'12669',NULL,NULL,'2021-12-13 07:40:02','insert'),(2515,'','','',NULL,'69619',NULL,NULL,'2021-12-13 07:40:02','insert'),(2516,'','','',NULL,'34124',NULL,NULL,'2021-12-13 07:40:02','insert'),(2517,'','','',NULL,'42963',NULL,NULL,'2021-12-13 07:40:02','insert'),(2518,'','','',NULL,'63146',NULL,NULL,'2021-12-13 07:40:02','insert'),(2519,'','','','Kyrkgränd 13',NULL,NULL,NULL,'2021-12-13 07:40:02','delete'),(2520,'','','','Industrigatan 273',NULL,NULL,NULL,'2021-12-13 07:40:02','delete'),(2521,'','','','Bäckgränd 6',NULL,NULL,NULL,'2021-12-13 07:40:02','delete'),(2522,'','','','Parktorget 70',NULL,NULL,NULL,'2021-12-13 07:40:02','delete'),(2523,'','','','Skogstorget 2',NULL,NULL,NULL,'2021-12-13 07:40:02','delete'),(2524,'','','',NULL,'53324',NULL,NULL,'2021-12-13 07:40:04','insert'),(2525,'','','','Järnvägstorget 3',NULL,NULL,NULL,'2021-12-13 07:40:04','delete'),(2526,'','','',NULL,'83705',NULL,NULL,'2021-12-13 07:40:04','insert'),(2527,'','','',NULL,'70082',NULL,NULL,'2021-12-13 07:40:04','insert'),(2528,'','','',NULL,'94113',NULL,NULL,'2021-12-13 07:40:04','insert'),(2529,'','','',NULL,'66646',NULL,NULL,'2021-12-13 07:40:04','insert'),(2530,'','','',NULL,'63231',NULL,NULL,'2021-12-13 07:40:04','insert'),(2531,'','','','Skoltorget 54',NULL,NULL,NULL,'2021-12-13 07:40:04','delete'),(2532,'','','','Trädgårdsgatan 640',NULL,NULL,NULL,'2021-12-13 07:40:04','delete'),(2533,'','','','Skolstigen 7',NULL,NULL,NULL,'2021-12-13 07:40:04','delete'),(2534,'','','','Ringgränd 71',NULL,NULL,NULL,'2021-12-13 07:40:04','delete'),(2535,'','','','Kyrkostigen 6',NULL,NULL,NULL,'2021-12-13 07:40:04','delete'),(2536,'','','',NULL,'25579',NULL,NULL,'2021-12-14 03:08:01','insert'),(2537,'','','','Aspstigen 77',NULL,NULL,NULL,'2021-12-14 03:08:02','delete'),(2538,'','','',NULL,'98962',NULL,NULL,'2021-12-14 03:08:02','insert'),(2539,'','','',NULL,'63077',NULL,NULL,'2021-12-14 03:08:02','insert'),(2540,'','','',NULL,'41694',NULL,NULL,'2021-12-14 03:08:02','insert'),(2541,'','','',NULL,'21808',NULL,NULL,'2021-12-14 03:08:02','insert'),(2542,'','','',NULL,'96532',NULL,NULL,'2021-12-14 03:08:02','insert'),(2543,'','','','Industrivägen 3',NULL,NULL,NULL,'2021-12-14 03:08:02','delete'),(2544,'','','','Parkgatan 684',NULL,NULL,NULL,'2021-12-14 03:08:02','delete'),(2545,'','','','Stationsgatan 33',NULL,NULL,NULL,'2021-12-14 03:08:02','delete'),(2546,'','','','Parkvägen 6',NULL,NULL,NULL,'2021-12-14 03:08:02','delete'),(2547,'','','','Storgatan 64',NULL,NULL,NULL,'2021-12-14 03:08:02','delete'),(2548,'','','',NULL,'61282',NULL,NULL,'2021-12-14 03:08:04','insert'),(2549,'','','','Parkgatan 97',NULL,NULL,NULL,'2021-12-14 03:08:04','delete'),(2550,'','','',NULL,'10453',NULL,NULL,'2021-12-14 03:08:05','insert'),(2551,'','','',NULL,'11693',NULL,NULL,'2021-12-14 03:08:05','insert'),(2552,'','','',NULL,'31878',NULL,NULL,'2021-12-14 03:08:05','insert'),(2553,'','','',NULL,'79233',NULL,NULL,'2021-12-14 03:08:05','insert'),(2554,'','','',NULL,'29518',NULL,NULL,'2021-12-14 03:08:05','insert'),(2555,'','','','Nygatan 3',NULL,NULL,NULL,'2021-12-14 03:08:05','delete'),(2556,'','','','Industrigatan 6',NULL,NULL,NULL,'2021-12-14 03:08:05','delete'),(2557,'','','','Parkvägen 77',NULL,NULL,NULL,'2021-12-14 03:08:05','delete'),(2558,'','','','Kyrkstigen 311',NULL,NULL,NULL,'2021-12-14 03:08:05','delete'),(2559,'','','','Björktorget 438',NULL,NULL,NULL,'2021-12-14 03:08:05','delete'),(2560,'','','',NULL,'40778',NULL,NULL,'2021-12-14 03:08:46','insert'),(2561,'','','','Parktorget 808',NULL,NULL,NULL,'2021-12-14 03:08:46','delete'),(2562,'','','',NULL,'43741',NULL,NULL,'2021-12-14 03:08:46','insert'),(2563,'','','','Industristigen 59','43741',NULL,NULL,'2021-12-14 03:08:46','update'),(2564,'','','','Industristigen 59',NULL,NULL,NULL,'2021-12-14 03:08:46','delete'),(2565,'','','',NULL,NULL,NULL,NULL,'2021-12-14 03:08:47','insert'),(2566,'','','',NULL,'98011',NULL,NULL,'2021-12-14 03:08:47','insert'),(2567,'','','',NULL,'27338',NULL,NULL,'2021-12-14 03:08:47','insert'),(2568,'','','',NULL,'20678',NULL,NULL,'2021-12-14 03:08:47','insert'),(2569,'','','',NULL,'25080',NULL,NULL,'2021-12-14 03:08:47','insert'),(2570,'','','',NULL,'10862',NULL,NULL,'2021-12-14 03:08:47','insert'),(2571,'','','',NULL,'43707',NULL,NULL,'2021-12-14 03:08:47','insert'),(2572,'','','',NULL,'70629',NULL,NULL,'2021-12-14 03:08:47','insert'),(2573,'','','',NULL,'72424',NULL,NULL,'2021-12-14 03:08:47','insert'),(2574,'','','',NULL,'29076',NULL,NULL,'2021-12-14 03:08:47','insert'),(2575,'','','',NULL,'30824',NULL,NULL,'2021-12-14 03:08:47','insert'),(2576,'','','',NULL,'61661',NULL,NULL,'2021-12-14 03:08:47','insert'),(2577,'','','',NULL,'90715',NULL,NULL,'2021-12-14 03:08:47','insert'),(2578,'','','',NULL,'54306',NULL,NULL,'2021-12-14 03:08:47','insert'),(2579,'','','',NULL,'27255',NULL,NULL,'2021-12-14 03:08:47','insert'),(2580,'','','',NULL,'20682',NULL,NULL,'2021-12-14 03:08:47','insert'),(2581,'','','',NULL,'22261',NULL,NULL,'2021-12-14 03:08:47','insert'),(2582,'','','',NULL,'46793',NULL,NULL,'2021-12-14 03:08:47','insert'),(2583,'','','',NULL,'31172',NULL,NULL,'2021-12-14 03:08:47','insert'),(2584,'','','',NULL,'51256',NULL,NULL,'2021-12-14 03:08:47','insert'),(2585,'','','',NULL,'38591',NULL,NULL,'2021-12-14 03:08:47','insert'),(2586,'','','',NULL,'80698',NULL,NULL,'2021-12-14 03:08:47','insert'),(2587,'','','',NULL,'80061',NULL,NULL,'2021-12-14 03:08:47','insert'),(2588,'','','',NULL,'67515',NULL,NULL,'2021-12-14 03:08:47','insert'),(2589,'','','',NULL,'98056',NULL,NULL,'2021-12-14 03:08:47','insert'),(2590,'','','',NULL,'10295',NULL,NULL,'2021-12-14 03:08:47','insert'),(2591,'','','',NULL,'96942',NULL,NULL,'2021-12-14 03:08:47','insert'),(2592,'','','',NULL,'16601',NULL,NULL,'2021-12-14 03:08:47','insert'),(2593,'','','',NULL,'31362',NULL,NULL,'2021-12-14 03:08:47','insert'),(2594,'','','',NULL,'48524',NULL,NULL,'2021-12-14 03:08:47','insert'),(2595,'','','',NULL,'47782',NULL,NULL,'2021-12-14 03:08:47','insert'),(2596,'','','',NULL,'19438',NULL,NULL,'2021-12-14 03:08:47','insert'),(2597,'','','',NULL,'47982',NULL,NULL,'2021-12-14 03:08:47','insert'),(2598,'','','',NULL,'20110',NULL,NULL,'2021-12-14 03:08:47','insert'),(2599,'','','',NULL,'55648',NULL,NULL,'2021-12-14 03:08:47','insert'),(2600,'','','',NULL,'69094',NULL,NULL,'2021-12-14 03:08:47','insert'),(2601,'','','',NULL,'51360',NULL,NULL,'2021-12-14 03:08:47','insert'),(2602,'','','',NULL,'45901',NULL,NULL,'2021-12-14 03:08:47','insert'),(2603,'','','',NULL,'82868',NULL,NULL,'2021-12-14 03:08:47','insert'),(2604,'','','',NULL,'20178',NULL,NULL,'2021-12-14 03:08:47','insert'),(2605,'','','',NULL,'56486',NULL,NULL,'2021-12-14 03:08:47','insert'),(2606,'','','',NULL,'57362',NULL,NULL,'2021-12-14 03:08:47','insert'),(2607,'','','',NULL,'44400',NULL,NULL,'2021-12-14 03:08:47','insert'),(2608,'','','',NULL,'64655',NULL,NULL,'2021-12-14 03:08:47','insert'),(2609,'','','',NULL,'60958',NULL,NULL,'2021-12-14 03:08:47','insert'),(2610,'','','',NULL,'74166',NULL,NULL,'2021-12-14 03:08:47','insert'),(2611,'','','',NULL,'68425',NULL,NULL,'2021-12-14 03:08:47','insert'),(2612,'','','',NULL,'18383',NULL,NULL,'2021-12-14 03:08:47','insert'),(2613,'','','',NULL,'84159',NULL,NULL,'2021-12-14 03:08:47','insert'),(2614,'','','',NULL,'58538',NULL,NULL,'2021-12-14 03:08:47','insert'),(2615,'','','',NULL,'44599',NULL,NULL,'2021-12-14 03:08:47','insert'),(2616,'','','',NULL,NULL,NULL,NULL,'2021-12-14 03:08:48','delete'),(2617,'','','','Stationsgränd 548',NULL,NULL,NULL,'2021-12-14 03:08:48','delete'),(2618,'','','','Backgatan 3',NULL,NULL,NULL,'2021-12-14 03:08:48','delete'),(2619,'','','','Ekvägen 126',NULL,NULL,NULL,'2021-12-14 03:08:48','delete'),(2620,'','','','Ängstorget 81',NULL,NULL,NULL,'2021-12-14 03:08:48','delete'),(2621,'','','','Strandvägen 3',NULL,NULL,NULL,'2021-12-14 03:08:48','delete'),(2622,'','','','Industrigränd 354',NULL,NULL,NULL,'2021-12-14 03:08:48','delete'),(2623,'','','','Genstigen 49',NULL,NULL,NULL,'2021-12-14 03:08:48','delete'),(2624,'','','','Bäckvägen 83',NULL,NULL,NULL,'2021-12-14 03:08:48','delete'),(2625,'','','','Stationsgränd 59',NULL,NULL,NULL,'2021-12-14 03:08:48','delete'),(2626,'','','','Nygatan 8',NULL,NULL,NULL,'2021-12-14 03:08:48','delete'),(2627,'','','','Backgatan 6',NULL,NULL,NULL,'2021-12-14 03:08:48','delete'),(2628,'','','','Genstigen 25',NULL,NULL,NULL,'2021-12-14 03:08:48','delete'),(2629,'','','','Industristigen 634',NULL,NULL,NULL,'2021-12-14 03:08:48','delete'),(2630,'','','','Nygatan 79',NULL,NULL,NULL,'2021-12-14 03:08:48','delete'),(2631,'','','','Nyvägen 898',NULL,NULL,NULL,'2021-12-14 03:08:48','delete'),(2632,'','','','Kyrktorget 6',NULL,NULL,NULL,'2021-12-14 03:08:48','delete'),(2633,'','','','Furustigen 54',NULL,NULL,NULL,'2021-12-14 03:08:48','delete'),(2634,'','','','Ringgatan 706',NULL,NULL,NULL,'2021-12-14 03:08:48','delete'),(2635,'','','','Skogsvägen 19',NULL,NULL,NULL,'2021-12-14 03:08:48','delete'),(2636,'','','','Gengatan 67',NULL,NULL,NULL,'2021-12-14 03:08:48','delete'),(2637,'','','','Kyrkogatan 0',NULL,NULL,NULL,'2021-12-14 03:08:48','delete'),(2638,'','','','Björkgatan 8',NULL,NULL,NULL,'2021-12-14 03:08:48','delete'),(2639,'','','','Ektorget 71',NULL,NULL,NULL,'2021-12-14 03:08:48','delete'),(2640,'','','','Järnvägsgatan 470',NULL,NULL,NULL,'2021-12-14 03:08:48','delete'),(2641,'','','','Genstigen 874',NULL,NULL,NULL,'2021-12-14 03:08:48','delete'),(2642,'','','','Skolgatan 716',NULL,NULL,NULL,'2021-12-14 03:08:48','delete'),(2643,'','','','Bäckgränd 775',NULL,NULL,NULL,'2021-12-14 03:08:48','delete'),(2644,'','','','Kvarngatan 385',NULL,NULL,NULL,'2021-12-14 03:08:48','delete'),(2645,'','','','Nygränd 9',NULL,NULL,NULL,'2021-12-14 03:08:48','delete'),(2646,'','','','Ekvägen 9',NULL,NULL,NULL,'2021-12-14 03:08:48','delete'),(2647,'','','','Kvarngatan 411',NULL,NULL,NULL,'2021-12-14 03:08:48','delete'),(2648,'','','','Parkgatan 80',NULL,NULL,NULL,'2021-12-14 03:08:48','delete'),(2649,'','','','Furugatan 55',NULL,NULL,NULL,'2021-12-14 03:08:48','delete'),(2650,'','','','Björkgatan 552',NULL,NULL,NULL,'2021-12-14 03:08:48','delete'),(2651,'','','','Kyrktorget 7',NULL,NULL,NULL,'2021-12-14 03:08:48','delete'),(2652,'','','','Industrigränd 6',NULL,NULL,NULL,'2021-12-14 03:08:48','delete'),(2653,'','','','Skolgatan 940',NULL,NULL,NULL,'2021-12-14 03:08:48','delete'),(2654,'','','','Skolgatan 775',NULL,NULL,NULL,'2021-12-14 03:08:48','delete'),(2655,'','','','Idrottsstigen 718',NULL,NULL,NULL,'2021-12-14 03:08:48','delete'),(2656,'','','','Storgatan 796',NULL,NULL,NULL,'2021-12-14 03:08:48','delete'),(2657,'','','','Trädgårdsvägen 259',NULL,NULL,NULL,'2021-12-14 03:08:48','delete'),(2658,'','','','Björktorget 666',NULL,NULL,NULL,'2021-12-14 03:08:48','delete'),(2659,'','','','Björkstigen 707',NULL,NULL,NULL,'2021-12-14 03:08:48','delete'),(2660,'','','','Stationsvägen 205',NULL,NULL,NULL,'2021-12-14 03:08:48','delete'),(2661,'','','','Furugränd 30',NULL,NULL,NULL,'2021-12-14 03:08:48','delete'),(2662,'','','','Asptorget 6',NULL,NULL,NULL,'2021-12-14 03:08:48','delete'),(2663,'','','','Ängstorget 1',NULL,NULL,NULL,'2021-12-14 03:08:48','delete'),(2664,'','','','Furugränd 40',NULL,NULL,NULL,'2021-12-14 03:08:48','delete'),(2665,'','','','Industrivägen 551',NULL,NULL,NULL,'2021-12-14 03:08:48','delete'),(2666,'','','','Nygränd 1',NULL,NULL,NULL,'2021-12-14 03:08:48','delete'),(2667,'','','',NULL,NULL,NULL,NULL,'2021-12-14 03:08:49','insert'),(2668,'','','',NULL,'43907',NULL,NULL,'2021-12-14 03:08:49','insert'),(2669,'','','',NULL,'38378',NULL,NULL,'2021-12-14 03:08:49','insert'),(2670,'','','',NULL,'43350',NULL,NULL,'2021-12-14 03:08:49','insert'),(2671,'','','',NULL,'48586',NULL,NULL,'2021-12-14 03:08:49','insert'),(2672,'','','',NULL,'57569',NULL,NULL,'2021-12-14 03:08:49','insert'),(2673,'','','',NULL,'30517',NULL,NULL,'2021-12-14 03:08:49','insert'),(2674,'','','',NULL,'54457',NULL,NULL,'2021-12-14 03:08:49','insert'),(2675,'','','',NULL,'54491',NULL,NULL,'2021-12-14 03:08:49','insert'),(2676,'','','',NULL,'68418',NULL,NULL,'2021-12-14 03:08:49','insert'),(2677,'','','',NULL,'52158',NULL,NULL,'2021-12-14 03:08:49','insert'),(2678,'','','',NULL,'72762',NULL,NULL,'2021-12-14 03:08:49','insert'),(2679,'','','',NULL,'40729',NULL,NULL,'2021-12-14 03:08:49','insert'),(2680,'','','',NULL,'56858',NULL,NULL,'2021-12-14 03:08:49','insert'),(2681,'','','',NULL,'70196',NULL,NULL,'2021-12-14 03:08:49','insert'),(2682,'','','',NULL,'86233',NULL,NULL,'2021-12-14 03:08:49','insert'),(2683,'','','',NULL,'46509',NULL,NULL,'2021-12-14 03:08:49','insert'),(2684,'','','',NULL,'62759',NULL,NULL,'2021-12-14 03:08:49','insert'),(2685,'','','',NULL,'83539',NULL,NULL,'2021-12-14 03:08:49','insert'),(2686,'','','',NULL,'53236',NULL,NULL,'2021-12-14 03:08:49','insert'),(2687,'','','',NULL,'89628',NULL,NULL,'2021-12-14 03:08:49','insert'),(2688,'','','',NULL,'73923',NULL,NULL,'2021-12-14 03:08:49','insert'),(2689,'','','',NULL,'26392',NULL,NULL,'2021-12-14 03:08:49','insert'),(2690,'','','',NULL,'79131',NULL,NULL,'2021-12-14 03:08:49','insert'),(2691,'','','',NULL,'22117',NULL,NULL,'2021-12-14 03:08:49','insert'),(2692,'','','',NULL,'87193',NULL,NULL,'2021-12-14 03:08:49','insert'),(2693,'','','',NULL,'32663',NULL,NULL,'2021-12-14 03:08:49','insert'),(2694,'','','',NULL,'65784',NULL,NULL,'2021-12-14 03:08:49','insert'),(2695,'','','',NULL,'11876',NULL,NULL,'2021-12-14 03:08:49','insert'),(2696,'','','',NULL,'59716',NULL,NULL,'2021-12-14 03:08:49','insert'),(2697,'','','',NULL,'98736',NULL,NULL,'2021-12-14 03:08:49','insert'),(2698,'','','',NULL,'66624',NULL,NULL,'2021-12-14 03:08:49','insert'),(2699,'','','',NULL,'18408',NULL,NULL,'2021-12-14 03:08:49','insert'),(2700,'','','',NULL,'46443',NULL,NULL,'2021-12-14 03:08:49','insert'),(2701,'','','',NULL,'59028',NULL,NULL,'2021-12-14 03:08:49','insert'),(2702,'','','',NULL,'91869',NULL,NULL,'2021-12-14 03:08:49','insert'),(2703,'','','',NULL,'47547',NULL,NULL,'2021-12-14 03:08:49','insert'),(2704,'','','',NULL,'63533',NULL,NULL,'2021-12-14 03:08:49','insert'),(2705,'','','',NULL,'42062',NULL,NULL,'2021-12-14 03:08:49','insert'),(2706,'','','',NULL,'48733',NULL,NULL,'2021-12-14 03:08:49','insert'),(2707,'','','',NULL,'96635',NULL,NULL,'2021-12-14 03:08:49','insert'),(2708,'','','',NULL,'76631',NULL,NULL,'2021-12-14 03:08:49','insert'),(2709,'','','',NULL,'28434',NULL,NULL,'2021-12-14 03:08:49','insert'),(2710,'','','',NULL,'33689',NULL,NULL,'2021-12-14 03:08:49','insert'),(2711,'','','',NULL,'51571',NULL,NULL,'2021-12-14 03:08:49','insert'),(2712,'','','',NULL,'18903',NULL,NULL,'2021-12-14 03:08:49','insert'),(2713,'','','',NULL,'67893',NULL,NULL,'2021-12-14 03:08:49','insert'),(2714,'','','',NULL,'44223',NULL,NULL,'2021-12-14 03:08:49','insert'),(2715,'','','',NULL,'75092',NULL,NULL,'2021-12-14 03:08:49','insert'),(2716,'','','',NULL,'92388',NULL,NULL,'2021-12-14 03:08:49','insert'),(2717,'','','',NULL,'74408',NULL,NULL,'2021-12-14 03:08:49','insert'),(2718,'','','',NULL,NULL,NULL,NULL,'2021-12-14 03:08:50','delete'),(2719,'','','','Fabriksgatan 2',NULL,NULL,NULL,'2021-12-14 03:08:50','delete'),(2720,'','','','Ringstigen 28',NULL,NULL,NULL,'2021-12-14 03:08:50','delete'),(2721,'','','','Trädgårdsgränd 26',NULL,NULL,NULL,'2021-12-14 03:08:50','delete'),(2722,'','','','Kyrkstigen 81',NULL,NULL,NULL,'2021-12-14 03:08:50','delete'),(2723,'','','','Björkvägen 8',NULL,NULL,NULL,'2021-12-14 03:08:50','delete'),(2724,'','','','Ringtorget 94',NULL,NULL,NULL,'2021-12-14 03:08:50','delete'),(2725,'','','','Skogsvägen 76',NULL,NULL,NULL,'2021-12-14 03:08:50','delete'),(2726,'','','','Parkgatan 35',NULL,NULL,NULL,'2021-12-14 03:08:50','delete'),(2727,'','','','Ängsgatan 619',NULL,NULL,NULL,'2021-12-14 03:08:50','delete'),(2728,'','','','Storgatan 25',NULL,NULL,NULL,'2021-12-14 03:08:50','delete'),(2729,'','','','Kvarntorget 379',NULL,NULL,NULL,'2021-12-14 03:08:50','delete'),(2730,'','','','Villastigen 469',NULL,NULL,NULL,'2021-12-14 03:08:50','delete'),(2731,'','','','Storvägen 3',NULL,NULL,NULL,'2021-12-14 03:08:50','delete'),(2732,'','','','Grantorget 204',NULL,NULL,NULL,'2021-12-14 03:08:50','delete'),(2733,'','','','Trädgårdsvägen 489',NULL,NULL,NULL,'2021-12-14 03:08:50','delete'),(2734,'','','','Industrivägen 865',NULL,NULL,NULL,'2021-12-14 03:08:50','delete'),(2735,'','','','Åkerstigen 7',NULL,NULL,NULL,'2021-12-14 03:08:50','delete'),(2736,'','','','Ängsvägen 0',NULL,NULL,NULL,'2021-12-14 03:08:50','delete'),(2737,'','','','Stationstorget 364',NULL,NULL,NULL,'2021-12-14 03:08:50','delete'),(2738,'','','','Järnvägsvägen 1',NULL,NULL,NULL,'2021-12-14 03:08:50','delete'),(2739,'','','','Storvägen 53',NULL,NULL,NULL,'2021-12-14 03:08:50','delete'),(2740,'','','','Stationsvägen 9',NULL,NULL,NULL,'2021-12-14 03:08:50','delete'),(2741,'','','','Åkerstigen 69',NULL,NULL,NULL,'2021-12-14 03:08:50','delete'),(2742,'','','','Strandgatan 113',NULL,NULL,NULL,'2021-12-14 03:08:50','delete'),(2743,'','','','Järnvägsgatan 205',NULL,NULL,NULL,'2021-12-14 03:08:50','delete'),(2744,'','','','Stationstorget 876',NULL,NULL,NULL,'2021-12-14 03:08:50','delete'),(2745,'','','','Kyrkotorget 5',NULL,NULL,NULL,'2021-12-14 03:08:50','delete'),(2746,'','','','Villatorget 75',NULL,NULL,NULL,'2021-12-14 03:08:50','delete'),(2747,'','','','Bäckgatan 9',NULL,NULL,NULL,'2021-12-14 03:08:50','delete'),(2748,'','','','Granvägen 7',NULL,NULL,NULL,'2021-12-14 03:08:50','delete'),(2749,'','','','Industrigränd 87',NULL,NULL,NULL,'2021-12-14 03:08:50','delete'),(2750,'','','','Ringgränd 2',NULL,NULL,NULL,'2021-12-14 03:08:50','delete'),(2751,'','','','Skogsvägen 9',NULL,NULL,NULL,'2021-12-14 03:08:50','delete'),(2752,'','','','Björkvägen 5',NULL,NULL,NULL,'2021-12-14 03:08:50','delete'),(2753,'','','','Backstigen 1',NULL,NULL,NULL,'2021-12-14 03:08:50','delete'),(2754,'','','','Industrigatan 10',NULL,NULL,NULL,'2021-12-14 03:08:50','delete'),(2755,'','','','Nyvägen 401',NULL,NULL,NULL,'2021-12-14 03:08:50','delete'),(2756,'','','','Stationsgatan 5',NULL,NULL,NULL,'2021-12-14 03:08:50','delete'),(2757,'','','','Strandgränd 97',NULL,NULL,NULL,'2021-12-14 03:08:50','delete'),(2758,'','','','Stationsvägen 71',NULL,NULL,NULL,'2021-12-14 03:08:50','delete'),(2759,'','','','Björkgränd 78',NULL,NULL,NULL,'2021-12-14 03:08:50','delete'),(2760,'','','','Ängsvägen 44',NULL,NULL,NULL,'2021-12-14 03:08:50','delete'),(2761,'','','','Stortorget 5',NULL,NULL,NULL,'2021-12-14 03:08:50','delete'),(2762,'','','','Villagatan 6',NULL,NULL,NULL,'2021-12-14 03:08:50','delete'),(2763,'','','','Ekgatan 80',NULL,NULL,NULL,'2021-12-14 03:08:50','delete'),(2764,'','','','Nygatan 72',NULL,NULL,NULL,'2021-12-14 03:08:50','delete'),(2765,'','','','Nyvägen 616',NULL,NULL,NULL,'2021-12-14 03:08:50','delete'),(2766,'','','','Grangatan 11',NULL,NULL,NULL,'2021-12-14 03:08:50','delete'),(2767,'','','','Kyrkvägen 696',NULL,NULL,NULL,'2021-12-14 03:08:50','delete'),(2768,'','','','Genvägen 4',NULL,NULL,NULL,'2021-12-14 03:08:50','delete'),(2769,'','','',NULL,NULL,NULL,NULL,'2021-12-14 03:08:56','insert'),(2770,'','','',NULL,'98132',NULL,NULL,'2021-12-14 03:08:56','insert'),(2771,'','','',NULL,'74644',NULL,NULL,'2021-12-14 03:08:56','insert'),(2772,'','','',NULL,'59776',NULL,NULL,'2021-12-14 03:08:56','insert'),(2773,'','','',NULL,NULL,NULL,NULL,'2021-12-14 03:08:56','delete'),(2774,'','','','Ringgatan 2',NULL,NULL,NULL,'2021-12-14 03:08:56','delete'),(2775,'','','','Stationsgatan 660',NULL,NULL,NULL,'2021-12-14 03:08:56','delete'),(2776,'','','','Backgatan 55',NULL,NULL,NULL,'2021-12-14 03:08:56','delete'),(2777,'','','',NULL,NULL,NULL,NULL,'2021-12-14 03:08:56','insert'),(2778,'','','',NULL,'90459',NULL,NULL,'2021-12-14 03:08:56','insert'),(2779,'','','',NULL,'82103',NULL,NULL,'2021-12-14 03:08:56','insert'),(2780,'','','',NULL,'64633',NULL,NULL,'2021-12-14 03:08:56','insert'),(2781,'','','',NULL,NULL,NULL,NULL,'2021-12-14 03:08:56','delete'),(2782,'','','','Granvägen 93',NULL,NULL,NULL,'2021-12-14 03:08:56','delete'),(2783,'','','','Idrottsvägen 6',NULL,NULL,NULL,'2021-12-14 03:08:56','delete'),(2784,'','','','Skolvägen 673',NULL,NULL,NULL,'2021-12-14 03:08:56','delete'),(2785,'','','',NULL,NULL,NULL,NULL,'2021-12-14 03:08:56','insert'),(2786,'','','',NULL,'35786',NULL,NULL,'2021-12-14 03:08:56','insert'),(2787,'','','',NULL,'52915',NULL,NULL,'2021-12-14 03:08:56','insert'),(2788,'','','',NULL,'48939',NULL,NULL,'2021-12-14 03:08:56','insert'),(2789,'','','',NULL,NULL,NULL,NULL,'2021-12-14 03:08:56','delete'),(2790,'','','','Stationsgränd 1',NULL,NULL,NULL,'2021-12-14 03:08:56','delete'),(2791,'','','','Villagatan 7',NULL,NULL,NULL,'2021-12-14 03:08:56','delete'),(2792,'','','','Genstigen 22',NULL,NULL,NULL,'2021-12-14 03:08:56','delete'),(2793,'','','',NULL,NULL,NULL,NULL,'2021-12-14 03:08:56','insert'),(2794,'','','',NULL,'52958',NULL,NULL,'2021-12-14 03:08:56','insert'),(2795,'','','',NULL,NULL,NULL,NULL,'2021-12-14 03:08:56','delete'),(2796,'','','','Ringgatan 952',NULL,NULL,NULL,'2021-12-14 03:08:56','delete'),(2797,'','','',NULL,NULL,NULL,NULL,'2021-12-14 03:08:56','insert'),(2798,'','','',NULL,'34138',NULL,NULL,'2021-12-14 03:08:56','insert'),(2799,'','','',NULL,NULL,NULL,NULL,'2021-12-14 03:08:56','delete'),(2800,'','','','Järnvägsstigen 261',NULL,NULL,NULL,'2021-12-14 03:08:56','delete'),(2801,'','','',NULL,NULL,NULL,NULL,'2021-12-14 03:08:56','insert'),(2802,'','','',NULL,'28768',NULL,NULL,'2021-12-14 03:08:56','insert'),(2803,'','','',NULL,NULL,NULL,NULL,'2021-12-14 03:08:56','delete'),(2804,'','','','Järnvägsvägen 6',NULL,NULL,NULL,'2021-12-14 03:08:56','delete'),(2805,'','','',NULL,'83225',NULL,NULL,'2021-12-14 03:08:56','insert'),(2806,'','','','Ekvägen 752',NULL,NULL,NULL,'2021-12-14 03:08:56','delete'),(2807,'','','',NULL,'72578',NULL,NULL,'2021-12-14 03:09:38','insert'),(2808,'','','','Kvarnvägen 3',NULL,NULL,NULL,'2021-12-14 03:09:38','delete'),(2809,'','','',NULL,'91997',NULL,NULL,'2021-12-14 03:09:38','insert'),(2810,'','','','Ringvägen 77',NULL,NULL,NULL,'2021-12-14 03:09:38','delete'),(2811,'','','',NULL,'20957',NULL,NULL,'2021-12-14 03:09:38','insert'),(2812,'','','','Strandgatan 73',NULL,NULL,NULL,'2021-12-14 03:09:38','delete'),(2813,'','','',NULL,'81524',NULL,NULL,'2021-12-14 03:09:38','insert'),(2814,'','','','Parktorget 7',NULL,NULL,NULL,'2021-12-14 03:09:38','delete'),(2815,'','','',NULL,'123 45',NULL,NULL,'2021-12-14 06:09:12','insert'),(2816,'','','','Granberggatan 24',NULL,NULL,NULL,'2021-12-14 08:20:16','delete'),(2817,'','','',NULL,'24201',NULL,NULL,'2021-12-14 08:20:16','insert'),(2833,'','','','Villagränd 75',NULL,NULL,NULL,'2021-12-14 08:36:58','delete'),(2834,'','','',NULL,NULL,NULL,NULL,'2021-12-14 08:37:02','insert'),(2835,'','','',NULL,'41065',NULL,NULL,'2021-12-14 08:37:02','insert'),(2836,'','','',NULL,'88974',NULL,NULL,'2021-12-14 08:37:02','insert'),(2837,'','','',NULL,'79632',NULL,NULL,'2021-12-14 08:37:02','insert'),(2838,'','','',NULL,NULL,NULL,NULL,'2021-12-14 08:37:02','delete'),(2839,'','','','Skolstigen 63',NULL,NULL,NULL,'2021-12-14 08:37:02','delete'),(2840,'','','','Skogsstigen 32',NULL,NULL,NULL,'2021-12-14 08:37:02','delete'),(2841,'','','','Industrigatan 7',NULL,NULL,NULL,'2021-12-14 08:37:02','delete'),(2842,'','','',NULL,NULL,NULL,NULL,'2021-12-14 08:37:02','insert'),(2843,'','','',NULL,'99218',NULL,NULL,'2021-12-14 08:37:02','insert'),(2844,'','','',NULL,'97775',NULL,NULL,'2021-12-14 08:37:02','insert'),(2845,'','','',NULL,'39065',NULL,NULL,'2021-12-14 08:37:02','insert'),(2846,'','','',NULL,NULL,NULL,NULL,'2021-12-14 08:37:02','delete'),(2847,'','','','Bäckgränd 721',NULL,NULL,NULL,'2021-12-14 08:37:02','delete'),(2848,'','','','Aspgränd 233',NULL,NULL,NULL,'2021-12-14 08:37:02','delete'),(2849,'','','','Aspgränd 34',NULL,NULL,NULL,'2021-12-14 08:37:02','delete'),(2850,'','','',NULL,NULL,NULL,NULL,'2021-12-14 08:37:02','insert'),(2851,'','','',NULL,'72537',NULL,NULL,'2021-12-14 08:37:02','insert'),(2852,'','','',NULL,'68174',NULL,NULL,'2021-12-14 08:37:02','insert'),(2853,'','','',NULL,'96254',NULL,NULL,'2021-12-14 08:37:02','insert'),(2854,'','','',NULL,NULL,NULL,NULL,'2021-12-14 08:37:02','delete'),(2855,'','','','Bäcktorget 67',NULL,NULL,NULL,'2021-12-14 08:37:02','delete'),(2856,'','','','Genvägen 91',NULL,NULL,NULL,'2021-12-14 08:37:02','delete'),(2857,'','','','Skoltorget 82',NULL,NULL,NULL,'2021-12-14 08:37:02','delete'),(2858,'','','',NULL,NULL,NULL,NULL,'2021-12-14 08:37:02','insert'),(2859,'','','',NULL,'90173',NULL,NULL,'2021-12-14 08:37:02','insert'),(2860,'','','',NULL,NULL,NULL,NULL,'2021-12-14 08:37:02','delete'),(2861,'','','','Bäckvägen 8',NULL,NULL,NULL,'2021-12-14 08:37:02','delete'),(2862,'','','',NULL,NULL,NULL,NULL,'2021-12-14 08:37:02','insert'),(2863,'','','',NULL,'49542',NULL,NULL,'2021-12-14 08:37:02','insert'),(2864,'','','',NULL,NULL,NULL,NULL,'2021-12-14 08:37:02','delete'),(2865,'','','','Strandgränd 51',NULL,NULL,NULL,'2021-12-14 08:37:02','delete'),(2866,'','','',NULL,NULL,NULL,NULL,'2021-12-14 08:37:02','insert'),(2867,'','','',NULL,'24171',NULL,NULL,'2021-12-14 08:37:02','insert'),(2868,'','','',NULL,NULL,NULL,NULL,'2021-12-14 08:37:02','delete'),(2869,'','','','Kvarnvägen 6',NULL,NULL,NULL,'2021-12-14 08:37:02','delete'),(2870,'','','',NULL,'63283',NULL,NULL,'2021-12-14 08:37:02','insert'),(2871,'','','','Bäckvägen 8',NULL,NULL,NULL,'2021-12-14 08:37:02','delete'),(2872,'','','',NULL,NULL,NULL,NULL,'2021-12-14 08:38:43','insert'),(2873,'','','',NULL,'60273',NULL,NULL,'2021-12-14 08:38:43','insert'),(2874,'','','',NULL,'28066',NULL,NULL,'2021-12-14 08:38:43','insert'),(2875,'','','',NULL,'10535',NULL,NULL,'2021-12-14 08:38:43','insert'),(2876,'','','',NULL,NULL,NULL,NULL,'2021-12-14 08:38:43','delete'),(2877,'','','','Kyrkgatan 69',NULL,NULL,NULL,'2021-12-14 08:38:43','delete'),(2878,'','','','Gengatan 36',NULL,NULL,NULL,'2021-12-14 08:38:43','delete'),(2879,'','','','Åkervägen 6',NULL,NULL,NULL,'2021-12-14 08:38:43','delete'),(2880,'','','',NULL,NULL,NULL,NULL,'2021-12-14 08:38:43','insert'),(2881,'','','',NULL,'83719',NULL,NULL,'2021-12-14 08:38:43','insert'),(2882,'','','',NULL,'89807',NULL,NULL,'2021-12-14 08:38:43','insert'),(2883,'','','',NULL,'28667',NULL,NULL,'2021-12-14 08:38:43','insert'),(2884,'','','',NULL,NULL,NULL,NULL,'2021-12-14 08:38:43','delete'),(2885,'','','','Skolgatan 53',NULL,NULL,NULL,'2021-12-14 08:38:43','delete'),(2886,'','','','Kyrkostigen 8',NULL,NULL,NULL,'2021-12-14 08:38:43','delete'),(2887,'','','','Parkstigen 554',NULL,NULL,NULL,'2021-12-14 08:38:43','delete'),(2888,'','','',NULL,NULL,NULL,NULL,'2021-12-14 08:38:43','insert'),(2889,'','','',NULL,'17639',NULL,NULL,'2021-12-14 08:38:43','insert'),(2890,'','','',NULL,'95202',NULL,NULL,'2021-12-14 08:38:43','insert'),(2891,'','','',NULL,'62036',NULL,NULL,'2021-12-14 08:38:43','insert'),(2892,'','','',NULL,NULL,NULL,NULL,'2021-12-14 08:38:43','delete'),(2893,'','','','Ängstorget 2',NULL,NULL,NULL,'2021-12-14 08:38:43','delete'),(2894,'','','','Ekvägen 51',NULL,NULL,NULL,'2021-12-14 08:38:43','delete'),(2895,'','','','Industrigränd 65',NULL,NULL,NULL,'2021-12-14 08:38:43','delete'),(2896,'','','',NULL,NULL,NULL,NULL,'2021-12-14 08:38:44','insert'),(2897,'','','',NULL,'28692',NULL,NULL,'2021-12-14 08:38:44','insert'),(2898,'','','',NULL,NULL,NULL,NULL,'2021-12-14 08:38:44','delete'),(2899,'','','','Kyrkostigen 440',NULL,NULL,NULL,'2021-12-14 08:38:44','delete'),(2900,'','','',NULL,NULL,NULL,NULL,'2021-12-14 08:38:44','insert'),(2901,'','','',NULL,'44800',NULL,NULL,'2021-12-14 08:38:44','insert'),(2902,'','','',NULL,NULL,NULL,NULL,'2021-12-14 08:38:44','delete'),(2903,'','','','Strandgatan 93',NULL,NULL,NULL,'2021-12-14 08:38:44','delete'),(2904,'','','',NULL,NULL,NULL,NULL,'2021-12-14 08:38:44','insert'),(2905,'','','',NULL,'27127',NULL,NULL,'2021-12-14 08:38:44','insert'),(2906,'','','',NULL,NULL,NULL,NULL,'2021-12-14 08:38:44','delete'),(2907,'','','','Bäckvägen 904',NULL,NULL,NULL,'2021-12-14 08:38:44','delete'),(2908,'','','',NULL,'72665',NULL,NULL,'2021-12-14 08:38:44','insert'),(2909,'','','','Ängsvägen 0',NULL,NULL,NULL,'2021-12-14 08:38:44','delete'),(2910,'','','',NULL,'29884',NULL,NULL,'2021-12-14 08:44:13','insert'),(2911,'','','','Stationsvägen 3',NULL,NULL,NULL,'2021-12-14 08:44:13','delete'),(2912,'','','',NULL,'88507',NULL,NULL,'2021-12-14 08:44:13','insert'),(2913,'','','','Strandtorget 496',NULL,NULL,NULL,'2021-12-14 08:44:13','delete'),(2914,'','','',NULL,'53261',NULL,NULL,'2021-12-14 08:44:13','insert'),(2915,'','','','Åkergatan 3',NULL,NULL,NULL,'2021-12-14 08:44:13','delete'),(2916,'','','',NULL,'62835',NULL,NULL,'2021-12-14 08:44:13','insert'),(2917,'','','','Ringgatan 432',NULL,NULL,NULL,'2021-12-14 08:44:13','delete'),(2918,'','','',NULL,'123 45',NULL,NULL,'2021-12-14 09:41:06','insert'),(2919,'','','',NULL,'',NULL,NULL,'2021-12-14 09:42:37','insert'),(2920,'','','',NULL,'',NULL,NULL,'2021-12-14 09:42:38','insert'),(2921,'','','',NULL,'',NULL,NULL,'2021-12-14 10:21:20','insert'),(2922,'','','',NULL,'',NULL,NULL,'2021-12-14 10:21:36','insert'),(2923,'','','',NULL,'',NULL,NULL,'2021-12-14 10:22:07','insert'),(2924,'','','',NULL,'',NULL,NULL,'2021-12-14 10:22:32','insert'),(2925,'','','',NULL,'',NULL,NULL,'2021-12-14 10:22:34','insert'),(2927,'','','',NULL,NULL,NULL,NULL,'2021-12-14 10:34:49','insert'),(2928,'','','',NULL,NULL,NULL,NULL,'2021-12-14 10:35:31','insert'),(2929,'','','',NULL,NULL,NULL,NULL,'2021-12-14 10:36:04','insert'),(2930,'','','',NULL,NULL,NULL,NULL,'2021-12-14 10:36:48','insert'),(2931,'','','',NULL,NULL,NULL,NULL,'2021-12-14 10:37:06','insert'),(2932,'','','','Granberggatan 24',NULL,NULL,NULL,'2021-12-14 10:40:30','delete'),(2933,'','','','',NULL,NULL,NULL,'2021-12-14 10:40:30','delete'),(2934,'','','','',NULL,NULL,NULL,'2021-12-14 10:40:30','delete'),(2935,'','','','',NULL,NULL,NULL,'2021-12-14 10:40:30','delete'),(2936,'','','','',NULL,NULL,NULL,'2021-12-14 10:40:30','delete'),(2937,'','','','',NULL,NULL,NULL,'2021-12-14 10:40:30','delete'),(2938,'','','','',NULL,NULL,NULL,'2021-12-14 10:40:30','delete'),(2939,'','','','',NULL,NULL,NULL,'2021-12-14 10:40:30','delete'),(2940,'','','',NULL,NULL,NULL,NULL,'2021-12-14 10:40:30','delete'),(2941,'','','',NULL,NULL,NULL,NULL,'2021-12-14 10:40:30','delete'),(2942,'','','',NULL,NULL,NULL,NULL,'2021-12-14 10:40:30','delete'),(2943,'','','',NULL,NULL,NULL,NULL,'2021-12-14 10:40:30','delete'),(2944,'','','',NULL,NULL,NULL,NULL,'2021-12-14 10:40:30','delete'),(2945,'','','',NULL,NULL,NULL,NULL,'2021-12-14 10:40:30','insert'),(2946,'','','',NULL,'27002',NULL,NULL,'2021-12-14 10:40:30','insert'),(2947,'','','',NULL,'92056',NULL,NULL,'2021-12-14 10:40:30','insert'),(2948,'','','',NULL,'16484',NULL,NULL,'2021-12-14 10:40:30','insert'),(2949,'','','',NULL,NULL,NULL,NULL,'2021-12-14 10:40:30','delete'),(2950,'','','','Trädgårdstorget 6',NULL,NULL,NULL,'2021-12-14 10:40:30','delete'),(2951,'','','','Skolvägen 655',NULL,NULL,NULL,'2021-12-14 10:40:30','delete'),(2952,'','','','Kyrkstigen 57',NULL,NULL,NULL,'2021-12-14 10:40:30','delete'),(2953,'','','',NULL,NULL,NULL,NULL,'2021-12-14 10:40:30','insert'),(2954,'','','',NULL,'28475',NULL,NULL,'2021-12-14 10:40:30','insert'),(2955,'','','',NULL,'28171',NULL,NULL,'2021-12-14 10:40:30','insert'),(2956,'','','',NULL,'47086',NULL,NULL,'2021-12-14 10:40:30','insert'),(2957,'','','',NULL,NULL,NULL,NULL,'2021-12-14 10:40:30','delete'),(2958,'','','','Skoltorget 2',NULL,NULL,NULL,'2021-12-14 10:40:30','delete'),(2959,'','','','Strandtorget 70',NULL,NULL,NULL,'2021-12-14 10:40:30','delete'),(2960,'','','','Järnvägsgränd 61',NULL,NULL,NULL,'2021-12-14 10:40:30','delete'),(2961,'','','',NULL,NULL,NULL,NULL,'2021-12-14 10:40:30','insert'),(2962,'','','',NULL,'48988',NULL,NULL,'2021-12-14 10:40:30','insert'),(2963,'','','',NULL,'53895',NULL,NULL,'2021-12-14 10:40:30','insert'),(2964,'','','',NULL,'95533',NULL,NULL,'2021-12-14 10:40:30','insert'),(2965,'','','',NULL,NULL,NULL,NULL,'2021-12-14 10:40:30','delete'),(2966,'','','','Skogstorget 603',NULL,NULL,NULL,'2021-12-14 10:40:30','delete'),(2967,'','','','Ängsgatan 758',NULL,NULL,NULL,'2021-12-14 10:40:30','delete'),(2968,'','','','Kvarnstigen 51',NULL,NULL,NULL,'2021-12-14 10:40:30','delete'),(2969,'','','',NULL,NULL,NULL,NULL,'2021-12-14 10:40:30','insert'),(2970,'','','',NULL,'42063',NULL,NULL,'2021-12-14 10:40:30','insert'),(2971,'','','',NULL,NULL,NULL,NULL,'2021-12-14 10:40:30','delete'),(2972,'','','','Stortorget 37',NULL,NULL,NULL,'2021-12-14 10:40:30','delete'),(2973,'','','',NULL,NULL,NULL,NULL,'2021-12-14 10:40:30','insert'),(2974,'','','',NULL,'61430',NULL,NULL,'2021-12-14 10:40:30','insert'),(2975,'','','',NULL,NULL,NULL,NULL,'2021-12-14 10:40:30','delete'),(2976,'','','','Industrigatan 658',NULL,NULL,NULL,'2021-12-14 10:40:30','delete'),(2977,'','','',NULL,NULL,NULL,NULL,'2021-12-14 10:40:30','insert'),(2978,'','','',NULL,'16861',NULL,NULL,'2021-12-14 10:40:30','insert'),(2979,'','','',NULL,NULL,NULL,NULL,'2021-12-14 10:40:30','delete'),(2980,'','','','Kvarngränd 9',NULL,NULL,NULL,'2021-12-14 10:40:30','delete'),(2981,'','','',NULL,'89324',NULL,NULL,'2021-12-14 10:40:30','insert'),(2982,'','','','Villastigen 0',NULL,NULL,NULL,'2021-12-14 10:40:30','delete'),(2983,'','','',NULL,NULL,NULL,NULL,'2021-12-14 10:45:35','insert'),(2984,'','','',NULL,'86947',NULL,NULL,'2021-12-14 10:45:35','insert'),(2985,'','','',NULL,'92449',NULL,NULL,'2021-12-14 10:45:35','insert'),(2986,'','','',NULL,'56697',NULL,NULL,'2021-12-14 10:45:35','insert'),(2987,'','','',NULL,NULL,NULL,NULL,'2021-12-14 10:45:35','delete'),(2988,'','','','Industrigatan 52',NULL,NULL,NULL,'2021-12-14 10:45:35','delete'),(2989,'','','','Industrigatan 818',NULL,NULL,NULL,'2021-12-14 10:45:35','delete'),(2990,'','','','Stationsvägen 6',NULL,NULL,NULL,'2021-12-14 10:45:35','delete'),(2991,'','','',NULL,NULL,NULL,NULL,'2021-12-14 10:45:35','insert'),(2992,'','','',NULL,NULL,NULL,NULL,'2021-12-14 10:45:35','delete'),(2993,'','','',NULL,NULL,NULL,NULL,'2021-12-14 10:45:35','insert'),(2994,'','','',NULL,'68492',NULL,NULL,'2021-12-14 10:45:35','insert'),(2995,'','','',NULL,'97310',NULL,NULL,'2021-12-14 10:45:35','insert'),(2996,'','','',NULL,'97687',NULL,NULL,'2021-12-14 10:45:35','insert'),(2997,'','','',NULL,NULL,NULL,NULL,'2021-12-14 10:45:35','delete'),(2998,'','','','Fabriksstigen 2',NULL,NULL,NULL,'2021-12-14 10:45:35','delete'),(2999,'','','','Villavägen 23',NULL,NULL,NULL,'2021-12-14 10:45:35','delete'),(3000,'','','','Idrottsvägen 0',NULL,NULL,NULL,'2021-12-14 10:45:35','delete'),(3001,'','','',NULL,NULL,NULL,NULL,'2021-12-14 10:45:35','insert'),(3002,'','','',NULL,'35880',NULL,NULL,'2021-12-14 10:45:35','insert'),(3003,'','','',NULL,'46425',NULL,NULL,'2021-12-14 10:45:35','insert'),(3004,'','','',NULL,'96627',NULL,NULL,'2021-12-14 10:45:35','insert'),(3005,'','','',NULL,NULL,NULL,NULL,'2021-12-14 10:45:35','delete'),(3006,'','','','Aspgränd 393',NULL,NULL,NULL,'2021-12-14 10:45:35','delete'),(3007,'','','','Kvarnvägen 835',NULL,NULL,NULL,'2021-12-14 10:45:35','delete'),(3008,'','','','Björkvägen 69',NULL,NULL,NULL,'2021-12-14 10:45:35','delete'),(3009,'','','',NULL,NULL,NULL,NULL,'2021-12-14 10:45:35','insert'),(3010,'','','',NULL,'76968',NULL,NULL,'2021-12-14 10:45:35','insert'),(3011,'','','',NULL,NULL,NULL,NULL,'2021-12-14 10:45:35','delete'),(3012,'','','','Nyvägen 49',NULL,NULL,NULL,'2021-12-14 10:45:35','delete'),(3013,'','','',NULL,NULL,NULL,NULL,'2021-12-14 10:45:35','insert'),(3014,'','','',NULL,'52648',NULL,NULL,'2021-12-14 10:45:35','insert'),(3015,'','','',NULL,NULL,NULL,NULL,'2021-12-14 10:45:35','delete'),(3016,'','','','Backgatan 336',NULL,NULL,NULL,'2021-12-14 10:45:35','delete'),(3017,'','','',NULL,NULL,NULL,NULL,'2021-12-14 10:45:35','insert'),(3018,'','','',NULL,'47102',NULL,NULL,'2021-12-14 10:45:35','insert'),(3019,'','','',NULL,NULL,NULL,NULL,'2021-12-14 10:45:35','delete'),(3020,'','','','Kyrkvägen 96',NULL,NULL,NULL,'2021-12-14 10:45:35','delete'),(3021,'','','',NULL,'64144',NULL,NULL,'2021-12-14 10:45:35','insert'),(3022,'','','','Fabriksvägen 43',NULL,NULL,NULL,'2021-12-14 10:45:35','delete'),(3023,'','','',NULL,NULL,NULL,NULL,'2021-12-14 10:45:59','insert'),(3024,'','','',NULL,'76914',NULL,NULL,'2021-12-14 10:45:59','insert'),(3025,'','','',NULL,'13278',NULL,NULL,'2021-12-14 10:45:59','insert'),(3026,'','','',NULL,'10746',NULL,NULL,'2021-12-14 10:45:59','insert'),(3027,'','','',NULL,NULL,NULL,NULL,'2021-12-14 10:45:59','delete'),(3028,'','','','Grangatan 6',NULL,NULL,NULL,'2021-12-14 10:45:59','delete'),(3029,'','','','Åkertorget 0',NULL,NULL,NULL,'2021-12-14 10:45:59','delete'),(3030,'','','','Industrigränd 1',NULL,NULL,NULL,'2021-12-14 10:45:59','delete'),(3031,'','','',NULL,NULL,NULL,NULL,'2021-12-14 10:45:59','insert'),(3032,'','','',NULL,NULL,NULL,NULL,'2021-12-14 10:45:59','delete'),(3033,'','','',NULL,NULL,NULL,NULL,'2021-12-14 10:45:59','insert'),(3034,'','','',NULL,'95274',NULL,NULL,'2021-12-14 10:45:59','insert'),(3035,'','','',NULL,'73294',NULL,NULL,'2021-12-14 10:45:59','insert'),(3036,'','','',NULL,'35171',NULL,NULL,'2021-12-14 10:45:59','insert'),(3037,'','','',NULL,NULL,NULL,NULL,'2021-12-14 10:45:59','delete'),(3038,'','','','Skoltorget 828',NULL,NULL,NULL,'2021-12-14 10:45:59','delete'),(3039,'','','','Kyrkogränd 5',NULL,NULL,NULL,'2021-12-14 10:45:59','delete'),(3040,'','','','Parkvägen 3',NULL,NULL,NULL,'2021-12-14 10:45:59','delete'),(3041,'','','',NULL,NULL,NULL,NULL,'2021-12-14 10:45:59','insert'),(3042,'','','',NULL,'24832',NULL,NULL,'2021-12-14 10:45:59','insert'),(3043,'','','',NULL,'12541',NULL,NULL,'2021-12-14 10:45:59','insert'),(3044,'','','',NULL,'56147',NULL,NULL,'2021-12-14 10:45:59','insert'),(3045,'','','',NULL,NULL,NULL,NULL,'2021-12-14 10:45:59','delete'),(3046,'','','','Furutorget 58',NULL,NULL,NULL,'2021-12-14 10:45:59','delete'),(3047,'','','','Bäckgatan 9',NULL,NULL,NULL,'2021-12-14 10:45:59','delete'),(3048,'','','','Parkgatan 9',NULL,NULL,NULL,'2021-12-14 10:45:59','delete'),(3049,'','','',NULL,NULL,NULL,NULL,'2021-12-14 10:45:59','insert'),(3050,'','','',NULL,'35712',NULL,NULL,'2021-12-14 10:45:59','insert'),(3051,'','','',NULL,NULL,NULL,NULL,'2021-12-14 10:45:59','delete'),(3052,'','','','Gengatan 866',NULL,NULL,NULL,'2021-12-14 10:45:59','delete'),(3053,'','','',NULL,NULL,NULL,NULL,'2021-12-14 10:45:59','insert'),(3054,'','','',NULL,'14661',NULL,NULL,'2021-12-14 10:45:59','insert'),(3055,'','','',NULL,NULL,NULL,NULL,'2021-12-14 10:45:59','delete'),(3056,'','','','Ringgatan 46',NULL,NULL,NULL,'2021-12-14 10:45:59','delete'),(3057,'','','',NULL,NULL,NULL,NULL,'2021-12-14 10:45:59','insert'),(3058,'','','',NULL,'14981',NULL,NULL,'2021-12-14 10:46:00','insert'),(3059,'','','',NULL,NULL,NULL,NULL,'2021-12-14 10:46:00','delete'),(3060,'','','','Parktorget 675',NULL,NULL,NULL,'2021-12-14 10:46:00','delete'),(3061,'','','',NULL,'69410',NULL,NULL,'2021-12-14 10:46:00','insert'),(3062,'','','','Parkgatan 49',NULL,NULL,NULL,'2021-12-14 10:46:00','delete'),(3063,'','','',NULL,NULL,NULL,NULL,'2021-12-14 10:46:01','insert'),(3064,'','','',NULL,'79490',NULL,NULL,'2021-12-14 10:46:01','insert'),(3065,'','','',NULL,'64656',NULL,NULL,'2021-12-14 10:46:01','insert'),(3066,'','','',NULL,'79299',NULL,NULL,'2021-12-14 10:46:01','insert'),(3067,'','','',NULL,NULL,NULL,NULL,'2021-12-14 10:46:01','delete'),(3068,'','','','Järnvägsgatan 3',NULL,NULL,NULL,'2021-12-14 10:46:01','delete'),(3069,'','','','Aspvägen 67',NULL,NULL,NULL,'2021-12-14 10:46:01','delete'),(3070,'','','','Parkvägen 1',NULL,NULL,NULL,'2021-12-14 10:46:01','delete'),(3071,'','','',NULL,NULL,NULL,NULL,'2021-12-14 10:46:01','insert'),(3072,'','','',NULL,NULL,NULL,NULL,'2021-12-14 10:46:01','delete'),(3073,'','','',NULL,NULL,NULL,NULL,'2021-12-14 10:46:01','insert'),(3074,'','','',NULL,'17373',NULL,NULL,'2021-12-14 10:46:01','insert'),(3075,'','','',NULL,'74714',NULL,NULL,'2021-12-14 10:46:01','insert'),(3076,'','','',NULL,'10112',NULL,NULL,'2021-12-14 10:46:01','insert'),(3077,'','','',NULL,NULL,NULL,NULL,'2021-12-14 10:46:01','delete'),(3078,'','','','Skogsgatan 9',NULL,NULL,NULL,'2021-12-14 10:46:01','delete'),(3079,'','','','Aspgatan 50',NULL,NULL,NULL,'2021-12-14 10:46:01','delete'),(3080,'','','','Åkervägen 9',NULL,NULL,NULL,'2021-12-14 10:46:01','delete'),(3081,'','','',NULL,NULL,NULL,NULL,'2021-12-14 10:46:01','insert'),(3082,'','','',NULL,'81724',NULL,NULL,'2021-12-14 10:46:01','insert'),(3083,'','','',NULL,'42354',NULL,NULL,'2021-12-14 10:46:01','insert'),(3084,'','','',NULL,'38720',NULL,NULL,'2021-12-14 10:46:01','insert'),(3085,'','','',NULL,NULL,NULL,NULL,'2021-12-14 10:46:01','delete'),(3086,'','','','Ekgatan 881',NULL,NULL,NULL,'2021-12-14 10:46:01','delete'),(3087,'','','','Granvägen 1',NULL,NULL,NULL,'2021-12-14 10:46:01','delete'),(3088,'','','','Trädgårdsgatan 363',NULL,NULL,NULL,'2021-12-14 10:46:01','delete'),(3089,'','','',NULL,NULL,NULL,NULL,'2021-12-14 10:46:01','insert'),(3090,'','','',NULL,'50442',NULL,NULL,'2021-12-14 10:46:01','insert'),(3091,'','','',NULL,NULL,NULL,NULL,'2021-12-14 10:46:01','delete'),(3092,'','','','Ringtorget 285',NULL,NULL,NULL,'2021-12-14 10:46:01','delete'),(3093,'','','',NULL,NULL,NULL,NULL,'2021-12-14 10:46:01','insert'),(3094,'','','',NULL,'63220',NULL,NULL,'2021-12-14 10:46:01','insert'),(3095,'','','',NULL,NULL,NULL,NULL,'2021-12-14 10:46:01','delete'),(3096,'','','','Strandstigen 926',NULL,NULL,NULL,'2021-12-14 10:46:01','delete'),(3097,'','','',NULL,NULL,NULL,NULL,'2021-12-14 10:46:01','insert'),(3098,'','','',NULL,'67843',NULL,NULL,'2021-12-14 10:46:01','insert'),(3099,'','','',NULL,NULL,NULL,NULL,'2021-12-14 10:46:01','delete'),(3100,'','','','Kyrkogatan 4',NULL,NULL,NULL,'2021-12-14 10:46:01','delete'),(3101,'','','',NULL,'58250',NULL,NULL,'2021-12-14 10:46:01','insert'),(3102,'','','','Storvägen 493',NULL,NULL,NULL,'2021-12-14 10:46:01','delete'),(3103,'','','',NULL,NULL,NULL,NULL,'2021-12-15 00:54:30','insert'),(3104,'','','',NULL,'86085',NULL,NULL,'2021-12-15 00:54:30','insert'),(3105,'','','',NULL,'93265',NULL,NULL,'2021-12-15 00:54:30','insert'),(3106,'','','',NULL,'76878',NULL,NULL,'2021-12-15 00:54:30','insert'),(3107,'','','',NULL,NULL,NULL,NULL,'2021-12-15 00:54:30','delete'),(3108,'','','','Industrivägen 2',NULL,NULL,NULL,'2021-12-15 00:54:30','delete'),(3109,'','','','Genstigen 5',NULL,NULL,NULL,'2021-12-15 00:54:30','delete'),(3110,'','','','Idrottstorget 42',NULL,NULL,NULL,'2021-12-15 00:54:30','delete'),(3111,'','','',NULL,NULL,NULL,NULL,'2021-12-15 00:54:30','insert'),(3112,'','','',NULL,NULL,NULL,NULL,'2021-12-15 00:54:30','delete'),(3113,'','','',NULL,NULL,NULL,NULL,'2021-12-15 00:54:30','insert'),(3114,'','','',NULL,'28249',NULL,NULL,'2021-12-15 00:54:30','insert'),(3115,'','','',NULL,'43896',NULL,NULL,'2021-12-15 00:54:30','insert'),(3116,'','','',NULL,'38677',NULL,NULL,'2021-12-15 00:54:30','insert'),(3117,'','','',NULL,NULL,NULL,NULL,'2021-12-15 00:54:30','delete'),(3118,'','','','Nytorget 137',NULL,NULL,NULL,'2021-12-15 00:54:30','delete'),(3119,'','','','Strandtorget 3',NULL,NULL,NULL,'2021-12-15 00:54:30','delete'),(3120,'','','','Skogsvägen 890',NULL,NULL,NULL,'2021-12-15 00:54:30','delete'),(3121,'','','',NULL,NULL,NULL,NULL,'2021-12-15 00:54:31','insert'),(3122,'','','',NULL,'52485',NULL,NULL,'2021-12-15 00:54:31','insert'),(3123,'','','',NULL,'11293',NULL,NULL,'2021-12-15 00:54:31','insert'),(3124,'','','',NULL,'91506',NULL,NULL,'2021-12-15 00:54:31','insert'),(3125,'','','',NULL,NULL,NULL,NULL,'2021-12-15 00:54:31','delete'),(3126,'','','','Backgatan 486',NULL,NULL,NULL,'2021-12-15 00:54:31','delete'),(3127,'','','','Skogsgatan 5',NULL,NULL,NULL,'2021-12-15 00:54:31','delete'),(3128,'','','','Kyrkotorget 4',NULL,NULL,NULL,'2021-12-15 00:54:31','delete'),(3129,'','','',NULL,NULL,NULL,NULL,'2021-12-15 00:54:31','insert'),(3130,'','','',NULL,'56452',NULL,NULL,'2021-12-15 00:54:31','insert'),(3131,'','','',NULL,NULL,NULL,NULL,'2021-12-15 00:54:31','delete'),(3132,'','','','Parkgatan 95',NULL,NULL,NULL,'2021-12-15 00:54:31','delete'),(3133,'','','',NULL,NULL,NULL,NULL,'2021-12-15 00:54:31','insert'),(3134,'','','',NULL,'10021',NULL,NULL,'2021-12-15 00:54:31','insert'),(3135,'','','',NULL,NULL,NULL,NULL,'2021-12-15 00:54:31','delete'),(3136,'','','','Kyrkogatan 79',NULL,NULL,NULL,'2021-12-15 00:54:31','delete'),(3137,'','','',NULL,NULL,NULL,NULL,'2021-12-15 00:54:31','insert'),(3138,'','','',NULL,'16260',NULL,NULL,'2021-12-15 00:54:31','insert'),(3139,'','','',NULL,NULL,NULL,NULL,'2021-12-15 00:54:31','delete'),(3140,'','','','Åkergatan 1',NULL,NULL,NULL,'2021-12-15 00:54:31','delete'),(3141,'','','',NULL,'72067',NULL,NULL,'2021-12-15 00:54:31','insert'),(3142,'','','','Gentorget 264',NULL,NULL,NULL,'2021-12-15 00:54:31','delete'),(3143,'','','',NULL,'62926',NULL,NULL,'2021-12-15 00:55:39','insert'),(3144,'','','','Gengatan 543',NULL,NULL,NULL,'2021-12-15 00:55:39','delete'),(3145,'','','',NULL,'78734',NULL,NULL,'2021-12-15 00:55:39','insert'),(3146,'','','','Fabriksvägen 65','78734',NULL,NULL,'2021-12-15 00:55:39','update'),(3147,'','','','Fabriksvägen 65',NULL,NULL,NULL,'2021-12-15 00:55:39','delete'),(3148,'','','',NULL,NULL,NULL,NULL,'2021-12-15 00:55:39','insert'),(3149,'','','',NULL,'81252',NULL,NULL,'2021-12-15 00:55:39','insert'),(3150,'','','',NULL,'47884',NULL,NULL,'2021-12-15 00:55:39','insert'),(3151,'','','',NULL,'50288',NULL,NULL,'2021-12-15 00:55:39','insert'),(3152,'','','',NULL,'15567',NULL,NULL,'2021-12-15 00:55:39','insert'),(3153,'','','',NULL,'11625',NULL,NULL,'2021-12-15 00:55:39','insert'),(3154,'','','',NULL,'96425',NULL,NULL,'2021-12-15 00:55:39','insert'),(3155,'','','',NULL,'31189',NULL,NULL,'2021-12-15 00:55:39','insert'),(3156,'','','',NULL,'67527',NULL,NULL,'2021-12-15 00:55:39','insert'),(3157,'','','',NULL,'34356',NULL,NULL,'2021-12-15 00:55:39','insert'),(3158,'','','',NULL,'16898',NULL,NULL,'2021-12-15 00:55:39','insert'),(3159,'','','',NULL,'51719',NULL,NULL,'2021-12-15 00:55:39','insert'),(3160,'','','',NULL,'88390',NULL,NULL,'2021-12-15 00:55:39','insert'),(3161,'','','',NULL,'85607',NULL,NULL,'2021-12-15 00:55:39','insert'),(3162,'','','',NULL,'21836',NULL,NULL,'2021-12-15 00:55:39','insert'),(3163,'','','',NULL,'14645',NULL,NULL,'2021-12-15 00:55:39','insert'),(3164,'','','',NULL,'63067',NULL,NULL,'2021-12-15 00:55:39','insert'),(3165,'','','',NULL,'44453',NULL,NULL,'2021-12-15 00:55:39','insert'),(3166,'','','',NULL,'61603',NULL,NULL,'2021-12-15 00:55:39','insert'),(3167,'','','',NULL,'99558',NULL,NULL,'2021-12-15 00:55:39','insert'),(3168,'','','',NULL,'94841',NULL,NULL,'2021-12-15 00:55:40','insert'),(3169,'','','',NULL,'19687',NULL,NULL,'2021-12-15 00:55:40','insert'),(3170,'','','',NULL,'70806',NULL,NULL,'2021-12-15 00:55:40','insert'),(3171,'','','',NULL,'74594',NULL,NULL,'2021-12-15 00:55:40','insert'),(3172,'','','',NULL,'25875',NULL,NULL,'2021-12-15 00:55:40','insert'),(3173,'','','',NULL,'77801',NULL,NULL,'2021-12-15 00:55:40','insert'),(3174,'','','',NULL,'33136',NULL,NULL,'2021-12-15 00:55:40','insert'),(3175,'','','',NULL,'70865',NULL,NULL,'2021-12-15 00:55:40','insert'),(3176,'','','',NULL,'21845',NULL,NULL,'2021-12-15 00:55:40','insert'),(3177,'','','',NULL,'76009',NULL,NULL,'2021-12-15 00:55:40','insert'),(3178,'','','',NULL,'18189',NULL,NULL,'2021-12-15 00:55:40','insert'),(3179,'','','',NULL,'61692',NULL,NULL,'2021-12-15 00:55:40','insert'),(3180,'','','',NULL,'25215',NULL,NULL,'2021-12-15 00:55:40','insert'),(3181,'','','',NULL,'22754',NULL,NULL,'2021-12-15 00:55:40','insert'),(3182,'','','',NULL,'65187',NULL,NULL,'2021-12-15 00:55:40','insert'),(3183,'','','',NULL,'18714',NULL,NULL,'2021-12-15 00:55:40','insert'),(3184,'','','',NULL,'86636',NULL,NULL,'2021-12-15 00:55:40','insert'),(3185,'','','',NULL,'44788',NULL,NULL,'2021-12-15 00:55:40','insert'),(3186,'','','',NULL,'58444',NULL,NULL,'2021-12-15 00:55:40','insert'),(3187,'','','',NULL,'38367',NULL,NULL,'2021-12-15 00:55:40','insert'),(3188,'','','',NULL,'94713',NULL,NULL,'2021-12-15 00:55:40','insert'),(3189,'','','',NULL,'34632',NULL,NULL,'2021-12-15 00:55:40','insert'),(3190,'','','',NULL,'67541',NULL,NULL,'2021-12-15 00:55:40','insert'),(3191,'','','',NULL,'85324',NULL,NULL,'2021-12-15 00:55:40','insert'),(3192,'','','',NULL,'91885',NULL,NULL,'2021-12-15 00:55:40','insert'),(3193,'','','',NULL,'79446',NULL,NULL,'2021-12-15 00:55:40','insert'),(3194,'','','',NULL,'90644',NULL,NULL,'2021-12-15 00:55:40','insert'),(3195,'','','',NULL,'89856',NULL,NULL,'2021-12-15 00:55:40','insert'),(3196,'','','',NULL,'41951',NULL,NULL,'2021-12-15 00:55:40','insert'),(3197,'','','',NULL,'87558',NULL,NULL,'2021-12-15 00:55:40','insert'),(3198,'','','',NULL,'42765',NULL,NULL,'2021-12-15 00:55:40','insert'),(3199,'','','',NULL,NULL,NULL,NULL,'2021-12-15 00:55:41','delete'),(3200,'','','','Aspvägen 95',NULL,NULL,NULL,'2021-12-15 00:55:41','delete'),(3201,'','','','Stationsvägen 439',NULL,NULL,NULL,'2021-12-15 00:55:41','delete'),(3202,'','','','Gengatan 83',NULL,NULL,NULL,'2021-12-15 00:55:41','delete'),(3203,'','','','Järnvägsgränd 253',NULL,NULL,NULL,'2021-12-15 00:55:41','delete'),(3204,'','','','Gengränd 963',NULL,NULL,NULL,'2021-12-15 00:55:41','delete'),(3205,'','','','Kyrkvägen 86',NULL,NULL,NULL,'2021-12-15 00:55:41','delete'),(3206,'','','','Villastigen 56',NULL,NULL,NULL,'2021-12-15 00:55:41','delete'),(3207,'','','','Skogsvägen 68',NULL,NULL,NULL,'2021-12-15 00:55:41','delete'),(3208,'','','','Skolvägen 268',NULL,NULL,NULL,'2021-12-15 00:55:41','delete'),(3209,'','','','Ekgränd 0',NULL,NULL,NULL,'2021-12-15 00:55:41','delete'),(3210,'','','','Villatorget 981',NULL,NULL,NULL,'2021-12-15 00:55:41','delete'),(3211,'','','','Industritorget 32',NULL,NULL,NULL,'2021-12-15 00:55:41','delete'),(3212,'','','','Skolgatan 74',NULL,NULL,NULL,'2021-12-15 00:55:41','delete'),(3213,'','','','Skolstigen 25',NULL,NULL,NULL,'2021-12-15 00:55:41','delete'),(3214,'','','','Aspgatan 2',NULL,NULL,NULL,'2021-12-15 00:55:41','delete'),(3215,'','','','Björktorget 3',NULL,NULL,NULL,'2021-12-15 00:55:41','delete'),(3216,'','','','Industrigränd 932',NULL,NULL,NULL,'2021-12-15 00:55:41','delete'),(3217,'','','','Ekgatan 43',NULL,NULL,NULL,'2021-12-15 00:55:41','delete'),(3218,'','','','Ekgatan 97',NULL,NULL,NULL,'2021-12-15 00:55:41','delete'),(3219,'','','','Järnvägsgatan 440',NULL,NULL,NULL,'2021-12-15 00:55:41','delete'),(3220,'','','','Skolgatan 6',NULL,NULL,NULL,'2021-12-15 00:55:41','delete'),(3221,'','','','Nyvägen 34',NULL,NULL,NULL,'2021-12-15 00:55:41','delete'),(3222,'','','','Skolgatan 4',NULL,NULL,NULL,'2021-12-15 00:55:41','delete'),(3223,'','','','Fabriksvägen 205',NULL,NULL,NULL,'2021-12-15 00:55:41','delete'),(3224,'','','','Ängsvägen 4',NULL,NULL,NULL,'2021-12-15 00:55:41','delete'),(3225,'','','','Kvarngatan 802',NULL,NULL,NULL,'2021-12-15 00:55:41','delete'),(3226,'','','','Granvägen 4',NULL,NULL,NULL,'2021-12-15 00:55:41','delete'),(3227,'','','','Parkstigen 1',NULL,NULL,NULL,'2021-12-15 00:55:41','delete'),(3228,'','','','Kyrkgatan 48',NULL,NULL,NULL,'2021-12-15 00:55:41','delete'),(3229,'','','','Bäckvägen 75',NULL,NULL,NULL,'2021-12-15 00:55:41','delete'),(3230,'','','','Nyvägen 121',NULL,NULL,NULL,'2021-12-15 00:55:41','delete'),(3231,'','','','Backstigen 7',NULL,NULL,NULL,'2021-12-15 00:55:41','delete'),(3232,'','','','Bäcktorget 394',NULL,NULL,NULL,'2021-12-15 00:55:41','delete'),(3233,'','','','Backstigen 885',NULL,NULL,NULL,'2021-12-15 00:55:41','delete'),(3234,'','','','Gentorget 746',NULL,NULL,NULL,'2021-12-15 00:55:41','delete'),(3235,'','','','Aspgatan 8',NULL,NULL,NULL,'2021-12-15 00:55:41','delete'),(3236,'','','','Skolgränd 898',NULL,NULL,NULL,'2021-12-15 00:55:41','delete'),(3237,'','','','Idrottstorget 839',NULL,NULL,NULL,'2021-12-15 00:55:41','delete'),(3238,'','','','Trädgårdstorget 95',NULL,NULL,NULL,'2021-12-15 00:55:41','delete'),(3239,'','','','Industristigen 124',NULL,NULL,NULL,'2021-12-15 00:55:41','delete'),(3240,'','','','Åkertorget 514',NULL,NULL,NULL,'2021-12-15 00:55:41','delete'),(3241,'','','','Kyrkgatan 37',NULL,NULL,NULL,'2021-12-15 00:55:41','delete'),(3242,'','','','Industristigen 94',NULL,NULL,NULL,'2021-12-15 00:55:41','delete'),(3243,'','','','Järnvägsvägen 37',NULL,NULL,NULL,'2021-12-15 00:55:41','delete'),(3244,'','','','Nygränd 9',NULL,NULL,NULL,'2021-12-15 00:55:41','delete'),(3245,'','','','Fabrikstorget 8',NULL,NULL,NULL,'2021-12-15 00:55:41','delete'),(3246,'','','','Industritorget 94',NULL,NULL,NULL,'2021-12-15 00:55:41','delete'),(3247,'','','','Kyrkstigen 3',NULL,NULL,NULL,'2021-12-15 00:55:41','delete'),(3248,'','','','Skogstorget 19',NULL,NULL,NULL,'2021-12-15 00:55:41','delete'),(3249,'','','','Industrigatan 329',NULL,NULL,NULL,'2021-12-15 00:55:41','delete'),(3250,'','','',NULL,NULL,NULL,NULL,'2021-12-15 00:55:42','insert'),(3251,'','','',NULL,'90754',NULL,NULL,'2021-12-15 00:55:42','insert'),(3252,'','','',NULL,'85204',NULL,NULL,'2021-12-15 00:55:42','insert'),(3253,'','','',NULL,'62362',NULL,NULL,'2021-12-15 00:55:42','insert'),(3254,'','','',NULL,'72396',NULL,NULL,'2021-12-15 00:55:42','insert'),(3255,'','','',NULL,'81766',NULL,NULL,'2021-12-15 00:55:42','insert'),(3256,'','','',NULL,'17731',NULL,NULL,'2021-12-15 00:55:42','insert'),(3257,'','','',NULL,'82692',NULL,NULL,'2021-12-15 00:55:42','insert'),(3258,'','','',NULL,'44378',NULL,NULL,'2021-12-15 00:55:42','insert'),(3259,'','','',NULL,'96616',NULL,NULL,'2021-12-15 00:55:42','insert'),(3260,'','','',NULL,'41868',NULL,NULL,'2021-12-15 00:55:42','insert'),(3261,'','','',NULL,'52482',NULL,NULL,'2021-12-15 00:55:42','insert'),(3262,'','','',NULL,'86710',NULL,NULL,'2021-12-15 00:55:42','insert'),(3263,'','','',NULL,'53697',NULL,NULL,'2021-12-15 00:55:42','insert'),(3264,'','','',NULL,'95561',NULL,NULL,'2021-12-15 00:55:42','insert'),(3265,'','','',NULL,'67245',NULL,NULL,'2021-12-15 00:55:42','insert'),(3266,'','','',NULL,'87130',NULL,NULL,'2021-12-15 00:55:42','insert'),(3267,'','','',NULL,'89407',NULL,NULL,'2021-12-15 00:55:42','insert'),(3268,'','','',NULL,'74698',NULL,NULL,'2021-12-15 00:55:42','insert'),(3269,'','','',NULL,'52045',NULL,NULL,'2021-12-15 00:55:42','insert'),(3270,'','','',NULL,'63289',NULL,NULL,'2021-12-15 00:55:42','insert'),(3271,'','','',NULL,'93181',NULL,NULL,'2021-12-15 00:55:42','insert'),(3272,'','','',NULL,'67615',NULL,NULL,'2021-12-15 00:55:42','insert'),(3273,'','','',NULL,'95060',NULL,NULL,'2021-12-15 00:55:42','insert'),(3274,'','','',NULL,'77022',NULL,NULL,'2021-12-15 00:55:42','insert'),(3275,'','','',NULL,'69274',NULL,NULL,'2021-12-15 00:55:42','insert'),(3276,'','','',NULL,'42295',NULL,NULL,'2021-12-15 00:55:42','insert'),(3277,'','','',NULL,'36674',NULL,NULL,'2021-12-15 00:55:42','insert'),(3278,'','','',NULL,'81854',NULL,NULL,'2021-12-15 00:55:42','insert'),(3279,'','','',NULL,'20678',NULL,NULL,'2021-12-15 00:55:42','insert'),(3280,'','','',NULL,'75999',NULL,NULL,'2021-12-15 00:55:42','insert'),(3281,'','','',NULL,'74939',NULL,NULL,'2021-12-15 00:55:42','insert'),(3282,'','','',NULL,'44524',NULL,NULL,'2021-12-15 00:55:42','insert'),(3283,'','','',NULL,'72439',NULL,NULL,'2021-12-15 00:55:42','insert'),(3284,'','','',NULL,'17427',NULL,NULL,'2021-12-15 00:55:42','insert'),(3285,'','','',NULL,'23357',NULL,NULL,'2021-12-15 00:55:42','insert'),(3286,'','','',NULL,'38575',NULL,NULL,'2021-12-15 00:55:42','insert'),(3287,'','','',NULL,'37386',NULL,NULL,'2021-12-15 00:55:42','insert'),(3288,'','','',NULL,'88004',NULL,NULL,'2021-12-15 00:55:42','insert'),(3289,'','','',NULL,'53391',NULL,NULL,'2021-12-15 00:55:42','insert'),(3290,'','','',NULL,'61448',NULL,NULL,'2021-12-15 00:55:42','insert'),(3291,'','','',NULL,'44401',NULL,NULL,'2021-12-15 00:55:42','insert'),(3292,'','','',NULL,'14129',NULL,NULL,'2021-12-15 00:55:42','insert'),(3293,'','','',NULL,'67263',NULL,NULL,'2021-12-15 00:55:42','insert'),(3294,'','','',NULL,'22056',NULL,NULL,'2021-12-15 00:55:42','insert'),(3295,'','','',NULL,'25449',NULL,NULL,'2021-12-15 00:55:42','insert'),(3296,'','','',NULL,'85312',NULL,NULL,'2021-12-15 00:55:42','insert'),(3297,'','','',NULL,'75315',NULL,NULL,'2021-12-15 00:55:42','insert'),(3298,'','','',NULL,'98957',NULL,NULL,'2021-12-15 00:55:42','insert'),(3299,'','','',NULL,'51310',NULL,NULL,'2021-12-15 00:55:42','insert'),(3300,'','','',NULL,'97886',NULL,NULL,'2021-12-15 00:55:42','insert'),(3301,'','','',NULL,NULL,NULL,NULL,'2021-12-15 00:55:44','delete'),(3302,'','','','Åkergatan 0',NULL,NULL,NULL,'2021-12-15 00:55:44','delete'),(3303,'','','','Kyrkogatan 992',NULL,NULL,NULL,'2021-12-15 00:55:44','delete'),(3304,'','','','Villatorget 48',NULL,NULL,NULL,'2021-12-15 00:55:44','delete'),(3305,'','','','Kyrkogatan 319',NULL,NULL,NULL,'2021-12-15 00:55:44','delete'),(3306,'','','','Ekgränd 78',NULL,NULL,NULL,'2021-12-15 00:55:44','delete'),(3307,'','','','Fabriksstigen 75',NULL,NULL,NULL,'2021-12-15 00:55:44','delete'),(3308,'','','','Kyrkgränd 84',NULL,NULL,NULL,'2021-12-15 00:55:44','delete'),(3309,'','','','Idrottsstigen 87',NULL,NULL,NULL,'2021-12-15 00:55:44','delete'),(3310,'','','','Ängsvägen 112',NULL,NULL,NULL,'2021-12-15 00:55:44','delete'),(3311,'','','','Skogsstigen 679',NULL,NULL,NULL,'2021-12-15 00:55:44','delete'),(3312,'','','','Industristigen 2',NULL,NULL,NULL,'2021-12-15 00:55:44','delete'),(3313,'','','','Trädgårdsstigen 72',NULL,NULL,NULL,'2021-12-15 00:55:44','delete'),(3314,'','','','Stationsvägen 6',NULL,NULL,NULL,'2021-12-15 00:55:44','delete'),(3315,'','','','Ekvägen 939',NULL,NULL,NULL,'2021-12-15 00:55:44','delete'),(3316,'','','','Järnvägsvägen 7',NULL,NULL,NULL,'2021-12-15 00:55:44','delete'),(3317,'','','','Parkstigen 5',NULL,NULL,NULL,'2021-12-15 00:55:44','delete'),(3318,'','','','Fabriksvägen 7',NULL,NULL,NULL,'2021-12-15 00:55:44','delete'),(3319,'','','','Nyvägen 8',NULL,NULL,NULL,'2021-12-15 00:55:44','delete'),(3320,'','','','Skogsgatan 263',NULL,NULL,NULL,'2021-12-15 00:55:44','delete'),(3321,'','','','Ekgatan 5',NULL,NULL,NULL,'2021-12-15 00:55:44','delete'),(3322,'','','','Nygatan 1',NULL,NULL,NULL,'2021-12-15 00:55:44','delete'),(3323,'','','','Björkstigen 71',NULL,NULL,NULL,'2021-12-15 00:55:44','delete'),(3324,'','','','Villavägen 41',NULL,NULL,NULL,'2021-12-15 00:55:44','delete'),(3325,'','','','Skolgatan 951',NULL,NULL,NULL,'2021-12-15 00:55:44','delete'),(3326,'','','','Storgränd 244',NULL,NULL,NULL,'2021-12-15 00:55:44','delete'),(3327,'','','','Ekgatan 78',NULL,NULL,NULL,'2021-12-15 00:55:44','delete'),(3328,'','','','Trädgårdstorget 8',NULL,NULL,NULL,'2021-12-15 00:55:44','delete'),(3329,'','','','Kyrkovägen 537',NULL,NULL,NULL,'2021-12-15 00:55:44','delete'),(3330,'','','','Trädgårdsgränd 3',NULL,NULL,NULL,'2021-12-15 00:55:44','delete'),(3331,'','','','Skolgatan 70',NULL,NULL,NULL,'2021-12-15 00:55:44','delete'),(3332,'','','','Kyrkogränd 43',NULL,NULL,NULL,'2021-12-15 00:55:44','delete'),(3333,'','','','Björkgatan 963',NULL,NULL,NULL,'2021-12-15 00:55:44','delete'),(3334,'','','','Industristigen 3',NULL,NULL,NULL,'2021-12-15 00:55:44','delete'),(3335,'','','','Villastigen 50',NULL,NULL,NULL,'2021-12-15 00:55:44','delete'),(3336,'','','','Granvägen 5',NULL,NULL,NULL,'2021-12-15 00:55:44','delete'),(3337,'','','','Ringgatan 1',NULL,NULL,NULL,'2021-12-15 00:55:44','delete'),(3338,'','','','Björkgatan 7',NULL,NULL,NULL,'2021-12-15 00:55:44','delete'),(3339,'','','','Kvarnvägen 395',NULL,NULL,NULL,'2021-12-15 00:55:44','delete'),(3340,'','','','Ringtorget 9',NULL,NULL,NULL,'2021-12-15 00:55:44','delete'),(3341,'','','','Villastigen 281',NULL,NULL,NULL,'2021-12-15 00:55:44','delete'),(3342,'','','','Skolvägen 74',NULL,NULL,NULL,'2021-12-15 00:55:44','delete'),(3343,'','','','Kyrkvägen 7',NULL,NULL,NULL,'2021-12-15 00:55:44','delete'),(3344,'','','','Ängstorget 117',NULL,NULL,NULL,'2021-12-15 00:55:44','delete'),(3345,'','','','Skolgatan 43',NULL,NULL,NULL,'2021-12-15 00:55:44','delete'),(3346,'','','','Backvägen 7',NULL,NULL,NULL,'2021-12-15 00:55:44','delete'),(3347,'','','','Trädgårdstorget 609',NULL,NULL,NULL,'2021-12-15 00:55:44','delete'),(3348,'','','','Industrigatan 7',NULL,NULL,NULL,'2021-12-15 00:55:44','delete'),(3349,'','','','Skolgatan 0',NULL,NULL,NULL,'2021-12-15 00:55:44','delete'),(3350,'','','','Kvarngatan 31',NULL,NULL,NULL,'2021-12-15 00:55:44','delete'),(3351,'','','','Skogstorget 36',NULL,NULL,NULL,'2021-12-15 00:55:44','delete'),(3352,'','','',NULL,'70741',NULL,NULL,'2021-12-15 00:55:59','insert'),(3353,'','','','Ängsgränd 20',NULL,NULL,NULL,'2021-12-15 00:55:59','delete'),(3354,'','','',NULL,'50601',NULL,NULL,'2021-12-15 00:55:59','insert'),(3355,'','','','Järnvägstorget 850',NULL,NULL,NULL,'2021-12-15 00:55:59','delete'),(3356,'','','',NULL,'83902',NULL,NULL,'2021-12-15 00:56:00','insert'),(3357,'','','','Skogsgatan 401',NULL,NULL,NULL,'2021-12-15 00:56:00','delete'),(3358,'','','',NULL,'22112',NULL,NULL,'2021-12-15 00:56:00','insert'),(3359,'','','','Industrivägen 94',NULL,NULL,NULL,'2021-12-15 00:56:00','delete'),(3360,'','','',NULL,NULL,NULL,NULL,'2021-12-15 00:56:03','insert'),(3361,'','','',NULL,'75658',NULL,NULL,'2021-12-15 00:56:03','insert'),(3362,'','','',NULL,'29407',NULL,NULL,'2021-12-15 00:56:03','insert'),(3363,'','','',NULL,'32122',NULL,NULL,'2021-12-15 00:56:03','insert'),(3364,'','','',NULL,NULL,NULL,NULL,'2021-12-15 00:56:03','delete'),(3365,'','','','Björkgatan 87',NULL,NULL,NULL,'2021-12-15 00:56:03','delete'),(3366,'','','','Villavägen 3',NULL,NULL,NULL,'2021-12-15 00:56:03','delete'),(3367,'','','','Skolgatan 555',NULL,NULL,NULL,'2021-12-15 00:56:03','delete'),(3368,'','','',NULL,NULL,NULL,NULL,'2021-12-15 00:56:03','insert'),(3369,'','','',NULL,NULL,NULL,NULL,'2021-12-15 00:56:03','delete'),(3370,'','','',NULL,NULL,NULL,NULL,'2021-12-15 00:56:03','insert'),(3371,'','','',NULL,'70529',NULL,NULL,'2021-12-15 00:56:03','insert'),(3372,'','','',NULL,'80374',NULL,NULL,'2021-12-15 00:56:03','insert'),(3373,'','','',NULL,'60172',NULL,NULL,'2021-12-15 00:56:03','insert'),(3374,'','','',NULL,NULL,NULL,NULL,'2021-12-15 00:56:03','delete'),(3375,'','','','Parkstigen 16',NULL,NULL,NULL,'2021-12-15 00:56:03','delete'),(3376,'','','','Fabriksvägen 8',NULL,NULL,NULL,'2021-12-15 00:56:03','delete'),(3377,'','','','Villatorget 42',NULL,NULL,NULL,'2021-12-15 00:56:03','delete'),(3378,'','','',NULL,NULL,NULL,NULL,'2021-12-15 00:56:03','insert'),(3379,'','','',NULL,'45199',NULL,NULL,'2021-12-15 00:56:03','insert'),(3380,'','','',NULL,'65136',NULL,NULL,'2021-12-15 00:56:03','insert'),(3381,'','','',NULL,'84045',NULL,NULL,'2021-12-15 00:56:03','insert'),(3382,'','','',NULL,NULL,NULL,NULL,'2021-12-15 00:56:03','delete'),(3383,'','','','Björkgatan 942',NULL,NULL,NULL,'2021-12-15 00:56:03','delete'),(3384,'','','','Aspstigen 113',NULL,NULL,NULL,'2021-12-15 00:56:03','delete'),(3385,'','','','Parkgränd 726',NULL,NULL,NULL,'2021-12-15 00:56:03','delete'),(3386,'','','',NULL,NULL,NULL,NULL,'2021-12-15 00:56:03','insert'),(3387,'','','',NULL,'20208',NULL,NULL,'2021-12-15 00:56:03','insert'),(3388,'','','',NULL,NULL,NULL,NULL,'2021-12-15 00:56:03','delete'),(3389,'','','','Strandvägen 699',NULL,NULL,NULL,'2021-12-15 00:56:03','delete'),(3390,'','','',NULL,NULL,NULL,NULL,'2021-12-15 00:56:03','insert'),(3391,'','','',NULL,'66977',NULL,NULL,'2021-12-15 00:56:03','insert'),(3392,'','','',NULL,NULL,NULL,NULL,'2021-12-15 00:56:03','delete'),(3393,'','','','Villavägen 16',NULL,NULL,NULL,'2021-12-15 00:56:03','delete'),(3394,'','','',NULL,NULL,NULL,NULL,'2021-12-15 00:56:03','insert'),(3395,'','','',NULL,'95787',NULL,NULL,'2021-12-15 00:56:03','insert'),(3396,'','','',NULL,NULL,NULL,NULL,'2021-12-15 00:56:03','delete'),(3397,'','','','Skolgränd 6',NULL,NULL,NULL,'2021-12-15 00:56:03','delete'),(3398,'','','',NULL,'69306',NULL,NULL,'2021-12-15 00:56:03','insert'),(3399,'','','','Stationsgränd 2',NULL,NULL,NULL,'2021-12-15 00:56:03','delete'),(3400,'','','',NULL,'66870',NULL,NULL,'2021-12-15 00:56:07','insert'),(3401,'','','','Kyrkstigen 12',NULL,NULL,NULL,'2021-12-15 00:56:07','delete'),(3402,'','','',NULL,'26136',NULL,NULL,'2021-12-15 00:56:07','insert'),(3403,'','','','Idrottsvägen 3',NULL,NULL,NULL,'2021-12-15 00:56:07','delete'),(3404,'','','',NULL,'63146',NULL,NULL,'2021-12-15 00:56:47','insert'),(3405,'','','','Trädgårdsvägen 700',NULL,NULL,NULL,'2021-12-15 00:56:48','delete'),(3406,'','','',NULL,'16972',NULL,NULL,'2021-12-15 00:56:48','insert'),(3407,'','','','Ekvägen 540',NULL,NULL,NULL,'2021-12-15 00:56:48','delete'),(3408,'','','',NULL,'99517',NULL,NULL,'2021-12-15 00:56:48','insert'),(3409,'','','','Furuvägen 37',NULL,NULL,NULL,'2021-12-15 00:56:48','delete'),(3410,'','','',NULL,'13207',NULL,NULL,'2021-12-15 00:56:48','insert'),(3411,'','','','Strandgatan 73',NULL,NULL,NULL,'2021-12-15 00:56:48','delete'),(3412,'','','',NULL,'88516',NULL,NULL,'2021-12-15 01:02:06','insert'),(3413,'','','','Kyrkogränd 2',NULL,NULL,NULL,'2021-12-15 01:02:06','delete'),(3414,'','','',NULL,'49077',NULL,NULL,'2021-12-15 01:02:06','insert'),(3415,'','','',NULL,'64166',NULL,NULL,'2021-12-15 01:02:06','insert'),(3416,'','','',NULL,'95724',NULL,NULL,'2021-12-15 01:02:06','insert'),(3417,'','','',NULL,'21855',NULL,NULL,'2021-12-15 01:02:06','insert'),(3418,'','','',NULL,'16535',NULL,NULL,'2021-12-15 01:02:06','insert'),(3419,'','','','Åkergatan 7',NULL,NULL,NULL,'2021-12-15 01:02:07','delete'),(3420,'','','','Åkervägen 98',NULL,NULL,NULL,'2021-12-15 01:02:07','delete'),(3421,'','','','Idrottsgränd 58',NULL,NULL,NULL,'2021-12-15 01:02:07','delete'),(3422,'','','','Ringvägen 99',NULL,NULL,NULL,'2021-12-15 01:02:07','delete'),(3423,'','','','Grantorget 71',NULL,NULL,NULL,'2021-12-15 01:02:07','delete'),(3424,'','','',NULL,'59919',NULL,NULL,'2021-12-15 01:02:42','insert'),(3425,'','','','Furustigen 924',NULL,NULL,NULL,'2021-12-15 01:02:43','delete'),(3426,'','','',NULL,'39707',NULL,NULL,'2021-12-15 01:02:43','insert'),(3427,'','','',NULL,'10072',NULL,NULL,'2021-12-15 01:02:43','insert'),(3428,'','','',NULL,'10854',NULL,NULL,'2021-12-15 01:02:43','insert'),(3429,'','','',NULL,'12353',NULL,NULL,'2021-12-15 01:02:43','insert'),(3430,'','','',NULL,'76242',NULL,NULL,'2021-12-15 01:02:43','insert'),(3431,'','','','Genvägen 6',NULL,NULL,NULL,'2021-12-15 01:02:43','delete'),(3432,'','','','Kyrkgränd 607',NULL,NULL,NULL,'2021-12-15 01:02:43','delete'),(3433,'','','','Skogsstigen 604',NULL,NULL,NULL,'2021-12-15 01:02:43','delete'),(3434,'','','','Ringgatan 1',NULL,NULL,NULL,'2021-12-15 01:02:43','delete'),(3435,'','','','Industrivägen 61',NULL,NULL,NULL,'2021-12-15 01:02:43','delete'),(3436,'','','',NULL,'34838',NULL,NULL,'2021-12-15 01:12:42','insert'),(3437,'','','','Fabriksstigen 9',NULL,NULL,NULL,'2021-12-15 01:12:42','delete'),(3438,'','','',NULL,'46380',NULL,NULL,'2021-12-15 01:12:42','insert'),(3439,'','','','Skogsgatan 55',NULL,NULL,NULL,'2021-12-15 01:12:42','delete'),(3440,'','','',NULL,'53260',NULL,NULL,'2021-12-15 01:12:42','insert'),(3441,'','','','Backvägen 382',NULL,NULL,NULL,'2021-12-15 01:12:42','delete'),(3442,'','','',NULL,'70240',NULL,NULL,'2021-12-15 01:12:42','insert'),(3443,'','','','Strandvägen 93',NULL,NULL,NULL,'2021-12-15 01:12:42','delete'),(3444,'','','',NULL,'68394',NULL,NULL,'2021-12-15 06:47:19','insert'),(3445,'','','','Kyrkgatan 56',NULL,NULL,NULL,'2021-12-15 06:47:19','delete'),(3446,'','','',NULL,'96020',NULL,NULL,'2021-12-15 06:47:19','insert'),(3447,'','','','Kyrkovägen 9','96020',NULL,NULL,'2021-12-15 06:47:19','update'),(3448,'','','','Kyrkovägen 9',NULL,NULL,NULL,'2021-12-15 06:47:19','delete'),(3449,'','','',NULL,NULL,NULL,NULL,'2021-12-15 06:47:19','insert'),(3450,'','','',NULL,'47329',NULL,NULL,'2021-12-15 06:47:19','insert'),(3451,'','','',NULL,'28823',NULL,NULL,'2021-12-15 06:47:19','insert'),(3452,'','','',NULL,'41934',NULL,NULL,'2021-12-15 06:47:19','insert'),(3453,'','','',NULL,'95419',NULL,NULL,'2021-12-15 06:47:19','insert'),(3454,'','','',NULL,'74537',NULL,NULL,'2021-12-15 06:47:19','insert'),(3455,'','','',NULL,'28427',NULL,NULL,'2021-12-15 06:47:19','insert'),(3456,'','','',NULL,'66977',NULL,NULL,'2021-12-15 06:47:19','insert'),(3457,'','','',NULL,'81440',NULL,NULL,'2021-12-15 06:47:19','insert'),(3458,'','','',NULL,'44156',NULL,NULL,'2021-12-15 06:47:19','insert'),(3459,'','','',NULL,'57216',NULL,NULL,'2021-12-15 06:47:19','insert'),(3460,'','','',NULL,'23879',NULL,NULL,'2021-12-15 06:47:19','insert'),(3461,'','','',NULL,'60487',NULL,NULL,'2021-12-15 06:47:19','insert'),(3462,'','','',NULL,'90415',NULL,NULL,'2021-12-15 06:47:19','insert'),(3463,'','','',NULL,'31721',NULL,NULL,'2021-12-15 06:47:19','insert'),(3464,'','','',NULL,'10487',NULL,NULL,'2021-12-15 06:47:19','insert'),(3465,'','','',NULL,'69873',NULL,NULL,'2021-12-15 06:47:19','insert'),(3466,'','','',NULL,'79202',NULL,NULL,'2021-12-15 06:47:19','insert'),(3467,'','','',NULL,'10817',NULL,NULL,'2021-12-15 06:47:19','insert'),(3468,'','','',NULL,'53600',NULL,NULL,'2021-12-15 06:47:19','insert'),(3469,'','','',NULL,'39173',NULL,NULL,'2021-12-15 06:47:19','insert'),(3470,'','','',NULL,'57665',NULL,NULL,'2021-12-15 06:47:19','insert'),(3471,'','','',NULL,'52340',NULL,NULL,'2021-12-15 06:47:19','insert'),(3472,'','','',NULL,'81877',NULL,NULL,'2021-12-15 06:47:19','insert'),(3473,'','','',NULL,'45352',NULL,NULL,'2021-12-15 06:47:20','insert'),(3474,'','','',NULL,'71626',NULL,NULL,'2021-12-15 06:47:20','insert'),(3475,'','','',NULL,'56839',NULL,NULL,'2021-12-15 06:47:20','insert'),(3476,'','','',NULL,'93089',NULL,NULL,'2021-12-15 06:47:20','insert'),(3477,'','','',NULL,'18190',NULL,NULL,'2021-12-15 06:47:20','insert'),(3478,'','','',NULL,'93741',NULL,NULL,'2021-12-15 06:47:20','insert'),(3479,'','','',NULL,'70764',NULL,NULL,'2021-12-15 06:47:20','insert'),(3480,'','','',NULL,'75257',NULL,NULL,'2021-12-15 06:47:20','insert'),(3481,'','','',NULL,'89783',NULL,NULL,'2021-12-15 06:47:20','insert'),(3482,'','','',NULL,'13373',NULL,NULL,'2021-12-15 06:47:20','insert'),(3483,'','','',NULL,'56700',NULL,NULL,'2021-12-15 06:47:20','insert'),(3484,'','','',NULL,'46694',NULL,NULL,'2021-12-15 06:47:20','insert'),(3485,'','','',NULL,'31983',NULL,NULL,'2021-12-15 06:47:20','insert'),(3486,'','','',NULL,'65124',NULL,NULL,'2021-12-15 06:47:20','insert'),(3487,'','','',NULL,'79776',NULL,NULL,'2021-12-15 06:47:20','insert'),(3488,'','','',NULL,'36835',NULL,NULL,'2021-12-15 06:47:20','insert'),(3489,'','','',NULL,'56433',NULL,NULL,'2021-12-15 06:47:20','insert'),(3490,'','','',NULL,'63823',NULL,NULL,'2021-12-15 06:47:20','insert'),(3491,'','','',NULL,'94658',NULL,NULL,'2021-12-15 06:47:20','insert'),(3492,'','','',NULL,'69379',NULL,NULL,'2021-12-15 06:47:20','insert'),(3493,'','','',NULL,'35416',NULL,NULL,'2021-12-15 06:47:20','insert'),(3494,'','','',NULL,'77930',NULL,NULL,'2021-12-15 06:47:20','insert'),(3495,'','','',NULL,'85049',NULL,NULL,'2021-12-15 06:47:20','insert'),(3496,'','','',NULL,'11824',NULL,NULL,'2021-12-15 06:47:20','insert'),(3497,'','','',NULL,'56885',NULL,NULL,'2021-12-15 06:47:20','insert'),(3498,'','','',NULL,'40396',NULL,NULL,'2021-12-15 06:47:20','insert'),(3499,'','','',NULL,'11131',NULL,NULL,'2021-12-15 06:47:20','insert'),(3500,'','','',NULL,NULL,NULL,NULL,'2021-12-15 06:47:21','delete'),(3501,'','','','Skogsstigen 23',NULL,NULL,NULL,'2021-12-15 06:47:21','delete'),(3502,'','','','Grangatan 8',NULL,NULL,NULL,'2021-12-15 06:47:21','delete'),(3503,'','','','Industrivägen 69',NULL,NULL,NULL,'2021-12-15 06:47:21','delete'),(3504,'','','','Aspgatan 196',NULL,NULL,NULL,'2021-12-15 06:47:21','delete'),(3505,'','','','Stationstorget 53',NULL,NULL,NULL,'2021-12-15 06:47:21','delete'),(3506,'','','','Ängsvägen 11',NULL,NULL,NULL,'2021-12-15 06:47:21','delete'),(3507,'','','','Kyrkgatan 5',NULL,NULL,NULL,'2021-12-15 06:47:21','delete'),(3508,'','','','Ekgatan 216',NULL,NULL,NULL,'2021-12-15 06:47:21','delete'),(3509,'','','','Storgatan 42',NULL,NULL,NULL,'2021-12-15 06:47:21','delete'),(3510,'','','','Skogsvägen 5',NULL,NULL,NULL,'2021-12-15 06:47:21','delete'),(3511,'','','','Stationsgränd 5',NULL,NULL,NULL,'2021-12-15 06:47:21','delete'),(3512,'','','','Grantorget 888',NULL,NULL,NULL,'2021-12-15 06:47:21','delete'),(3513,'','','','Nyvägen 7',NULL,NULL,NULL,'2021-12-15 06:47:21','delete'),(3514,'','','','Industritorget 597',NULL,NULL,NULL,'2021-12-15 06:47:21','delete'),(3515,'','','','Idrottsgatan 491',NULL,NULL,NULL,'2021-12-15 06:47:21','delete'),(3516,'','','','Grangatan 18',NULL,NULL,NULL,'2021-12-15 06:47:21','delete'),(3517,'','','','Skogstorget 755',NULL,NULL,NULL,'2021-12-15 06:47:21','delete'),(3518,'','','','Skogsgränd 8',NULL,NULL,NULL,'2021-12-15 06:47:21','delete'),(3519,'','','','Åkervägen 8',NULL,NULL,NULL,'2021-12-15 06:47:21','delete'),(3520,'','','','Skogsstigen 2',NULL,NULL,NULL,'2021-12-15 06:47:21','delete'),(3521,'','','','Åkergatan 7',NULL,NULL,NULL,'2021-12-15 06:47:21','delete'),(3522,'','','','Strandvägen 2',NULL,NULL,NULL,'2021-12-15 06:47:21','delete'),(3523,'','','','Villagatan 90',NULL,NULL,NULL,'2021-12-15 06:47:21','delete'),(3524,'','','','Kvarntorget 283',NULL,NULL,NULL,'2021-12-15 06:47:21','delete'),(3525,'','','','Nytorget 5',NULL,NULL,NULL,'2021-12-15 06:47:21','delete'),(3526,'','','','Gengränd 9',NULL,NULL,NULL,'2021-12-15 06:47:21','delete'),(3527,'','','','Storvägen 3',NULL,NULL,NULL,'2021-12-15 06:47:21','delete'),(3528,'','','','Nygränd 0',NULL,NULL,NULL,'2021-12-15 06:47:21','delete'),(3529,'','','','Parkgatan 5',NULL,NULL,NULL,'2021-12-15 06:47:21','delete'),(3530,'','','','Gengränd 994',NULL,NULL,NULL,'2021-12-15 06:47:21','delete'),(3531,'','','','Kvarnvägen 9',NULL,NULL,NULL,'2021-12-15 06:47:21','delete'),(3532,'','','','Kvarngränd 1',NULL,NULL,NULL,'2021-12-15 06:47:21','delete'),(3533,'','','','Åkergatan 30',NULL,NULL,NULL,'2021-12-15 06:47:21','delete'),(3534,'','','','Strandvägen 3',NULL,NULL,NULL,'2021-12-15 06:47:21','delete'),(3535,'','','','Kyrkogatan 47',NULL,NULL,NULL,'2021-12-15 06:47:21','delete'),(3536,'','','','Ringvägen 873',NULL,NULL,NULL,'2021-12-15 06:47:21','delete'),(3537,'','','','Idrottsvägen 418',NULL,NULL,NULL,'2021-12-15 06:47:21','delete'),(3538,'','','','Stationsgatan 9',NULL,NULL,NULL,'2021-12-15 06:47:21','delete'),(3539,'','','','Kvarnvägen 374',NULL,NULL,NULL,'2021-12-15 06:47:21','delete'),(3540,'','','','Backgatan 87',NULL,NULL,NULL,'2021-12-15 06:47:21','delete'),(3541,'','','','Strandgatan 51',NULL,NULL,NULL,'2021-12-15 06:47:21','delete'),(3542,'','','','Nyvägen 3',NULL,NULL,NULL,'2021-12-15 06:47:21','delete'),(3543,'','','','Storgränd 64',NULL,NULL,NULL,'2021-12-15 06:47:21','delete'),(3544,'','','','Kvarnvägen 665',NULL,NULL,NULL,'2021-12-15 06:47:21','delete'),(3545,'','','','Parkvägen 6',NULL,NULL,NULL,'2021-12-15 06:47:21','delete'),(3546,'','','','Furugränd 622',NULL,NULL,NULL,'2021-12-15 06:47:21','delete'),(3547,'','','','Idrottsstigen 5',NULL,NULL,NULL,'2021-12-15 06:47:21','delete'),(3548,'','','','Nyvägen 54',NULL,NULL,NULL,'2021-12-15 06:47:21','delete'),(3549,'','','','Kyrkovägen 9',NULL,NULL,NULL,'2021-12-15 06:47:21','delete'),(3550,'','','','Strandstigen 5',NULL,NULL,NULL,'2021-12-15 06:47:21','delete'),(3551,'','','',NULL,NULL,NULL,NULL,'2021-12-15 06:47:21','insert'),(3552,'','','',NULL,'33480',NULL,NULL,'2021-12-15 06:47:21','insert'),(3553,'','','',NULL,'15899',NULL,NULL,'2021-12-15 06:47:21','insert'),(3554,'','','',NULL,'32170',NULL,NULL,'2021-12-15 06:47:21','insert'),(3555,'','','',NULL,'17022',NULL,NULL,'2021-12-15 06:47:21','insert'),(3556,'','','',NULL,'45375',NULL,NULL,'2021-12-15 06:47:21','insert'),(3557,'','','',NULL,'40914',NULL,NULL,'2021-12-15 06:47:21','insert'),(3558,'','','',NULL,'64792',NULL,NULL,'2021-12-15 06:47:21','insert'),(3559,'','','',NULL,'25432',NULL,NULL,'2021-12-15 06:47:21','insert'),(3560,'','','',NULL,'11206',NULL,NULL,'2021-12-15 06:47:21','insert'),(3561,'','','',NULL,'55339',NULL,NULL,'2021-12-15 06:47:21','insert'),(3562,'','','',NULL,'40470',NULL,NULL,'2021-12-15 06:47:21','insert'),(3563,'','','',NULL,'66191',NULL,NULL,'2021-12-15 06:47:21','insert'),(3564,'','','',NULL,'82236',NULL,NULL,'2021-12-15 06:47:21','insert'),(3565,'','','',NULL,'41225',NULL,NULL,'2021-12-15 06:47:21','insert'),(3566,'','','',NULL,'68437',NULL,NULL,'2021-12-15 06:47:21','insert'),(3567,'','','',NULL,'85851',NULL,NULL,'2021-12-15 06:47:21','insert'),(3568,'','','',NULL,'54133',NULL,NULL,'2021-12-15 06:47:21','insert'),(3569,'','','',NULL,'25040',NULL,NULL,'2021-12-15 06:47:21','insert'),(3570,'','','',NULL,'95104',NULL,NULL,'2021-12-15 06:47:21','insert'),(3571,'','','',NULL,'44056',NULL,NULL,'2021-12-15 06:47:21','insert'),(3572,'','','',NULL,'70313',NULL,NULL,'2021-12-15 06:47:21','insert'),(3573,'','','',NULL,'61678',NULL,NULL,'2021-12-15 06:47:21','insert'),(3574,'','','',NULL,'83949',NULL,NULL,'2021-12-15 06:47:21','insert'),(3575,'','','',NULL,'53634',NULL,NULL,'2021-12-15 06:47:21','insert'),(3576,'','','',NULL,'61655',NULL,NULL,'2021-12-15 06:47:21','insert'),(3577,'','','',NULL,'86321',NULL,NULL,'2021-12-15 06:47:21','insert'),(3578,'','','',NULL,'16368',NULL,NULL,'2021-12-15 06:47:22','insert'),(3579,'','','',NULL,'55146',NULL,NULL,'2021-12-15 06:47:22','insert'),(3580,'','','',NULL,'12583',NULL,NULL,'2021-12-15 06:47:22','insert'),(3581,'','','',NULL,'69104',NULL,NULL,'2021-12-15 06:47:22','insert'),(3582,'','','',NULL,'43383',NULL,NULL,'2021-12-15 06:47:22','insert'),(3583,'','','',NULL,'69212',NULL,NULL,'2021-12-15 06:47:22','insert'),(3584,'','','',NULL,'79599',NULL,NULL,'2021-12-15 06:47:22','insert'),(3585,'','','',NULL,'52865',NULL,NULL,'2021-12-15 06:47:22','insert'),(3586,'','','',NULL,'92676',NULL,NULL,'2021-12-15 06:47:22','insert'),(3587,'','','',NULL,'69386',NULL,NULL,'2021-12-15 06:47:22','insert'),(3588,'','','',NULL,'18152',NULL,NULL,'2021-12-15 06:47:22','insert'),(3589,'','','',NULL,'57113',NULL,NULL,'2021-12-15 06:47:22','insert'),(3590,'','','',NULL,'50471',NULL,NULL,'2021-12-15 06:47:22','insert'),(3591,'','','',NULL,'51664',NULL,NULL,'2021-12-15 06:47:22','insert'),(3592,'','','',NULL,'91036',NULL,NULL,'2021-12-15 06:47:22','insert'),(3593,'','','',NULL,'18093',NULL,NULL,'2021-12-15 06:47:22','insert'),(3594,'','','',NULL,'69075',NULL,NULL,'2021-12-15 06:47:22','insert'),(3595,'','','',NULL,'78329',NULL,NULL,'2021-12-15 06:47:22','insert'),(3596,'','','',NULL,'82948',NULL,NULL,'2021-12-15 06:47:22','insert'),(3597,'','','',NULL,'29176',NULL,NULL,'2021-12-15 06:47:22','insert'),(3598,'','','',NULL,'60268',NULL,NULL,'2021-12-15 06:47:22','insert'),(3599,'','','',NULL,'21842',NULL,NULL,'2021-12-15 06:47:22','insert'),(3600,'','','',NULL,'44865',NULL,NULL,'2021-12-15 06:47:22','insert'),(3601,'','','',NULL,'10261',NULL,NULL,'2021-12-15 06:47:22','insert'),(3602,'','','',NULL,NULL,NULL,NULL,'2021-12-15 06:47:23','delete'),(3603,'','','','Trädgårdsvägen 864',NULL,NULL,NULL,'2021-12-15 06:47:23','delete'),(3604,'','','','Fabriksvägen 8',NULL,NULL,NULL,'2021-12-15 06:47:23','delete'),(3605,'','','','Trädgårdsvägen 638',NULL,NULL,NULL,'2021-12-15 06:47:23','delete'),(3606,'','','','Storvägen 34',NULL,NULL,NULL,'2021-12-15 06:47:23','delete'),(3607,'','','','Stationsstigen 821',NULL,NULL,NULL,'2021-12-15 06:47:23','delete'),(3608,'','','','Parkstigen 87',NULL,NULL,NULL,'2021-12-15 06:47:23','delete'),(3609,'','','','Strandtorget 473',NULL,NULL,NULL,'2021-12-15 06:47:23','delete'),(3610,'','','','Stationsgränd 395',NULL,NULL,NULL,'2021-12-15 06:47:23','delete'),(3611,'','','','Kyrkogatan 7',NULL,NULL,NULL,'2021-12-15 06:47:23','delete'),(3612,'','','','Skolgränd 767',NULL,NULL,NULL,'2021-12-15 06:47:23','delete'),(3613,'','','','Parkvägen 162',NULL,NULL,NULL,'2021-12-15 06:47:23','delete'),(3614,'','','','Asptorget 4',NULL,NULL,NULL,'2021-12-15 06:47:23','delete'),(3615,'','','','Aspvägen 597',NULL,NULL,NULL,'2021-12-15 06:47:23','delete'),(3616,'','','','Åkertorget 231',NULL,NULL,NULL,'2021-12-15 06:47:23','delete'),(3617,'','','','Björktorget 96',NULL,NULL,NULL,'2021-12-15 06:47:23','delete'),(3618,'','','','Kvarnvägen 4',NULL,NULL,NULL,'2021-12-15 06:47:23','delete'),(3619,'','','','Industristigen 526',NULL,NULL,NULL,'2021-12-15 06:47:23','delete'),(3620,'','','','Furugränd 62',NULL,NULL,NULL,'2021-12-15 06:47:23','delete'),(3621,'','','','Ekvägen 59',NULL,NULL,NULL,'2021-12-15 06:47:23','delete'),(3622,'','','','Villavägen 4',NULL,NULL,NULL,'2021-12-15 06:47:23','delete'),(3623,'','','','Skolstigen 7',NULL,NULL,NULL,'2021-12-15 06:47:23','delete'),(3624,'','','','Industrigatan 53',NULL,NULL,NULL,'2021-12-15 06:47:23','delete'),(3625,'','','','Genvägen 4',NULL,NULL,NULL,'2021-12-15 06:47:23','delete'),(3626,'','','','Trädgårdsvägen 80',NULL,NULL,NULL,'2021-12-15 06:47:23','delete'),(3627,'','','','Asptorget 965',NULL,NULL,NULL,'2021-12-15 06:47:23','delete'),(3628,'','','','Ängsgränd 860',NULL,NULL,NULL,'2021-12-15 06:47:23','delete'),(3629,'','','','Björkgatan 45',NULL,NULL,NULL,'2021-12-15 06:47:23','delete'),(3630,'','','','Fabriksgatan 9',NULL,NULL,NULL,'2021-12-15 06:47:23','delete'),(3631,'','','','Backgatan 24',NULL,NULL,NULL,'2021-12-15 06:47:23','delete'),(3632,'','','','Aspgränd 31',NULL,NULL,NULL,'2021-12-15 06:47:23','delete'),(3633,'','','','Skoltorget 95',NULL,NULL,NULL,'2021-12-15 06:47:23','delete'),(3634,'','','','Stationsstigen 9',NULL,NULL,NULL,'2021-12-15 06:47:23','delete'),(3635,'','','','Aspgränd 287',NULL,NULL,NULL,'2021-12-15 06:47:23','delete'),(3636,'','','','Skolvägen 9',NULL,NULL,NULL,'2021-12-15 06:47:23','delete'),(3637,'','','','Parkgatan 28',NULL,NULL,NULL,'2021-12-15 06:47:23','delete'),(3638,'','','','Idrottsgatan 7',NULL,NULL,NULL,'2021-12-15 06:47:23','delete'),(3639,'','','','Skolgatan 27',NULL,NULL,NULL,'2021-12-15 06:47:23','delete'),(3640,'','','','Kyrkogatan 3',NULL,NULL,NULL,'2021-12-15 06:47:23','delete'),(3641,'','','','Skogsvägen 306',NULL,NULL,NULL,'2021-12-15 06:47:23','delete'),(3642,'','','','Ängstorget 611',NULL,NULL,NULL,'2021-12-15 06:47:23','delete'),(3643,'','','','Skogsgatan 2',NULL,NULL,NULL,'2021-12-15 06:47:23','delete'),(3644,'','','','Idrottsgatan 0',NULL,NULL,NULL,'2021-12-15 06:47:23','delete'),(3645,'','','','Skoltorget 6',NULL,NULL,NULL,'2021-12-15 06:47:23','delete'),(3646,'','','','Ektorget 371',NULL,NULL,NULL,'2021-12-15 06:47:23','delete'),(3647,'','','','Skolgatan 8',NULL,NULL,NULL,'2021-12-15 06:47:23','delete'),(3648,'','','','Nystigen 1',NULL,NULL,NULL,'2021-12-15 06:47:23','delete'),(3649,'','','','Industrivägen 6',NULL,NULL,NULL,'2021-12-15 06:47:23','delete'),(3650,'','','','Ängsgränd 1',NULL,NULL,NULL,'2021-12-15 06:47:23','delete'),(3651,'','','','Bäckgatan 699',NULL,NULL,NULL,'2021-12-15 06:47:23','delete'),(3652,'','','','Järnvägstorget 532',NULL,NULL,NULL,'2021-12-15 06:47:23','delete'),(3653,'','','',NULL,NULL,NULL,NULL,'2021-12-16 06:23:41','insert'),(3654,'','','',NULL,'97129',NULL,NULL,'2021-12-16 06:23:41','insert'),(3655,'','','',NULL,'23167',NULL,NULL,'2021-12-16 06:23:41','insert'),(3656,'','','',NULL,'19107',NULL,NULL,'2021-12-16 06:23:41','insert'),(3657,'','','',NULL,NULL,NULL,NULL,'2021-12-16 06:23:41','delete'),(3658,'','','','Fabriksvägen 874',NULL,NULL,NULL,'2021-12-16 06:23:41','delete'),(3659,'','','','Stationsgatan 90',NULL,NULL,NULL,'2021-12-16 06:23:41','delete'),(3660,'','','','Björkgatan 6',NULL,NULL,NULL,'2021-12-16 06:23:41','delete'),(3661,'','','',NULL,NULL,NULL,NULL,'2021-12-16 06:23:41','insert'),(3662,'','','',NULL,NULL,NULL,NULL,'2021-12-16 06:23:41','delete'),(3663,'','','',NULL,NULL,NULL,NULL,'2021-12-16 06:23:41','insert'),(3664,'','','',NULL,'26331',NULL,NULL,'2021-12-16 06:23:42','insert'),(3665,'','','',NULL,'42808',NULL,NULL,'2021-12-16 06:23:42','insert'),(3666,'','','',NULL,'82461',NULL,NULL,'2021-12-16 06:23:42','insert'),(3667,'','','',NULL,NULL,NULL,NULL,'2021-12-16 06:23:42','delete'),(3668,'','','','Backvägen 68',NULL,NULL,NULL,'2021-12-16 06:23:42','delete'),(3669,'','','','Idrottsvägen 689',NULL,NULL,NULL,'2021-12-16 06:23:42','delete'),(3670,'','','','Parkvägen 72',NULL,NULL,NULL,'2021-12-16 06:23:42','delete'),(3671,'','','',NULL,NULL,NULL,NULL,'2021-12-16 06:23:42','insert'),(3672,'','','',NULL,'13789',NULL,NULL,'2021-12-16 06:23:42','insert'),(3673,'','','',NULL,'62202',NULL,NULL,'2021-12-16 06:23:42','insert'),(3674,'','','',NULL,'27233',NULL,NULL,'2021-12-16 06:23:42','insert'),(3675,'','','',NULL,NULL,NULL,NULL,'2021-12-16 06:23:42','delete'),(3676,'','','','Skolvägen 871',NULL,NULL,NULL,'2021-12-16 06:23:42','delete'),(3677,'','','','Nystigen 515',NULL,NULL,NULL,'2021-12-16 06:23:42','delete'),(3678,'','','','Skolvägen 802',NULL,NULL,NULL,'2021-12-16 06:23:42','delete'),(3679,'','','',NULL,NULL,NULL,NULL,'2021-12-16 06:23:42','insert'),(3680,'','','',NULL,'34394',NULL,NULL,'2021-12-16 06:23:42','insert'),(3681,'','','',NULL,NULL,NULL,NULL,'2021-12-16 06:23:42','delete'),(3682,'','','','Ringvägen 69',NULL,NULL,NULL,'2021-12-16 06:23:42','delete'),(3683,'','','',NULL,NULL,NULL,NULL,'2021-12-16 06:23:42','insert'),(3684,'','','',NULL,'41637',NULL,NULL,'2021-12-16 06:23:42','insert'),(3685,'','','',NULL,NULL,NULL,NULL,'2021-12-16 06:23:42','delete'),(3686,'','','','Nygatan 767',NULL,NULL,NULL,'2021-12-16 06:23:42','delete'),(3687,'','','',NULL,NULL,NULL,NULL,'2021-12-16 06:23:42','insert'),(3688,'','','',NULL,'19437',NULL,NULL,'2021-12-16 06:23:42','insert'),(3689,'','','',NULL,NULL,NULL,NULL,'2021-12-16 06:23:42','delete'),(3690,'','','','Villatorget 8',NULL,NULL,NULL,'2021-12-16 06:23:42','delete'),(3691,'','','',NULL,'34674',NULL,NULL,'2021-12-16 06:23:42','insert'),(3692,'','','','Skolgränd 9',NULL,NULL,NULL,'2021-12-16 06:23:42','delete'),(3693,'','','',NULL,NULL,NULL,NULL,'2021-12-16 06:24:39','insert'),(3694,'','','',NULL,'45146',NULL,NULL,'2021-12-16 06:24:39','insert'),(3695,'','','',NULL,'49458',NULL,NULL,'2021-12-16 06:24:39','insert'),(3696,'','','',NULL,'63558',NULL,NULL,'2021-12-16 06:24:39','insert'),(3697,'','','',NULL,NULL,NULL,NULL,'2021-12-16 06:24:39','delete'),(3698,'','','','Backstigen 275',NULL,NULL,NULL,'2021-12-16 06:24:39','delete'),(3699,'','','','Idrottsgatan 7',NULL,NULL,NULL,'2021-12-16 06:24:39','delete'),(3700,'','','','Industrigatan 875',NULL,NULL,NULL,'2021-12-16 06:24:39','delete'),(3701,'','','',NULL,NULL,NULL,NULL,'2021-12-16 06:24:39','insert'),(3702,'','','',NULL,NULL,NULL,NULL,'2021-12-16 06:24:39','delete'),(3703,'','','',NULL,NULL,NULL,NULL,'2021-12-16 06:24:39','insert'),(3704,'','','',NULL,'71327',NULL,NULL,'2021-12-16 06:24:39','insert'),(3705,'','','',NULL,'79119',NULL,NULL,'2021-12-16 06:24:39','insert'),(3706,'','','',NULL,'21077',NULL,NULL,'2021-12-16 06:24:39','insert'),(3707,'','','',NULL,NULL,NULL,NULL,'2021-12-16 06:24:39','delete'),(3708,'','','','Parkvägen 5',NULL,NULL,NULL,'2021-12-16 06:24:39','delete'),(3709,'','','','Industrigatan 983',NULL,NULL,NULL,'2021-12-16 06:24:39','delete'),(3710,'','','','Idrottsstigen 32',NULL,NULL,NULL,'2021-12-16 06:24:39','delete'),(3711,'','','',NULL,NULL,NULL,NULL,'2021-12-16 06:24:39','insert'),(3712,'','','',NULL,'32315',NULL,NULL,'2021-12-16 06:24:39','insert'),(3713,'','','',NULL,'37314',NULL,NULL,'2021-12-16 06:24:39','insert'),(3714,'','','',NULL,'91540',NULL,NULL,'2021-12-16 06:24:39','insert'),(3715,'','','',NULL,NULL,NULL,NULL,'2021-12-16 06:24:39','delete'),(3716,'','','','Granstigen 61',NULL,NULL,NULL,'2021-12-16 06:24:39','delete'),(3717,'','','','Björktorget 88',NULL,NULL,NULL,'2021-12-16 06:24:39','delete'),(3718,'','','','Åkerstigen 61',NULL,NULL,NULL,'2021-12-16 06:24:39','delete'),(3719,'','','',NULL,NULL,NULL,NULL,'2021-12-16 06:24:39','insert'),(3720,'','','',NULL,'36289',NULL,NULL,'2021-12-16 06:24:39','insert'),(3721,'','','',NULL,NULL,NULL,NULL,'2021-12-16 06:24:39','delete'),(3722,'','','','Ekgatan 3',NULL,NULL,NULL,'2021-12-16 06:24:39','delete'),(3723,'','','',NULL,NULL,NULL,NULL,'2021-12-16 06:24:39','insert'),(3724,'','','',NULL,'46539',NULL,NULL,'2021-12-16 06:24:39','insert'),(3725,'','','',NULL,NULL,NULL,NULL,'2021-12-16 06:24:39','delete'),(3726,'','','','Backstigen 27',NULL,NULL,NULL,'2021-12-16 06:24:39','delete'),(3727,'','','',NULL,NULL,NULL,NULL,'2021-12-16 06:24:39','insert'),(3728,'','','',NULL,'64563',NULL,NULL,'2021-12-16 06:24:39','insert'),(3729,'','','',NULL,NULL,NULL,NULL,'2021-12-16 06:24:39','delete'),(3730,'','','','Industristigen 37',NULL,NULL,NULL,'2021-12-16 06:24:39','delete'),(3731,'','','',NULL,'46825',NULL,NULL,'2021-12-16 06:24:39','insert'),(3732,'','','','Kvarnvägen 2',NULL,NULL,NULL,'2021-12-16 06:24:39','delete'),(3733,'','','',NULL,'53211',NULL,NULL,'2021-12-16 06:27:14','insert'),(3734,'','','','Stationsgränd 11',NULL,NULL,NULL,'2021-12-16 06:27:14','delete'),(3735,'','','',NULL,'17286',NULL,NULL,'2021-12-16 06:27:14','insert'),(3736,'','','','Villagränd 9','17286',NULL,NULL,'2021-12-16 06:27:14','update'),(3737,'','','','Villagränd 9',NULL,NULL,NULL,'2021-12-16 06:27:14','delete'),(3738,'','','',NULL,NULL,NULL,NULL,'2021-12-16 06:27:14','insert'),(3739,'','','',NULL,'13895',NULL,NULL,'2021-12-16 06:27:14','insert'),(3740,'','','',NULL,'32207',NULL,NULL,'2021-12-16 06:27:14','insert'),(3741,'','','',NULL,'46005',NULL,NULL,'2021-12-16 06:27:14','insert'),(3742,'','','',NULL,'29286',NULL,NULL,'2021-12-16 06:27:14','insert'),(3743,'','','',NULL,'57570',NULL,NULL,'2021-12-16 06:27:14','insert'),(3744,'','','',NULL,'59544',NULL,NULL,'2021-12-16 06:27:14','insert'),(3745,'','','',NULL,'87083',NULL,NULL,'2021-12-16 06:27:14','insert'),(3746,'','','',NULL,'84685',NULL,NULL,'2021-12-16 06:27:14','insert'),(3747,'','','',NULL,'98213',NULL,NULL,'2021-12-16 06:27:14','insert'),(3748,'','','',NULL,'79257',NULL,NULL,'2021-12-16 06:27:14','insert'),(3749,'','','',NULL,'99230',NULL,NULL,'2021-12-16 06:27:14','insert'),(3750,'','','',NULL,'16334',NULL,NULL,'2021-12-16 06:27:15','insert'),(3751,'','','',NULL,'97280',NULL,NULL,'2021-12-16 06:27:15','insert'),(3752,'','','',NULL,'47772',NULL,NULL,'2021-12-16 06:27:15','insert'),(3753,'','','',NULL,'10238',NULL,NULL,'2021-12-16 06:27:15','insert'),(3754,'','','',NULL,'52695',NULL,NULL,'2021-12-16 06:27:15','insert'),(3755,'','','',NULL,'22863',NULL,NULL,'2021-12-16 06:27:15','insert'),(3756,'','','',NULL,'75608',NULL,NULL,'2021-12-16 06:27:15','insert'),(3757,'','','',NULL,'47727',NULL,NULL,'2021-12-16 06:27:15','insert'),(3758,'','','',NULL,'40950',NULL,NULL,'2021-12-16 06:27:15','insert'),(3759,'','','',NULL,'85748',NULL,NULL,'2021-12-16 06:27:15','insert'),(3760,'','','',NULL,'79366',NULL,NULL,'2021-12-16 06:27:15','insert'),(3761,'','','',NULL,'15797',NULL,NULL,'2021-12-16 06:27:15','insert'),(3762,'','','',NULL,'89210',NULL,NULL,'2021-12-16 06:27:15','insert'),(3763,'','','',NULL,'61944',NULL,NULL,'2021-12-16 06:27:15','insert'),(3764,'','','',NULL,'96109',NULL,NULL,'2021-12-16 06:27:15','insert'),(3765,'','','',NULL,'66874',NULL,NULL,'2021-12-16 06:27:15','insert'),(3766,'','','',NULL,'11372',NULL,NULL,'2021-12-16 06:27:15','insert'),(3767,'','','',NULL,'77426',NULL,NULL,'2021-12-16 06:27:15','insert'),(3768,'','','',NULL,'48227',NULL,NULL,'2021-12-16 06:27:15','insert'),(3769,'','','',NULL,'67313',NULL,NULL,'2021-12-16 06:27:15','insert'),(3770,'','','',NULL,'67114',NULL,NULL,'2021-12-16 06:27:15','insert'),(3771,'','','',NULL,'53716',NULL,NULL,'2021-12-16 06:27:15','insert'),(3772,'','','',NULL,'86981',NULL,NULL,'2021-12-16 06:27:15','insert'),(3773,'','','',NULL,'52529',NULL,NULL,'2021-12-16 06:27:15','insert'),(3774,'','','',NULL,'81460',NULL,NULL,'2021-12-16 06:27:15','insert'),(3775,'','','',NULL,'78155',NULL,NULL,'2021-12-16 06:27:15','insert'),(3776,'','','',NULL,'42240',NULL,NULL,'2021-12-16 06:27:15','insert'),(3777,'','','',NULL,'29251',NULL,NULL,'2021-12-16 06:27:15','insert'),(3778,'','','',NULL,'80585',NULL,NULL,'2021-12-16 06:27:15','insert'),(3779,'','','',NULL,'99574',NULL,NULL,'2021-12-16 06:27:15','insert'),(3780,'','','',NULL,'94755',NULL,NULL,'2021-12-16 06:27:15','insert'),(3781,'','','',NULL,'16531',NULL,NULL,'2021-12-16 06:27:15','insert'),(3782,'','','',NULL,'91406',NULL,NULL,'2021-12-16 06:27:15','insert'),(3783,'','','',NULL,'37144',NULL,NULL,'2021-12-16 06:27:15','insert'),(3784,'','','',NULL,'65090',NULL,NULL,'2021-12-16 06:27:15','insert'),(3785,'','','',NULL,'68192',NULL,NULL,'2021-12-16 06:27:15','insert'),(3786,'','','',NULL,'69598',NULL,NULL,'2021-12-16 06:27:15','insert'),(3787,'','','',NULL,'69714',NULL,NULL,'2021-12-16 06:27:15','insert'),(3788,'','','',NULL,'89058',NULL,NULL,'2021-12-16 06:27:15','insert'),(3789,'','','',NULL,NULL,NULL,NULL,'2021-12-16 06:27:16','delete'),(3790,'','','','Bäckgränd 71',NULL,NULL,NULL,'2021-12-16 06:27:16','delete'),(3791,'','','','Kvarnvägen 91',NULL,NULL,NULL,'2021-12-16 06:27:16','delete'),(3792,'','','','Trädgårdsvägen 38',NULL,NULL,NULL,'2021-12-16 06:27:16','delete'),(3793,'','','','Järnvägsgränd 6',NULL,NULL,NULL,'2021-12-16 06:27:16','delete'),(3794,'','','','Skogstorget 66',NULL,NULL,NULL,'2021-12-16 06:27:16','delete'),(3795,'','','','Björkvägen 49',NULL,NULL,NULL,'2021-12-16 06:27:16','delete'),(3796,'','','','Järnvägstorget 296',NULL,NULL,NULL,'2021-12-16 06:27:16','delete'),(3797,'','','','Aspgatan 19',NULL,NULL,NULL,'2021-12-16 06:27:16','delete'),(3798,'','','','Industritorget 27',NULL,NULL,NULL,'2021-12-16 06:27:16','delete'),(3799,'','','','Parkgatan 171',NULL,NULL,NULL,'2021-12-16 06:27:16','delete'),(3800,'','','','Backstigen 98',NULL,NULL,NULL,'2021-12-16 06:27:16','delete'),(3801,'','','','Genstigen 88',NULL,NULL,NULL,'2021-12-16 06:27:16','delete'),(3802,'','','','Backtorget 94',NULL,NULL,NULL,'2021-12-16 06:27:16','delete'),(3803,'','','','Nyvägen 1',NULL,NULL,NULL,'2021-12-16 06:27:16','delete'),(3804,'','','','Parkgatan 10',NULL,NULL,NULL,'2021-12-16 06:27:16','delete'),(3805,'','','','Ängsgränd 0',NULL,NULL,NULL,'2021-12-16 06:27:16','delete'),(3806,'','','','Aspvägen 0',NULL,NULL,NULL,'2021-12-16 06:27:16','delete'),(3807,'','','','Kvarnvägen 6',NULL,NULL,NULL,'2021-12-16 06:27:16','delete'),(3808,'','','','Industrivägen 5',NULL,NULL,NULL,'2021-12-16 06:27:16','delete'),(3809,'','','','Strandgatan 8',NULL,NULL,NULL,'2021-12-16 06:27:16','delete'),(3810,'','','','Villagränd 7',NULL,NULL,NULL,'2021-12-16 06:27:16','delete'),(3811,'','','','Kvarnstigen 46',NULL,NULL,NULL,'2021-12-16 06:27:16','delete'),(3812,'','','','Genvägen 248',NULL,NULL,NULL,'2021-12-16 06:27:16','delete'),(3813,'','','','Aspstigen 4',NULL,NULL,NULL,'2021-12-16 06:27:16','delete'),(3814,'','','','Industrivägen 956',NULL,NULL,NULL,'2021-12-16 06:27:16','delete'),(3815,'','','','Industrivägen 3',NULL,NULL,NULL,'2021-12-16 06:27:16','delete'),(3816,'','','','Fabriksvägen 3',NULL,NULL,NULL,'2021-12-16 06:27:16','delete'),(3817,'','','','Bäckgatan 2',NULL,NULL,NULL,'2021-12-16 06:27:16','delete'),(3818,'','','','Parkstigen 20',NULL,NULL,NULL,'2021-12-16 06:27:16','delete'),(3819,'','','','Skolgränd 6',NULL,NULL,NULL,'2021-12-16 06:27:16','delete'),(3820,'','','','Backtorget 6',NULL,NULL,NULL,'2021-12-16 06:27:16','delete'),(3821,'','','','Kvarngatan 4',NULL,NULL,NULL,'2021-12-16 06:27:16','delete'),(3822,'','','','Industristigen 23',NULL,NULL,NULL,'2021-12-16 06:27:16','delete'),(3823,'','','','Stationsgatan 763',NULL,NULL,NULL,'2021-12-16 06:27:16','delete'),(3824,'','','','Parkgatan 1',NULL,NULL,NULL,'2021-12-16 06:27:16','delete'),(3825,'','','','Nygatan 62',NULL,NULL,NULL,'2021-12-16 06:27:16','delete'),(3826,'','','','Kyrkotorget 5',NULL,NULL,NULL,'2021-12-16 06:27:16','delete'),(3827,'','','','Kyrktorget 66',NULL,NULL,NULL,'2021-12-16 06:27:16','delete'),(3828,'','','','Kyrkgatan 145',NULL,NULL,NULL,'2021-12-16 06:27:16','delete'),(3829,'','','','Nygränd 60',NULL,NULL,NULL,'2021-12-16 06:27:16','delete'),(3830,'','','','Skolgränd 4',NULL,NULL,NULL,'2021-12-16 06:27:16','delete'),(3831,'','','','Skolgatan 632',NULL,NULL,NULL,'2021-12-16 06:27:16','delete'),(3832,'','','','Bäckgränd 19',NULL,NULL,NULL,'2021-12-16 06:27:16','delete'),(3833,'','','','Åkergränd 541',NULL,NULL,NULL,'2021-12-16 06:27:16','delete'),(3834,'','','','Stationsgränd 972',NULL,NULL,NULL,'2021-12-16 06:27:16','delete'),(3835,'','','','Trädgårdsgatan 56',NULL,NULL,NULL,'2021-12-16 06:27:16','delete'),(3836,'','','','Industrivägen 3',NULL,NULL,NULL,'2021-12-16 06:27:16','delete'),(3837,'','','','Åkervägen 2',NULL,NULL,NULL,'2021-12-16 06:27:16','delete'),(3838,'','','','Bäckvägen 64',NULL,NULL,NULL,'2021-12-16 06:27:16','delete'),(3839,'','','','Villavägen 65',NULL,NULL,NULL,'2021-12-16 06:27:16','delete'),(3840,'','','',NULL,NULL,NULL,NULL,'2021-12-16 06:27:16','insert'),(3841,'','','',NULL,'46024',NULL,NULL,'2021-12-16 06:27:16','insert'),(3842,'','','',NULL,'81438',NULL,NULL,'2021-12-16 06:27:16','insert'),(3843,'','','',NULL,'45201',NULL,NULL,'2021-12-16 06:27:16','insert'),(3844,'','','',NULL,'32623',NULL,NULL,'2021-12-16 06:27:16','insert'),(3845,'','','',NULL,'49636',NULL,NULL,'2021-12-16 06:27:16','insert'),(3846,'','','',NULL,'64409',NULL,NULL,'2021-12-16 06:27:16','insert'),(3847,'','','',NULL,'96381',NULL,NULL,'2021-12-16 06:27:16','insert'),(3848,'','','',NULL,'19377',NULL,NULL,'2021-12-16 06:27:16','insert'),(3849,'','','',NULL,'21984',NULL,NULL,'2021-12-16 06:27:16','insert'),(3850,'','','',NULL,'10712',NULL,NULL,'2021-12-16 06:27:16','insert'),(3851,'','','',NULL,'41800',NULL,NULL,'2021-12-16 06:27:16','insert'),(3852,'','','',NULL,'69068',NULL,NULL,'2021-12-16 06:27:16','insert'),(3853,'','','',NULL,'92904',NULL,NULL,'2021-12-16 06:27:16','insert'),(3854,'','','',NULL,'65856',NULL,NULL,'2021-12-16 06:27:16','insert'),(3855,'','','',NULL,'10184',NULL,NULL,'2021-12-16 06:27:16','insert'),(3856,'','','',NULL,'32079',NULL,NULL,'2021-12-16 06:27:16','insert'),(3857,'','','',NULL,'35979',NULL,NULL,'2021-12-16 06:27:17','insert'),(3858,'','','',NULL,'10162',NULL,NULL,'2021-12-16 06:27:17','insert'),(3859,'','','',NULL,'85236',NULL,NULL,'2021-12-16 06:27:17','insert'),(3860,'','','',NULL,'84103',NULL,NULL,'2021-12-16 06:27:17','insert'),(3861,'','','',NULL,'83159',NULL,NULL,'2021-12-16 06:27:17','insert'),(3862,'','','',NULL,'11008',NULL,NULL,'2021-12-16 06:27:17','insert'),(3863,'','','',NULL,'64146',NULL,NULL,'2021-12-16 06:27:17','insert'),(3864,'','','',NULL,'28099',NULL,NULL,'2021-12-16 06:27:17','insert'),(3865,'','','',NULL,'84093',NULL,NULL,'2021-12-16 06:27:17','insert'),(3866,'','','',NULL,'50646',NULL,NULL,'2021-12-16 06:27:17','insert'),(3867,'','','',NULL,'68140',NULL,NULL,'2021-12-16 06:27:17','insert'),(3868,'','','',NULL,'51755',NULL,NULL,'2021-12-16 06:27:17','insert'),(3869,'','','',NULL,'95486',NULL,NULL,'2021-12-16 06:27:17','insert'),(3870,'','','',NULL,'32232',NULL,NULL,'2021-12-16 06:27:17','insert'),(3871,'','','',NULL,'38933',NULL,NULL,'2021-12-16 06:27:17','insert'),(3872,'','','',NULL,'27793',NULL,NULL,'2021-12-16 06:27:17','insert'),(3873,'','','',NULL,'17788',NULL,NULL,'2021-12-16 06:27:17','insert'),(3874,'','','',NULL,'34695',NULL,NULL,'2021-12-16 06:27:17','insert'),(3875,'','','',NULL,'38158',NULL,NULL,'2021-12-16 06:27:17','insert'),(3876,'','','',NULL,'63468',NULL,NULL,'2021-12-16 06:27:17','insert'),(3877,'','','',NULL,'27435',NULL,NULL,'2021-12-16 06:27:17','insert'),(3878,'','','',NULL,'92404',NULL,NULL,'2021-12-16 06:27:17','insert'),(3879,'','','',NULL,'16087',NULL,NULL,'2021-12-16 06:27:17','insert'),(3880,'','','',NULL,'61657',NULL,NULL,'2021-12-16 06:27:17','insert'),(3881,'','','',NULL,'95552',NULL,NULL,'2021-12-16 06:27:17','insert'),(3882,'','','',NULL,'27361',NULL,NULL,'2021-12-16 06:27:17','insert'),(3883,'','','',NULL,'35752',NULL,NULL,'2021-12-16 06:27:17','insert'),(3884,'','','',NULL,'93849',NULL,NULL,'2021-12-16 06:27:17','insert'),(3885,'','','',NULL,'85237',NULL,NULL,'2021-12-16 06:27:17','insert'),(3886,'','','',NULL,'44099',NULL,NULL,'2021-12-16 06:27:17','insert'),(3887,'','','',NULL,'74576',NULL,NULL,'2021-12-16 06:27:17','insert'),(3888,'','','',NULL,'50745',NULL,NULL,'2021-12-16 06:27:17','insert'),(3889,'','','',NULL,'66463',NULL,NULL,'2021-12-16 06:27:17','insert'),(3890,'','','',NULL,'26399',NULL,NULL,'2021-12-16 06:27:17','insert'),(3891,'','','',NULL,NULL,NULL,NULL,'2021-12-16 06:27:18','delete'),(3892,'','','','Skoltorget 4',NULL,NULL,NULL,'2021-12-16 06:27:18','delete'),(3893,'','','','Skolvägen 96',NULL,NULL,NULL,'2021-12-16 06:27:18','delete'),(3894,'','','','Industrivägen 89',NULL,NULL,NULL,'2021-12-16 06:27:18','delete'),(3895,'','','','Björkgränd 8',NULL,NULL,NULL,'2021-12-16 06:27:18','delete'),(3896,'','','','Parkstigen 0',NULL,NULL,NULL,'2021-12-16 06:27:18','delete'),(3897,'','','','Nyvägen 7',NULL,NULL,NULL,'2021-12-16 06:27:18','delete'),(3898,'','','','Storgränd 0',NULL,NULL,NULL,'2021-12-16 06:27:18','delete'),(3899,'','','','Järnvägsgränd 493',NULL,NULL,NULL,'2021-12-16 06:27:18','delete'),(3900,'','','','Ekgatan 60',NULL,NULL,NULL,'2021-12-16 06:27:18','delete'),(3901,'','','','Stationsgatan 128',NULL,NULL,NULL,'2021-12-16 06:27:18','delete'),(3902,'','','','Björkvägen 1',NULL,NULL,NULL,'2021-12-16 06:27:18','delete'),(3903,'','','','Ektorget 25',NULL,NULL,NULL,'2021-12-16 06:27:18','delete'),(3904,'','','','Ektorget 7',NULL,NULL,NULL,'2021-12-16 06:27:18','delete'),(3905,'','','','Parkstigen 59',NULL,NULL,NULL,'2021-12-16 06:27:18','delete'),(3906,'','','','Bäckgränd 62',NULL,NULL,NULL,'2021-12-16 06:27:18','delete'),(3907,'','','','Trädgårdsgränd 41',NULL,NULL,NULL,'2021-12-16 06:27:18','delete'),(3908,'','','','Trädgårdstorget 513',NULL,NULL,NULL,'2021-12-16 06:27:18','delete'),(3909,'','','','Fabriksgatan 69',NULL,NULL,NULL,'2021-12-16 06:27:18','delete'),(3910,'','','','Stationsvägen 96',NULL,NULL,NULL,'2021-12-16 06:27:18','delete'),(3911,'','','','Strandvägen 4',NULL,NULL,NULL,'2021-12-16 06:27:18','delete'),(3912,'','','','Granvägen 802',NULL,NULL,NULL,'2021-12-16 06:27:18','delete'),(3913,'','','','Grangatan 682',NULL,NULL,NULL,'2021-12-16 06:27:18','delete'),(3914,'','','','Åkergränd 6',NULL,NULL,NULL,'2021-12-16 06:27:18','delete'),(3915,'','','','Kyrkvägen 317',NULL,NULL,NULL,'2021-12-16 06:27:18','delete'),(3916,'','','','Ringtorget 95',NULL,NULL,NULL,'2021-12-16 06:27:18','delete'),(3917,'','','','Björkgatan 70',NULL,NULL,NULL,'2021-12-16 06:27:18','delete'),(3918,'','','','Ekvägen 757',NULL,NULL,NULL,'2021-12-16 06:27:18','delete'),(3919,'','','','Villagatan 1',NULL,NULL,NULL,'2021-12-16 06:27:18','delete'),(3920,'','','','Stationsvägen 90',NULL,NULL,NULL,'2021-12-16 06:27:18','delete'),(3921,'','','','Villavägen 19',NULL,NULL,NULL,'2021-12-16 06:27:18','delete'),(3922,'','','','Ringgatan 9',NULL,NULL,NULL,'2021-12-16 06:27:18','delete'),(3923,'','','','Strandvägen 10',NULL,NULL,NULL,'2021-12-16 06:27:18','delete'),(3924,'','','','Kyrkovägen 748',NULL,NULL,NULL,'2021-12-16 06:27:18','delete'),(3925,'','','','Ringstigen 33',NULL,NULL,NULL,'2021-12-16 06:27:18','delete'),(3926,'','','','Kvarnvägen 8',NULL,NULL,NULL,'2021-12-16 06:27:18','delete'),(3927,'','','','Kyrkvägen 7',NULL,NULL,NULL,'2021-12-16 06:27:18','delete'),(3928,'','','','Trädgårdsgatan 58',NULL,NULL,NULL,'2021-12-16 06:27:18','delete'),(3929,'','','','Ängsgränd 197',NULL,NULL,NULL,'2021-12-16 06:27:18','delete'),(3930,'','','','Industrivägen 248',NULL,NULL,NULL,'2021-12-16 06:27:18','delete'),(3931,'','','','Björktorget 98',NULL,NULL,NULL,'2021-12-16 06:27:18','delete'),(3932,'','','','Parkgatan 4',NULL,NULL,NULL,'2021-12-16 06:27:18','delete'),(3933,'','','','Björktorget 65',NULL,NULL,NULL,'2021-12-16 06:27:18','delete'),(3934,'','','','Villagatan 8',NULL,NULL,NULL,'2021-12-16 06:27:18','delete'),(3935,'','','','Furustigen 70',NULL,NULL,NULL,'2021-12-16 06:27:18','delete'),(3936,'','','','Stationsgatan 18',NULL,NULL,NULL,'2021-12-16 06:27:18','delete'),(3937,'','','','Ekvägen 82',NULL,NULL,NULL,'2021-12-16 06:27:18','delete'),(3938,'','','','Industrivägen 79',NULL,NULL,NULL,'2021-12-16 06:27:18','delete'),(3939,'','','','Parkstigen 4',NULL,NULL,NULL,'2021-12-16 06:27:18','delete'),(3940,'','','','Skogsgatan 3',NULL,NULL,NULL,'2021-12-16 06:27:18','delete'),(3941,'','','','Backgatan 61',NULL,NULL,NULL,'2021-12-16 06:27:18','delete'),(3942,'','','',NULL,'67810',NULL,NULL,'2021-12-16 06:27:33','insert'),(3943,'','','','Skolgränd 32',NULL,NULL,NULL,'2021-12-16 06:27:33','delete'),(3944,'','','',NULL,'30103',NULL,NULL,'2021-12-16 06:27:33','insert'),(3945,'','','','Skogsvägen 4',NULL,NULL,NULL,'2021-12-16 06:27:33','delete'),(3946,'','','',NULL,'46815',NULL,NULL,'2021-12-16 06:27:33','insert'),(3947,'','','','Storvägen 91',NULL,NULL,NULL,'2021-12-16 06:27:33','delete'),(3948,'','','',NULL,'39835',NULL,NULL,'2021-12-16 06:27:33','insert'),(3949,'','','','Bäckgränd 66',NULL,NULL,NULL,'2021-12-16 06:27:33','delete'),(3950,'','','',NULL,NULL,NULL,NULL,'2021-12-16 07:38:26','insert'),(3951,'','','',NULL,'21343',NULL,NULL,'2021-12-16 07:38:26','insert'),(3952,'','','',NULL,'30485',NULL,NULL,'2021-12-16 07:38:26','insert'),(3953,'','','',NULL,'23349',NULL,NULL,'2021-12-16 07:38:26','insert'),(3954,'','','',NULL,'54809',NULL,NULL,'2021-12-16 07:38:26','insert'),(3955,'','','',NULL,'55035',NULL,NULL,'2021-12-16 07:38:26','insert'),(3956,'','','',NULL,'12452',NULL,NULL,'2021-12-16 07:38:26','insert'),(3957,'','','',NULL,'43802',NULL,NULL,'2021-12-16 07:38:26','insert'),(3958,'','','',NULL,'98744',NULL,NULL,'2021-12-16 07:38:26','insert'),(3959,'','','',NULL,'60830',NULL,NULL,'2021-12-16 07:38:26','insert'),(3960,'','','',NULL,'16558',NULL,NULL,'2021-12-16 07:38:26','insert'),(3961,'','','',NULL,NULL,NULL,NULL,'2021-12-16 07:40:26','delete'),(3962,'','','','Industrigränd 113',NULL,NULL,NULL,'2021-12-16 07:40:26','delete'),(3963,'','','','Ekvägen 53',NULL,NULL,NULL,'2021-12-16 07:40:26','delete'),(3964,'','','','Trädgårdsgatan 680',NULL,NULL,NULL,'2021-12-16 07:40:26','delete'),(3965,'','','','Ringgränd 228',NULL,NULL,NULL,'2021-12-16 07:40:26','delete'),(3966,'','','','Skolvägen 884',NULL,NULL,NULL,'2021-12-16 07:40:26','delete'),(3967,'','','','Idrottsgatan 2',NULL,NULL,NULL,'2021-12-16 07:40:26','delete'),(3968,'','','','Kvarngränd 7',NULL,NULL,NULL,'2021-12-16 07:40:26','delete'),(3969,'','','','Industrigatan 503',NULL,NULL,NULL,'2021-12-16 07:40:26','delete'),(3970,'','','','Skolgatan 2',NULL,NULL,NULL,'2021-12-16 07:40:26','delete'),(3971,'','','','Trädgårdsgränd 726',NULL,NULL,NULL,'2021-12-16 07:40:26','delete'),(3972,'','','',NULL,NULL,NULL,NULL,'2021-12-16 07:42:13','insert'),(3973,'','','',NULL,'86455',NULL,NULL,'2021-12-16 07:42:13','insert'),(3974,'','','',NULL,'99238',NULL,NULL,'2021-12-16 07:42:13','insert'),(3975,'','','',NULL,'85089',NULL,NULL,'2021-12-16 07:42:13','insert'),(3976,'','','',NULL,'94199',NULL,NULL,'2021-12-16 07:42:13','insert'),(3977,'','','',NULL,'19970',NULL,NULL,'2021-12-16 07:42:13','insert'),(3978,'','','',NULL,'84242',NULL,NULL,'2021-12-16 07:42:13','insert'),(3979,'','','',NULL,'23908',NULL,NULL,'2021-12-16 07:42:13','insert'),(3980,'','','',NULL,'42201',NULL,NULL,'2021-12-16 07:42:13','insert'),(3981,'','','',NULL,'30616',NULL,NULL,'2021-12-16 07:42:13','insert'),(3982,'','','',NULL,'61648',NULL,NULL,'2021-12-16 07:42:13','insert'),(3983,'','','',NULL,NULL,NULL,NULL,'2021-12-16 10:28:46','delete'),(3984,'','','','Bäckgatan 5',NULL,NULL,NULL,'2021-12-16 10:28:46','delete'),(3985,'','','','Kyrkogatan 742',NULL,NULL,NULL,'2021-12-16 10:28:46','delete'),(3986,'','','','Skogstorget 6',NULL,NULL,NULL,'2021-12-16 10:28:46','delete'),(3987,'','','','Skolvägen 126',NULL,NULL,NULL,'2021-12-16 10:28:46','delete'),(3988,'','','','Ekvägen 8',NULL,NULL,NULL,'2021-12-16 10:28:46','delete'),(3989,'','','','Idrottsstigen 48',NULL,NULL,NULL,'2021-12-16 10:28:46','delete'),(3990,'','','','Kyrkovägen 1',NULL,NULL,NULL,'2021-12-16 10:28:46','delete'),(3991,'','','','Nygränd 44',NULL,NULL,NULL,'2021-12-16 10:28:46','delete'),(3992,'','','','Parkgatan 807',NULL,NULL,NULL,'2021-12-16 10:28:46','delete'),(3993,'','','','Nygatan 35',NULL,NULL,NULL,'2021-12-16 10:28:46','delete'),(3994,'','','',NULL,NULL,NULL,NULL,'2021-12-16 10:34:08','insert'),(3995,'','','',NULL,'68554',NULL,NULL,'2021-12-16 10:34:08','insert'),(3996,'','','',NULL,'22716',NULL,NULL,'2021-12-16 10:34:08','insert'),(3997,'','','',NULL,'28436',NULL,NULL,'2021-12-16 10:34:08','insert'),(3998,'','','',NULL,'69293',NULL,NULL,'2021-12-16 10:34:09','insert'),(3999,'','','',NULL,'88118',NULL,NULL,'2021-12-16 10:34:09','insert'),(4000,'','','',NULL,'94729',NULL,NULL,'2021-12-16 10:34:09','insert'),(4001,'','','',NULL,'30349',NULL,NULL,'2021-12-16 10:34:09','insert'),(4002,'','','',NULL,'63210',NULL,NULL,'2021-12-16 10:34:09','insert'),(4003,'','','',NULL,'43080',NULL,NULL,'2021-12-16 10:34:09','insert'),(4004,'','','',NULL,'72550',NULL,NULL,'2021-12-16 10:34:09','insert'),(4005,'','','',NULL,NULL,NULL,NULL,'2021-12-16 10:34:37','delete'),(4006,'','','','Skolvägen 3',NULL,NULL,NULL,'2021-12-16 10:34:37','delete'),(4007,'','','','Aspvägen 32',NULL,NULL,NULL,'2021-12-16 10:34:37','delete'),(4008,'','','','Stationsvägen 84',NULL,NULL,NULL,'2021-12-16 10:34:37','delete'),(4009,'','','','Kyrktorget 3',NULL,NULL,NULL,'2021-12-16 10:34:37','delete'),(4010,'','','','Parkvägen 410',NULL,NULL,NULL,'2021-12-16 10:34:37','delete'),(4011,'','','','Ängsgatan 5',NULL,NULL,NULL,'2021-12-16 10:34:37','delete'),(4012,'','','','Kyrkogatan 803',NULL,NULL,NULL,'2021-12-16 10:34:37','delete'),(4013,'','','','Ängsstigen 746',NULL,NULL,NULL,'2021-12-16 10:34:37','delete'),(4014,'','','','Ekvägen 2',NULL,NULL,NULL,'2021-12-16 10:34:37','delete'),(4015,'','','','Skogstorget 1',NULL,NULL,NULL,'2021-12-16 10:34:37','delete'),(4016,'','','',NULL,NULL,NULL,NULL,'2021-12-16 11:04:12','insert'),(4017,'','','',NULL,'81628',NULL,NULL,'2021-12-16 11:04:12','insert'),(4018,'','','',NULL,'72423',NULL,NULL,'2021-12-16 11:04:12','insert'),(4019,'','','',NULL,'77885',NULL,NULL,'2021-12-16 11:04:12','insert'),(4020,'','','',NULL,'92040',NULL,NULL,'2021-12-16 11:04:12','insert'),(4021,'','','',NULL,'44998',NULL,NULL,'2021-12-16 11:04:12','insert'),(4022,'','','',NULL,'13551',NULL,NULL,'2021-12-16 11:04:13','insert'),(4023,'','','',NULL,'45639',NULL,NULL,'2021-12-16 11:04:13','insert'),(4024,'','','',NULL,'94985',NULL,NULL,'2021-12-16 11:04:13','insert'),(4025,'','','',NULL,'50612',NULL,NULL,'2021-12-16 11:04:13','insert'),(4026,'','','',NULL,'23500',NULL,NULL,'2021-12-16 11:04:13','insert'),(4027,'','','',NULL,NULL,NULL,NULL,'2021-12-16 11:04:56','delete'),(4028,'','','','Villagränd 417',NULL,NULL,NULL,'2021-12-16 11:04:56','delete'),(4029,'','','','Trädgårdsvägen 314',NULL,NULL,NULL,'2021-12-16 11:04:56','delete'),(4030,'','','','Stationsgatan 227',NULL,NULL,NULL,'2021-12-16 11:04:56','delete'),(4031,'','','','Kyrkgatan 19',NULL,NULL,NULL,'2021-12-16 11:04:56','delete'),(4032,'','','','Fabrikstorget 3',NULL,NULL,NULL,'2021-12-16 11:04:56','delete'),(4033,'','','','Nyvägen 9',NULL,NULL,NULL,'2021-12-16 11:04:56','delete'),(4034,'','','','Skolstigen 150',NULL,NULL,NULL,'2021-12-16 11:04:56','delete'),(4035,'','','','Åkergränd 3',NULL,NULL,NULL,'2021-12-16 11:04:56','delete'),(4036,'','','','Stationsvägen 3',NULL,NULL,NULL,'2021-12-16 11:04:56','delete'),(4037,'','','','Skolgatan 54',NULL,NULL,NULL,'2021-12-16 11:04:56','delete'),(4038,'','','',NULL,'15187',NULL,NULL,'2021-12-16 11:36:08','insert'),(4039,'','','','Strandgatan 948',NULL,NULL,NULL,'2021-12-16 11:36:08','delete'),(4040,'','','',NULL,'28230',NULL,NULL,'2021-12-16 11:36:08','insert'),(4041,'','','','Genvägen 44','28230',NULL,NULL,'2021-12-16 11:36:08','update'),(4042,'','','','Genvägen 44',NULL,NULL,NULL,'2021-12-16 11:36:08','delete'),(4043,'','','',NULL,NULL,NULL,NULL,'2021-12-16 11:36:08','insert'),(4044,'','','',NULL,'37673',NULL,NULL,'2021-12-16 11:36:08','insert'),(4045,'','','',NULL,'66276',NULL,NULL,'2021-12-16 11:36:08','insert'),(4046,'','','',NULL,'83409',NULL,NULL,'2021-12-16 11:36:08','insert'),(4047,'','','',NULL,'80227',NULL,NULL,'2021-12-16 11:36:08','insert'),(4048,'','','',NULL,'62011',NULL,NULL,'2021-12-16 11:36:08','insert'),(4049,'','','',NULL,'59136',NULL,NULL,'2021-12-16 11:36:08','insert'),(4050,'','','',NULL,'48773',NULL,NULL,'2021-12-16 11:36:08','insert'),(4051,'','','',NULL,'14019',NULL,NULL,'2021-12-16 11:36:08','insert'),(4052,'','','',NULL,'53587',NULL,NULL,'2021-12-16 11:36:08','insert'),(4053,'','','',NULL,'61424',NULL,NULL,'2021-12-16 11:36:08','insert'),(4054,'','','',NULL,'26692',NULL,NULL,'2021-12-16 11:36:08','insert'),(4055,'','','',NULL,'90893',NULL,NULL,'2021-12-16 11:36:08','insert'),(4056,'','','',NULL,'92614',NULL,NULL,'2021-12-16 11:36:08','insert'),(4057,'','','',NULL,'39671',NULL,NULL,'2021-12-16 11:36:08','insert'),(4058,'','','',NULL,'75636',NULL,NULL,'2021-12-16 11:36:08','insert'),(4059,'','','',NULL,'85943',NULL,NULL,'2021-12-16 11:36:08','insert'),(4060,'','','',NULL,'46403',NULL,NULL,'2021-12-16 11:36:08','insert'),(4061,'','','',NULL,'17501',NULL,NULL,'2021-12-16 11:36:08','insert'),(4062,'','','',NULL,'20862',NULL,NULL,'2021-12-16 11:36:08','insert'),(4063,'','','',NULL,'60486',NULL,NULL,'2021-12-16 11:36:08','insert'),(4064,'','','',NULL,'18882',NULL,NULL,'2021-12-16 11:36:08','insert'),(4065,'','','',NULL,'27802',NULL,NULL,'2021-12-16 11:36:08','insert'),(4066,'','','',NULL,'97735',NULL,NULL,'2021-12-16 11:36:08','insert'),(4067,'','','',NULL,'50689',NULL,NULL,'2021-12-16 11:36:08','insert'),(4068,'','','',NULL,'67808',NULL,NULL,'2021-12-16 11:36:08','insert'),(4069,'','','',NULL,'31482',NULL,NULL,'2021-12-16 11:36:08','insert'),(4070,'','','',NULL,'11064',NULL,NULL,'2021-12-16 11:36:08','insert'),(4071,'','','',NULL,'30275',NULL,NULL,'2021-12-16 11:36:08','insert'),(4072,'','','',NULL,'77294',NULL,NULL,'2021-12-16 11:36:08','insert'),(4073,'','','',NULL,'29620',NULL,NULL,'2021-12-16 11:36:08','insert'),(4074,'','','',NULL,'58332',NULL,NULL,'2021-12-16 11:36:08','insert'),(4075,'','','',NULL,'95611',NULL,NULL,'2021-12-16 11:36:08','insert'),(4076,'','','',NULL,'74960',NULL,NULL,'2021-12-16 11:36:08','insert'),(4077,'','','',NULL,'95550',NULL,NULL,'2021-12-16 11:36:08','insert'),(4078,'','','',NULL,'42044',NULL,NULL,'2021-12-16 11:36:08','insert'),(4079,'','','',NULL,'62880',NULL,NULL,'2021-12-16 11:36:08','insert'),(4080,'','','',NULL,'90000',NULL,NULL,'2021-12-16 11:36:08','insert'),(4081,'','','',NULL,'99282',NULL,NULL,'2021-12-16 11:36:08','insert'),(4082,'','','',NULL,'26462',NULL,NULL,'2021-12-16 11:36:08','insert'),(4083,'','','',NULL,'41606',NULL,NULL,'2021-12-16 11:36:08','insert'),(4084,'','','',NULL,'19551',NULL,NULL,'2021-12-16 11:36:08','insert'),(4085,'','','',NULL,'62249',NULL,NULL,'2021-12-16 11:36:08','insert'),(4086,'','','',NULL,'44482',NULL,NULL,'2021-12-16 11:36:08','insert'),(4087,'','','',NULL,'52905',NULL,NULL,'2021-12-16 11:36:08','insert'),(4088,'','','',NULL,'15957',NULL,NULL,'2021-12-16 11:36:08','insert'),(4089,'','','',NULL,'36441',NULL,NULL,'2021-12-16 11:36:08','insert'),(4090,'','','',NULL,'35134',NULL,NULL,'2021-12-16 11:36:08','insert'),(4091,'','','',NULL,'15172',NULL,NULL,'2021-12-16 11:36:08','insert'),(4092,'','','',NULL,'79455',NULL,NULL,'2021-12-16 11:36:08','insert'),(4093,'','','',NULL,'37776',NULL,NULL,'2021-12-16 11:36:08','insert'),(4094,'','','',NULL,NULL,NULL,NULL,'2021-12-16 11:36:09','delete'),(4095,'','','','Bäckstigen 6',NULL,NULL,NULL,'2021-12-16 11:36:09','delete'),(4096,'','','','Parkgatan 1',NULL,NULL,NULL,'2021-12-16 11:36:09','delete'),(4097,'','','','Grangatan 748',NULL,NULL,NULL,'2021-12-16 11:36:09','delete'),(4098,'','','','Villagatan 33',NULL,NULL,NULL,'2021-12-16 11:36:09','delete'),(4099,'','','','Ringgränd 63',NULL,NULL,NULL,'2021-12-16 11:36:09','delete'),(4100,'','','','Villagatan 18',NULL,NULL,NULL,'2021-12-16 11:36:09','delete'),(4101,'','','','Skogsstigen 56',NULL,NULL,NULL,'2021-12-16 11:36:09','delete'),(4102,'','','','Bäckvägen 835',NULL,NULL,NULL,'2021-12-16 11:36:09','delete'),(4103,'','','','Backvägen 4',NULL,NULL,NULL,'2021-12-16 11:36:09','delete'),(4104,'','','','Ängsgränd 51',NULL,NULL,NULL,'2021-12-16 11:36:09','delete'),(4105,'','','','Skoltorget 729',NULL,NULL,NULL,'2021-12-16 11:36:09','delete'),(4106,'','','','Storgränd 5',NULL,NULL,NULL,'2021-12-16 11:36:09','delete'),(4107,'','','','Industristigen 315',NULL,NULL,NULL,'2021-12-16 11:36:09','delete'),(4108,'','','','Storvägen 46',NULL,NULL,NULL,'2021-12-16 11:36:09','delete'),(4109,'','','','Idrottsvägen 383',NULL,NULL,NULL,'2021-12-16 11:36:09','delete'),(4110,'','','','Kvarnvägen 19',NULL,NULL,NULL,'2021-12-16 11:36:09','delete'),(4111,'','','','Idrottstorget 97',NULL,NULL,NULL,'2021-12-16 11:36:09','delete'),(4112,'','','','Asptorget 255',NULL,NULL,NULL,'2021-12-16 11:36:09','delete'),(4113,'','','','Backgatan 173',NULL,NULL,NULL,'2021-12-16 11:36:09','delete'),(4114,'','','','Kyrkvägen 65',NULL,NULL,NULL,'2021-12-16 11:36:09','delete'),(4115,'','','','Kyrkogatan 6',NULL,NULL,NULL,'2021-12-16 11:36:09','delete'),(4116,'','','','Backtorget 2',NULL,NULL,NULL,'2021-12-16 11:36:09','delete'),(4117,'','','','Parktorget 216',NULL,NULL,NULL,'2021-12-16 11:36:09','delete'),(4118,'','','','Backtorget 41',NULL,NULL,NULL,'2021-12-16 11:36:09','delete'),(4119,'','','','Kvarnstigen 40',NULL,NULL,NULL,'2021-12-16 11:36:09','delete'),(4120,'','','','Björkgatan 0',NULL,NULL,NULL,'2021-12-16 11:36:09','delete'),(4121,'','','','Parkvägen 95',NULL,NULL,NULL,'2021-12-16 11:36:09','delete'),(4122,'','','','Nystigen 6',NULL,NULL,NULL,'2021-12-16 11:36:09','delete'),(4123,'','','','Storvägen 885',NULL,NULL,NULL,'2021-12-16 11:36:09','delete'),(4124,'','','','Järnvägsvägen 57',NULL,NULL,NULL,'2021-12-16 11:36:09','delete'),(4125,'','','','Parkstigen 8',NULL,NULL,NULL,'2021-12-16 11:36:09','delete'),(4126,'','','','Järnvägsgränd 6',NULL,NULL,NULL,'2021-12-16 11:36:09','delete'),(4127,'','','','Fabriksgatan 9',NULL,NULL,NULL,'2021-12-16 11:36:09','delete'),(4128,'','','','Industristigen 51',NULL,NULL,NULL,'2021-12-16 11:36:09','delete'),(4129,'','','','Villagatan 354',NULL,NULL,NULL,'2021-12-16 11:36:09','delete'),(4130,'','','','Kvarnvägen 10',NULL,NULL,NULL,'2021-12-16 11:36:09','delete'),(4131,'','','','Gentorget 732',NULL,NULL,NULL,'2021-12-16 11:36:09','delete'),(4132,'','','','Villavägen 33',NULL,NULL,NULL,'2021-12-16 11:36:09','delete'),(4133,'','','','Idrottsvägen 74',NULL,NULL,NULL,'2021-12-16 11:36:09','delete'),(4134,'','','','Villagränd 7',NULL,NULL,NULL,'2021-12-16 11:36:09','delete'),(4135,'','','','Parkvägen 653',NULL,NULL,NULL,'2021-12-16 11:36:09','delete'),(4136,'','','','Furutorget 4',NULL,NULL,NULL,'2021-12-16 11:36:09','delete'),(4137,'','','','Parkstigen 4',NULL,NULL,NULL,'2021-12-16 11:36:09','delete'),(4138,'','','','Genvägen 55',NULL,NULL,NULL,'2021-12-16 11:36:09','delete'),(4139,'','','','Gengatan 69',NULL,NULL,NULL,'2021-12-16 11:36:09','delete'),(4140,'','','','Ringgränd 9',NULL,NULL,NULL,'2021-12-16 11:36:09','delete'),(4141,'','','','Grangränd 23',NULL,NULL,NULL,'2021-12-16 11:36:09','delete'),(4142,'','','','Stationsstigen 839',NULL,NULL,NULL,'2021-12-16 11:36:09','delete'),(4143,'','','','Fabriksvägen 1',NULL,NULL,NULL,'2021-12-16 11:36:09','delete'),(4144,'','','','Nygatan 981',NULL,NULL,NULL,'2021-12-16 11:36:09','delete'),(4145,'','','',NULL,NULL,NULL,NULL,'2021-12-16 11:36:10','insert'),(4146,'','','',NULL,'73047',NULL,NULL,'2021-12-16 11:36:10','insert'),(4147,'','','',NULL,'69621',NULL,NULL,'2021-12-16 11:36:10','insert'),(4148,'','','',NULL,'49232',NULL,NULL,'2021-12-16 11:36:10','insert'),(4149,'','','',NULL,'67386',NULL,NULL,'2021-12-16 11:36:10','insert'),(4150,'','','',NULL,'64831',NULL,NULL,'2021-12-16 11:36:10','insert'),(4151,'','','',NULL,'55057',NULL,NULL,'2021-12-16 11:36:10','insert'),(4152,'','','',NULL,'57549',NULL,NULL,'2021-12-16 11:36:10','insert'),(4153,'','','',NULL,'97087',NULL,NULL,'2021-12-16 11:36:10','insert'),(4154,'','','',NULL,'83399',NULL,NULL,'2021-12-16 11:36:10','insert'),(4155,'','','',NULL,'43944',NULL,NULL,'2021-12-16 11:36:10','insert'),(4156,'','','',NULL,'66304',NULL,NULL,'2021-12-16 11:36:10','insert'),(4157,'','','',NULL,'67270',NULL,NULL,'2021-12-16 11:36:10','insert'),(4158,'','','',NULL,'48596',NULL,NULL,'2021-12-16 11:36:10','insert'),(4159,'','','',NULL,'22431',NULL,NULL,'2021-12-16 11:36:10','insert'),(4160,'','','',NULL,'64374',NULL,NULL,'2021-12-16 11:36:10','insert'),(4161,'','','',NULL,'57525',NULL,NULL,'2021-12-16 11:36:10','insert'),(4162,'','','',NULL,'14058',NULL,NULL,'2021-12-16 11:36:10','insert'),(4163,'','','',NULL,'46583',NULL,NULL,'2021-12-16 11:36:10','insert'),(4164,'','','',NULL,'87358',NULL,NULL,'2021-12-16 11:36:10','insert'),(4165,'','','',NULL,'40694',NULL,NULL,'2021-12-16 11:36:10','insert'),(4166,'','','',NULL,'72856',NULL,NULL,'2021-12-16 11:36:10','insert'),(4167,'','','',NULL,'28090',NULL,NULL,'2021-12-16 11:36:10','insert'),(4168,'','','',NULL,'90987',NULL,NULL,'2021-12-16 11:36:10','insert'),(4169,'','','',NULL,'12390',NULL,NULL,'2021-12-16 11:36:10','insert'),(4170,'','','',NULL,'28996',NULL,NULL,'2021-12-16 11:36:10','insert'),(4171,'','','',NULL,'51908',NULL,NULL,'2021-12-16 11:36:10','insert'),(4172,'','','',NULL,'22794',NULL,NULL,'2021-12-16 11:36:10','insert'),(4173,'','','',NULL,'40577',NULL,NULL,'2021-12-16 11:36:10','insert'),(4174,'','','',NULL,'95743',NULL,NULL,'2021-12-16 11:36:10','insert'),(4175,'','','',NULL,'57410',NULL,NULL,'2021-12-16 11:36:10','insert'),(4176,'','','',NULL,'86550',NULL,NULL,'2021-12-16 11:36:10','insert'),(4177,'','','',NULL,'21950',NULL,NULL,'2021-12-16 11:36:10','insert'),(4178,'','','',NULL,'29459',NULL,NULL,'2021-12-16 11:36:10','insert'),(4179,'','','',NULL,'13766',NULL,NULL,'2021-12-16 11:36:10','insert'),(4180,'','','',NULL,'44074',NULL,NULL,'2021-12-16 11:36:10','insert'),(4181,'','','',NULL,'20425',NULL,NULL,'2021-12-16 11:36:10','insert'),(4182,'','','',NULL,'16150',NULL,NULL,'2021-12-16 11:36:10','insert'),(4183,'','','',NULL,'93390',NULL,NULL,'2021-12-16 11:36:10','insert'),(4184,'','','',NULL,'95598',NULL,NULL,'2021-12-16 11:36:10','insert'),(4185,'','','',NULL,'96884',NULL,NULL,'2021-12-16 11:36:10','insert'),(4186,'','','',NULL,'21272',NULL,NULL,'2021-12-16 11:36:10','insert'),(4187,'','','',NULL,'54782',NULL,NULL,'2021-12-16 11:36:10','insert'),(4188,'','','',NULL,'74438',NULL,NULL,'2021-12-16 11:36:10','insert'),(4189,'','','',NULL,'65375',NULL,NULL,'2021-12-16 11:36:10','insert'),(4190,'','','',NULL,'52208',NULL,NULL,'2021-12-16 11:36:10','insert'),(4191,'','','',NULL,'98982',NULL,NULL,'2021-12-16 11:36:10','insert'),(4192,'','','',NULL,'23865',NULL,NULL,'2021-12-16 11:36:10','insert'),(4193,'','','',NULL,'14397',NULL,NULL,'2021-12-16 11:36:10','insert'),(4194,'','','',NULL,'49229',NULL,NULL,'2021-12-16 11:36:10','insert'),(4195,'','','',NULL,'58278',NULL,NULL,'2021-12-16 11:36:10','insert'),(4196,'','','',NULL,NULL,NULL,NULL,'2021-12-16 11:36:12','delete'),(4197,'','','','Fabriksvägen 4',NULL,NULL,NULL,'2021-12-16 11:36:12','delete'),(4198,'','','','Trädgårdsvägen 7',NULL,NULL,NULL,'2021-12-16 11:36:12','delete'),(4199,'','','','Grangränd 54',NULL,NULL,NULL,'2021-12-16 11:36:12','delete'),(4200,'','','','Stationsstigen 5',NULL,NULL,NULL,'2021-12-16 11:36:12','delete'),(4201,'','','','Björktorget 3',NULL,NULL,NULL,'2021-12-16 11:36:12','delete'),(4202,'','','','Ekgatan 4',NULL,NULL,NULL,'2021-12-16 11:36:12','delete'),(4203,'','','','Industrigatan 936',NULL,NULL,NULL,'2021-12-16 11:36:12','delete'),(4204,'','','','Grangatan 34',NULL,NULL,NULL,'2021-12-16 11:36:12','delete'),(4205,'','','','Trädgårdsvägen 8',NULL,NULL,NULL,'2021-12-16 11:36:12','delete'),(4206,'','','','Aspgränd 3',NULL,NULL,NULL,'2021-12-16 11:36:12','delete'),(4207,'','','','Gengatan 25',NULL,NULL,NULL,'2021-12-16 11:36:12','delete'),(4208,'','','','Kyrkovägen 78',NULL,NULL,NULL,'2021-12-16 11:36:12','delete'),(4209,'','','','Ekvägen 8',NULL,NULL,NULL,'2021-12-16 11:36:12','delete'),(4210,'','','','Backvägen 962',NULL,NULL,NULL,'2021-12-16 11:36:12','delete'),(4211,'','','','Idrottstorget 3',NULL,NULL,NULL,'2021-12-16 11:36:12','delete'),(4212,'','','','Skogsgatan 1',NULL,NULL,NULL,'2021-12-16 11:36:12','delete'),(4213,'','','','Skoltorget 46',NULL,NULL,NULL,'2021-12-16 11:36:12','delete'),(4214,'','','','Aspstigen 274',NULL,NULL,NULL,'2021-12-16 11:36:12','delete'),(4215,'','','','Aspgatan 1',NULL,NULL,NULL,'2021-12-16 11:36:12','delete'),(4216,'','','','Industritorget 23',NULL,NULL,NULL,'2021-12-16 11:36:12','delete'),(4217,'','','','Stationsstigen 6',NULL,NULL,NULL,'2021-12-16 11:36:12','delete'),(4218,'','','','Villatorget 8',NULL,NULL,NULL,'2021-12-16 11:36:12','delete'),(4219,'','','','Granstigen 1',NULL,NULL,NULL,'2021-12-16 11:36:12','delete'),(4220,'','','','Nystigen 682',NULL,NULL,NULL,'2021-12-16 11:36:12','delete'),(4221,'','','','Storgatan 49',NULL,NULL,NULL,'2021-12-16 11:36:12','delete'),(4222,'','','','Aspvägen 92',NULL,NULL,NULL,'2021-12-16 11:36:12','delete'),(4223,'','','','Storvägen 66',NULL,NULL,NULL,'2021-12-16 11:36:12','delete'),(4224,'','','','Idrottsvägen 0',NULL,NULL,NULL,'2021-12-16 11:36:12','delete'),(4225,'','','','Åkervägen 27',NULL,NULL,NULL,'2021-12-16 11:36:12','delete'),(4226,'','','','Nystigen 312',NULL,NULL,NULL,'2021-12-16 11:36:12','delete'),(4227,'','','','Storgränd 77',NULL,NULL,NULL,'2021-12-16 11:36:12','delete'),(4228,'','','','Ängstorget 352',NULL,NULL,NULL,'2021-12-16 11:36:12','delete'),(4229,'','','','Ringgränd 1',NULL,NULL,NULL,'2021-12-16 11:36:12','delete'),(4230,'','','','Trädgårdstorget 202',NULL,NULL,NULL,'2021-12-16 11:36:12','delete'),(4231,'','','','Idrottsvägen 48',NULL,NULL,NULL,'2021-12-16 11:36:12','delete'),(4232,'','','','Järnvägsgatan 913',NULL,NULL,NULL,'2021-12-16 11:36:12','delete'),(4233,'','','','Ringvägen 24',NULL,NULL,NULL,'2021-12-16 11:36:12','delete'),(4234,'','','','Gengränd 821',NULL,NULL,NULL,'2021-12-16 11:36:12','delete'),(4235,'','','','Björktorget 89',NULL,NULL,NULL,'2021-12-16 11:36:12','delete'),(4236,'','','','Backtorget 7',NULL,NULL,NULL,'2021-12-16 11:36:12','delete'),(4237,'','','','Gengatan 549',NULL,NULL,NULL,'2021-12-16 11:36:12','delete'),(4238,'','','','Furustigen 7',NULL,NULL,NULL,'2021-12-16 11:36:12','delete'),(4239,'','','','Strandgatan 207',NULL,NULL,NULL,'2021-12-16 11:36:12','delete'),(4240,'','','','Backgatan 98',NULL,NULL,NULL,'2021-12-16 11:36:12','delete'),(4241,'','','','Åkergränd 866',NULL,NULL,NULL,'2021-12-16 11:36:12','delete'),(4242,'','','','Ringtorget 33',NULL,NULL,NULL,'2021-12-16 11:36:12','delete'),(4243,'','','','Strandgatan 1',NULL,NULL,NULL,'2021-12-16 11:36:12','delete'),(4244,'','','','Skolgränd 780',NULL,NULL,NULL,'2021-12-16 11:36:12','delete'),(4245,'','','','Kyrkvägen 5',NULL,NULL,NULL,'2021-12-16 11:36:12','delete'),(4246,'','','','Ängsstigen 22',NULL,NULL,NULL,'2021-12-16 11:36:12','delete'),(4247,'','','',NULL,NULL,NULL,NULL,'2021-12-16 11:36:32','insert'),(4248,'','','',NULL,'36573',NULL,NULL,'2021-12-16 11:36:32','insert'),(4249,'','','',NULL,'65463',NULL,NULL,'2021-12-16 11:36:32','insert'),(4250,'','','',NULL,'32312',NULL,NULL,'2021-12-16 11:36:32','insert'),(4251,'','','',NULL,NULL,NULL,NULL,'2021-12-16 11:36:32','delete'),(4252,'','','','Parkvägen 0',NULL,NULL,NULL,'2021-12-16 11:36:32','delete'),(4253,'','','','Nytorget 51',NULL,NULL,NULL,'2021-12-16 11:36:32','delete'),(4254,'','','','Skogsgatan 4',NULL,NULL,NULL,'2021-12-16 11:36:32','delete'),(4255,'','','',NULL,NULL,NULL,NULL,'2021-12-16 11:36:32','insert'),(4256,'','','',NULL,NULL,NULL,NULL,'2021-12-16 11:36:32','delete'),(4257,'','','',NULL,NULL,NULL,NULL,'2021-12-16 11:36:32','insert'),(4258,'','','',NULL,'75754',NULL,NULL,'2021-12-16 11:36:32','insert'),(4259,'','','',NULL,'23696',NULL,NULL,'2021-12-16 11:36:32','insert'),(4260,'','','',NULL,'54345',NULL,NULL,'2021-12-16 11:36:32','insert'),(4261,'','','',NULL,NULL,NULL,NULL,'2021-12-16 11:36:32','delete'),(4262,'','','','Stationsgatan 4',NULL,NULL,NULL,'2021-12-16 11:36:32','delete'),(4263,'','','','Industritorget 8',NULL,NULL,NULL,'2021-12-16 11:36:32','delete'),(4264,'','','','Strandgränd 9',NULL,NULL,NULL,'2021-12-16 11:36:32','delete'),(4265,'','','',NULL,NULL,NULL,NULL,'2021-12-16 11:36:32','insert'),(4266,'','','',NULL,'80199',NULL,NULL,'2021-12-16 11:36:32','insert'),(4267,'','','',NULL,'57736',NULL,NULL,'2021-12-16 11:36:32','insert'),(4268,'','','',NULL,'73726',NULL,NULL,'2021-12-16 11:36:32','insert'),(4269,'','','',NULL,NULL,NULL,NULL,'2021-12-16 11:36:32','delete'),(4270,'','','','Grangatan 33',NULL,NULL,NULL,'2021-12-16 11:36:32','delete'),(4271,'','','','Nygatan 6',NULL,NULL,NULL,'2021-12-16 11:36:32','delete'),(4272,'','','','Bäckstigen 19',NULL,NULL,NULL,'2021-12-16 11:36:32','delete'),(4273,'','','',NULL,NULL,NULL,NULL,'2021-12-16 11:36:33','insert'),(4274,'','','',NULL,'31367',NULL,NULL,'2021-12-16 11:36:33','insert'),(4275,'','','',NULL,NULL,NULL,NULL,'2021-12-16 11:36:33','delete'),(4276,'','','','Parkstigen 9',NULL,NULL,NULL,'2021-12-16 11:36:33','delete'),(4277,'','','',NULL,NULL,NULL,NULL,'2021-12-16 11:36:33','insert'),(4278,'','','',NULL,'70126',NULL,NULL,'2021-12-16 11:36:33','insert'),(4279,'','','',NULL,NULL,NULL,NULL,'2021-12-16 11:36:33','delete'),(4280,'','','','Nytorget 4',NULL,NULL,NULL,'2021-12-16 11:36:33','delete'),(4281,'','','',NULL,NULL,NULL,NULL,'2021-12-16 11:36:33','insert'),(4282,'','','',NULL,'67801',NULL,NULL,'2021-12-16 11:36:33','insert'),(4283,'','','',NULL,NULL,NULL,NULL,'2021-12-16 11:36:33','delete'),(4284,'','','','Parkgränd 252',NULL,NULL,NULL,'2021-12-16 11:36:33','delete'),(4285,'','','',NULL,'63132',NULL,NULL,'2021-12-16 11:36:33','insert'),(4286,'','','','Parkstigen 88',NULL,NULL,NULL,'2021-12-16 11:36:33','delete'),(4287,'','','',NULL,'74971',NULL,NULL,'2021-12-16 11:36:36','insert'),(4288,'','','','Grantorget 70',NULL,NULL,NULL,'2021-12-16 11:36:37','delete'),(4289,'','','',NULL,'72356',NULL,NULL,'2021-12-16 11:36:37','insert'),(4290,'','','','Ekgatan 2',NULL,NULL,NULL,'2021-12-16 11:36:37','delete'),(4291,'','','',NULL,'17912',NULL,NULL,'2021-12-16 11:36:37','insert'),(4292,'','','','Järnvägsgatan 9',NULL,NULL,NULL,'2021-12-16 11:36:37','delete'),(4293,'','','',NULL,'40244',NULL,NULL,'2021-12-16 11:36:37','insert'),(4294,'','','','Kvarnvägen 8',NULL,NULL,NULL,'2021-12-16 11:36:37','delete'),(4295,'','','',NULL,'25914',NULL,NULL,'2021-12-16 11:36:54','insert'),(4296,'','','','Aspvägen 353',NULL,NULL,NULL,'2021-12-16 11:36:54','delete'),(4297,'','','',NULL,'88330',NULL,NULL,'2021-12-16 11:36:54','insert'),(4298,'','','','Skogsgatan 4',NULL,NULL,NULL,'2021-12-16 11:36:54','delete'),(4299,'','','',NULL,NULL,NULL,NULL,'2021-12-16 11:37:39','insert'),(4300,'','','',NULL,'86972',NULL,NULL,'2021-12-16 11:37:39','insert'),(4301,'','','',NULL,'85720',NULL,NULL,'2021-12-16 11:37:39','insert'),(4302,'','','',NULL,'48657',NULL,NULL,'2021-12-16 11:37:39','insert'),(4303,'','','',NULL,'43513',NULL,NULL,'2021-12-16 11:37:39','insert'),(4304,'','','',NULL,'97324',NULL,NULL,'2021-12-16 11:37:39','insert'),(4305,'','','',NULL,'69264',NULL,NULL,'2021-12-16 11:37:39','insert'),(4306,'','','',NULL,'44942',NULL,NULL,'2021-12-16 11:37:39','insert'),(4307,'','','',NULL,'42800',NULL,NULL,'2021-12-16 11:37:39','insert'),(4308,'','','',NULL,'76740',NULL,NULL,'2021-12-16 11:37:39','insert'),(4309,'','','',NULL,'34393',NULL,NULL,'2021-12-16 11:37:39','insert'),(4310,'','','',NULL,NULL,NULL,NULL,'2021-12-16 11:38:24','delete'),(4311,'','','','Aspstigen 3',NULL,NULL,NULL,'2021-12-16 11:38:24','delete'),(4312,'','','','Parkgatan 77',NULL,NULL,NULL,'2021-12-16 11:38:24','delete'),(4313,'','','','Villatorget 7',NULL,NULL,NULL,'2021-12-16 11:38:24','delete'),(4314,'','','','Furustigen 96',NULL,NULL,NULL,'2021-12-16 11:38:24','delete'),(4315,'','','','Skogstorget 801',NULL,NULL,NULL,'2021-12-16 11:38:24','delete'),(4316,'','','','Aspvägen 29',NULL,NULL,NULL,'2021-12-16 11:38:24','delete'),(4317,'','','','Nygatan 59',NULL,NULL,NULL,'2021-12-16 11:38:24','delete'),(4318,'','','','Storstigen 30',NULL,NULL,NULL,'2021-12-16 11:38:24','delete'),(4319,'','','','Åkertorget 143',NULL,NULL,NULL,'2021-12-16 11:38:24','delete'),(4320,'','','','Backgatan 510',NULL,NULL,NULL,'2021-12-16 11:38:24','delete'),(4321,'','','',NULL,NULL,NULL,NULL,'2021-12-16 11:57:01','insert'),(4322,'','','',NULL,'36371',NULL,NULL,'2021-12-16 11:57:01','insert'),(4323,'','','',NULL,'99047',NULL,NULL,'2021-12-16 11:57:01','insert'),(4324,'','','',NULL,'70782',NULL,NULL,'2021-12-16 11:57:01','insert'),(4325,'','','',NULL,'43362',NULL,NULL,'2021-12-16 11:57:01','insert'),(4326,'','','',NULL,'94906',NULL,NULL,'2021-12-16 11:57:01','insert'),(4327,'','','',NULL,'81465',NULL,NULL,'2021-12-16 11:57:01','insert'),(4328,'','','',NULL,'73747',NULL,NULL,'2021-12-16 11:57:01','insert'),(4329,'','','',NULL,'84633',NULL,NULL,'2021-12-16 11:57:01','insert'),(4330,'','','',NULL,'74618',NULL,NULL,'2021-12-16 11:57:01','insert'),(4331,'','','',NULL,'40554',NULL,NULL,'2021-12-16 11:57:01','insert'),(4332,'','','',NULL,NULL,NULL,NULL,'2021-12-16 12:13:27','delete'),(4333,'','','','Åkervägen 29',NULL,NULL,NULL,'2021-12-16 12:13:27','delete'),(4334,'','','','Stationsgränd 900',NULL,NULL,NULL,'2021-12-16 12:13:27','delete'),(4335,'','','','Trädgårdsgatan 97',NULL,NULL,NULL,'2021-12-16 12:13:27','delete'),(4336,'','','','Villatorget 57',NULL,NULL,NULL,'2021-12-16 12:13:27','delete'),(4337,'','','','Kyrkgatan 176',NULL,NULL,NULL,'2021-12-16 12:13:27','delete'),(4338,'','','','Järnvägsgränd 89',NULL,NULL,NULL,'2021-12-16 12:13:27','delete'),(4339,'','','','Parkgränd 891',NULL,NULL,NULL,'2021-12-16 12:13:27','delete'),(4340,'','','','Kyrkgränd 7',NULL,NULL,NULL,'2021-12-16 12:13:27','delete'),(4341,'','','','Strandgränd 89',NULL,NULL,NULL,'2021-12-16 12:13:27','delete'),(4342,'','','','Skolvägen 852',NULL,NULL,NULL,'2021-12-16 12:13:27','delete'),(4343,'','','',NULL,NULL,NULL,NULL,'2021-12-17 03:28:11','insert'),(4344,'','','',NULL,'80051',NULL,NULL,'2021-12-17 03:28:11','insert'),(4345,'','','',NULL,'48463',NULL,NULL,'2021-12-17 03:28:11','insert'),(4346,'','','',NULL,'65799',NULL,NULL,'2021-12-17 03:28:11','insert'),(4347,'','','',NULL,'26808',NULL,NULL,'2021-12-17 03:28:11','insert'),(4348,'','','',NULL,'39945',NULL,NULL,'2021-12-17 03:28:11','insert'),(4349,'','','',NULL,'77032',NULL,NULL,'2021-12-17 03:28:11','insert'),(4350,'','','',NULL,'63590',NULL,NULL,'2021-12-17 03:28:11','insert'),(4351,'','','',NULL,'56095',NULL,NULL,'2021-12-17 03:28:11','insert'),(4352,'','','',NULL,'70192',NULL,NULL,'2021-12-17 03:28:11','insert'),(4353,'','','',NULL,'65085',NULL,NULL,'2021-12-17 03:28:11','insert'),(4354,'','','',NULL,NULL,NULL,NULL,'2021-12-17 03:29:01','delete'),(4355,'','','','Skogsvägen 7',NULL,NULL,NULL,'2021-12-17 03:29:01','delete'),(4356,'','','','Skolstigen 652',NULL,NULL,NULL,'2021-12-17 03:29:01','delete'),(4357,'','','','Bäcktorget 4',NULL,NULL,NULL,'2021-12-17 03:29:01','delete'),(4358,'','','','Fabriksgatan 6',NULL,NULL,NULL,'2021-12-17 03:29:01','delete'),(4359,'','','','Parkgatan 6',NULL,NULL,NULL,'2021-12-17 03:29:01','delete'),(4360,'','','','Parkgatan 380',NULL,NULL,NULL,'2021-12-17 03:29:01','delete'),(4361,'','','','Åkergatan 48',NULL,NULL,NULL,'2021-12-17 03:29:01','delete'),(4362,'','','','Furutorget 35',NULL,NULL,NULL,'2021-12-17 03:29:01','delete'),(4363,'','','','Kvarnvägen 91',NULL,NULL,NULL,'2021-12-17 03:29:01','delete'),(4364,'','','','Björkgränd 604',NULL,NULL,NULL,'2021-12-17 03:29:01','delete'),(4365,'','','',NULL,NULL,NULL,NULL,'2021-12-17 03:29:09','insert'),(4366,'','','',NULL,'99084',NULL,NULL,'2021-12-17 03:29:09','insert'),(4367,'','','',NULL,'75011',NULL,NULL,'2021-12-17 03:29:09','insert'),(4368,'','','',NULL,'23174',NULL,NULL,'2021-12-17 03:29:09','insert'),(4369,'','','',NULL,'45317',NULL,NULL,'2021-12-17 03:29:09','insert'),(4370,'','','',NULL,'63443',NULL,NULL,'2021-12-17 03:29:09','insert'),(4371,'','','',NULL,'31944',NULL,NULL,'2021-12-17 03:29:09','insert'),(4372,'','','',NULL,'28973',NULL,NULL,'2021-12-17 03:29:09','insert'),(4373,'','','',NULL,'56540',NULL,NULL,'2021-12-17 03:29:09','insert'),(4374,'','','',NULL,'33804',NULL,NULL,'2021-12-17 03:29:09','insert'),(4375,'','','',NULL,'48420',NULL,NULL,'2021-12-17 03:29:09','insert'),(4376,'','','',NULL,NULL,NULL,NULL,'2021-12-17 03:29:31','delete'),(4377,'','','','Storgatan 6',NULL,NULL,NULL,'2021-12-17 03:29:31','delete'),(4378,'','','','Aspgränd 1',NULL,NULL,NULL,'2021-12-17 03:29:31','delete'),(4379,'','','','Strandstigen 641',NULL,NULL,NULL,'2021-12-17 03:29:31','delete'),(4380,'','','','Ekgatan 6',NULL,NULL,NULL,'2021-12-17 03:29:31','delete'),(4381,'','','','Aspstigen 0',NULL,NULL,NULL,'2021-12-17 03:29:31','delete'),(4382,'','','','Kvarnstigen 22',NULL,NULL,NULL,'2021-12-17 03:29:31','delete'),(4383,'','','','Kyrkostigen 8',NULL,NULL,NULL,'2021-12-17 03:29:31','delete'),(4384,'','','','Strandvägen 120',NULL,NULL,NULL,'2021-12-17 03:29:31','delete'),(4385,'','','','Kyrkvägen 44',NULL,NULL,NULL,'2021-12-17 03:29:31','delete'),(4386,'','','','Stationsgatan 293',NULL,NULL,NULL,'2021-12-17 03:29:31','delete'),(4387,'','','',NULL,NULL,NULL,NULL,'2021-12-17 03:29:33','insert'),(4388,'','','',NULL,'45593',NULL,NULL,'2021-12-17 03:29:33','insert'),(4389,'','','',NULL,'64759',NULL,NULL,'2021-12-17 03:29:33','insert'),(4390,'','','',NULL,'56269',NULL,NULL,'2021-12-17 03:29:34','insert'),(4391,'','','',NULL,'87342',NULL,NULL,'2021-12-17 03:29:34','insert'),(4392,'','','',NULL,'20788',NULL,NULL,'2021-12-17 03:29:34','insert'),(4393,'','','',NULL,'75679',NULL,NULL,'2021-12-17 03:29:34','insert'),(4394,'','','',NULL,'17419',NULL,NULL,'2021-12-17 03:29:34','insert'),(4395,'','','',NULL,'55247',NULL,NULL,'2021-12-17 03:29:34','insert'),(4396,'','','',NULL,'10455',NULL,NULL,'2021-12-17 03:29:34','insert'),(4397,'','','',NULL,'65084',NULL,NULL,'2021-12-17 03:29:34','insert'),(4398,'','','',NULL,NULL,NULL,NULL,'2021-12-17 03:30:17','delete'),(4399,'','','','Skolgatan 99',NULL,NULL,NULL,'2021-12-17 03:30:17','delete'),(4400,'','','','Industrigatan 66',NULL,NULL,NULL,'2021-12-17 03:30:17','delete'),(4401,'','','','Strandstigen 5',NULL,NULL,NULL,'2021-12-17 03:30:17','delete'),(4402,'','','','Björkgatan 108',NULL,NULL,NULL,'2021-12-17 03:30:17','delete'),(4403,'','','','Bäckgatan 60',NULL,NULL,NULL,'2021-12-17 03:30:17','delete'),(4404,'','','','Skolgränd 47',NULL,NULL,NULL,'2021-12-17 03:30:17','delete'),(4405,'','','','Kyrkogatan 1',NULL,NULL,NULL,'2021-12-17 03:30:17','delete'),(4406,'','','','Ängsstigen 536',NULL,NULL,NULL,'2021-12-17 03:30:17','delete'),(4407,'','','','Ringgatan 4',NULL,NULL,NULL,'2021-12-17 03:30:17','delete'),(4408,'','','','Industritorget 88',NULL,NULL,NULL,'2021-12-17 03:30:17','delete'),(4409,'','','',NULL,NULL,NULL,NULL,'2021-12-17 03:30:20','insert'),(4410,'','','',NULL,'10766',NULL,NULL,'2021-12-17 03:30:20','insert'),(4411,'','','',NULL,'17484',NULL,NULL,'2021-12-17 03:30:20','insert'),(4412,'','','',NULL,'55640',NULL,NULL,'2021-12-17 03:30:21','insert'),(4413,'','','',NULL,'15539',NULL,NULL,'2021-12-17 03:30:21','insert'),(4414,'','','',NULL,'47655',NULL,NULL,'2021-12-17 03:30:21','insert'),(4415,'','','',NULL,'40722',NULL,NULL,'2021-12-17 03:30:21','insert'),(4416,'','','',NULL,'23379',NULL,NULL,'2021-12-17 03:30:21','insert'),(4417,'','','',NULL,'34375',NULL,NULL,'2021-12-17 03:30:21','insert'),(4418,'','','',NULL,'95289',NULL,NULL,'2021-12-17 03:30:21','insert'),(4419,'','','',NULL,'66549',NULL,NULL,'2021-12-17 03:30:21','insert'),(4420,'','','',NULL,NULL,NULL,NULL,'2021-12-17 03:33:03','delete'),(4421,'','','','Villagatan 89',NULL,NULL,NULL,'2021-12-17 03:33:03','delete'),(4422,'','','','Fabriksvägen 404',NULL,NULL,NULL,'2021-12-17 03:33:03','delete'),(4423,'','','','Åkergränd 21',NULL,NULL,NULL,'2021-12-17 03:33:03','delete'),(4424,'','','','Fabriksstigen 405',NULL,NULL,NULL,'2021-12-17 03:33:03','delete'),(4425,'','','','Ringgatan 98',NULL,NULL,NULL,'2021-12-17 03:33:03','delete'),(4426,'','','','Parkstigen 49',NULL,NULL,NULL,'2021-12-17 03:33:03','delete'),(4427,'','','','Stortorget 0',NULL,NULL,NULL,'2021-12-17 03:33:03','delete'),(4428,'','','','Trädgårdstorget 7',NULL,NULL,NULL,'2021-12-17 03:33:03','delete'),(4429,'','','','Björkgatan 754',NULL,NULL,NULL,'2021-12-17 03:33:03','delete'),(4430,'','','','Skoltorget 454',NULL,NULL,NULL,'2021-12-17 03:33:03','delete'),(4431,'','','',NULL,NULL,NULL,NULL,'2021-12-17 03:33:08','insert'),(4432,'','','',NULL,'31994',NULL,NULL,'2021-12-17 03:33:08','insert'),(4433,'','','',NULL,'21374',NULL,NULL,'2021-12-17 03:33:08','insert'),(4434,'','','',NULL,'62979',NULL,NULL,'2021-12-17 03:33:08','insert'),(4435,'','','',NULL,'28840',NULL,NULL,'2021-12-17 03:33:08','insert'),(4436,'','','',NULL,'80422',NULL,NULL,'2021-12-17 03:33:08','insert'),(4437,'','','',NULL,'87543',NULL,NULL,'2021-12-17 03:33:08','insert'),(4438,'','','',NULL,'75305',NULL,NULL,'2021-12-17 03:33:08','insert'),(4439,'','','',NULL,'67217',NULL,NULL,'2021-12-17 03:33:08','insert'),(4440,'','','',NULL,'95100',NULL,NULL,'2021-12-17 03:33:08','insert'),(4441,'','','',NULL,'56254',NULL,NULL,'2021-12-17 03:33:08','insert'),(4442,'','','',NULL,NULL,NULL,NULL,'2021-12-17 03:33:58','delete'),(4443,'','','','Skolvägen 3',NULL,NULL,NULL,'2021-12-17 03:33:58','delete'),(4444,'','','','Stationsgränd 235',NULL,NULL,NULL,'2021-12-17 03:33:58','delete'),(4445,'','','','Skogsgatan 772',NULL,NULL,NULL,'2021-12-17 03:33:58','delete'),(4446,'','','','Skolstigen 27',NULL,NULL,NULL,'2021-12-17 03:33:58','delete'),(4447,'','','','Strandgatan 33',NULL,NULL,NULL,'2021-12-17 03:33:58','delete'),(4448,'','','','Kyrkgatan 13',NULL,NULL,NULL,'2021-12-17 03:33:58','delete'),(4449,'','','','Björkgatan 0',NULL,NULL,NULL,'2021-12-17 03:33:58','delete'),(4450,'','','','Kyrkostigen 383',NULL,NULL,NULL,'2021-12-17 03:33:58','delete'),(4451,'','','','Parkstigen 3',NULL,NULL,NULL,'2021-12-17 03:33:58','delete'),(4452,'','','','Parkgatan 93',NULL,NULL,NULL,'2021-12-17 03:33:58','delete'),(4453,'','','',NULL,NULL,NULL,NULL,'2021-12-17 03:38:28','insert'),(4454,'','','',NULL,'41629',NULL,NULL,'2021-12-17 03:38:28','insert'),(4455,'','','',NULL,'59910',NULL,NULL,'2021-12-17 03:38:28','insert'),(4456,'','','',NULL,'17671',NULL,NULL,'2021-12-17 03:38:28','insert'),(4457,'','','',NULL,'15912',NULL,NULL,'2021-12-17 03:38:28','insert'),(4458,'','','',NULL,'95149',NULL,NULL,'2021-12-17 03:38:28','insert'),(4459,'','','',NULL,'72876',NULL,NULL,'2021-12-17 03:38:28','insert'),(4460,'','','',NULL,'86095',NULL,NULL,'2021-12-17 03:38:28','insert'),(4461,'','','',NULL,'88463',NULL,NULL,'2021-12-17 03:38:28','insert'),(4462,'','','',NULL,'12269',NULL,NULL,'2021-12-17 03:38:28','insert'),(4463,'','','',NULL,'23376',NULL,NULL,'2021-12-17 03:38:28','insert'),(4464,'','','',NULL,'45968',NULL,NULL,'2021-12-17 03:41:37','insert'),(4465,'','','',NULL,'17565',NULL,NULL,'2021-12-17 03:41:37','insert'),(4466,'','','',NULL,'29959',NULL,NULL,'2021-12-17 03:41:37','insert'),(4467,'','','',NULL,'89730',NULL,NULL,'2021-12-17 03:41:37','insert'),(4468,'','','',NULL,'91751',NULL,NULL,'2021-12-17 03:41:37','insert'),(4469,'','','',NULL,'55649',NULL,NULL,'2021-12-17 03:41:37','insert'),(4470,'','','',NULL,'62788',NULL,NULL,'2021-12-17 03:41:37','insert'),(4471,'','','',NULL,'89222',NULL,NULL,'2021-12-17 03:41:37','insert'),(4472,'','','',NULL,'32010',NULL,NULL,'2021-12-17 03:41:37','insert'),(4473,'','','',NULL,'74423',NULL,NULL,'2021-12-17 03:41:37','insert'),(4474,'','','',NULL,NULL,NULL,NULL,'2021-12-17 03:41:55','delete'),(4475,'','','','Gengatan 71',NULL,NULL,NULL,'2021-12-17 03:41:55','delete'),(4476,'','','','Kvarntorget 822',NULL,NULL,NULL,'2021-12-17 03:41:55','delete'),(4477,'','','','Skolstigen 63',NULL,NULL,NULL,'2021-12-17 03:41:55','delete'),(4478,'','','','Kyrktorget 62',NULL,NULL,NULL,'2021-12-17 03:41:55','delete'),(4479,'','','','Villatorget 991',NULL,NULL,NULL,'2021-12-17 03:41:55','delete'),(4480,'','','','Nygränd 875',NULL,NULL,NULL,'2021-12-17 03:41:55','delete'),(4481,'','','','Nygatan 82',NULL,NULL,NULL,'2021-12-17 03:41:55','delete'),(4482,'','','','Strandtorget 62',NULL,NULL,NULL,'2021-12-17 03:41:55','delete'),(4483,'','','','Kyrkstigen 0',NULL,NULL,NULL,'2021-12-17 03:41:55','delete'),(4484,'','','','Industrigatan 219',NULL,NULL,NULL,'2021-12-17 03:41:55','delete'),(4485,'','','','Stationsvägen 0',NULL,NULL,NULL,'2021-12-17 03:41:55','delete'),(4486,'','','','Skogsgränd 8',NULL,NULL,NULL,'2021-12-17 03:41:55','delete'),(4487,'','','','Parkgatan 71',NULL,NULL,NULL,'2021-12-17 03:41:55','delete'),(4488,'','','','Nyvägen 68',NULL,NULL,NULL,'2021-12-17 03:41:55','delete'),(4489,'','','','Industrivägen 4',NULL,NULL,NULL,'2021-12-17 03:41:55','delete'),(4490,'','','','Strandstigen 8',NULL,NULL,NULL,'2021-12-17 03:41:55','delete'),(4491,'','','','Parkstigen 4',NULL,NULL,NULL,'2021-12-17 03:41:55','delete'),(4492,'','','','Industrigatan 12',NULL,NULL,NULL,'2021-12-17 03:41:55','delete'),(4493,'','','','Järnvägsvägen 25',NULL,NULL,NULL,'2021-12-17 03:41:55','delete'),(4494,'','','','Industristigen 9',NULL,NULL,NULL,'2021-12-17 03:41:55','delete'),(4495,'','','',NULL,NULL,NULL,NULL,'2021-12-17 03:42:04','insert'),(4496,'','','',NULL,'31855',NULL,NULL,'2021-12-17 03:42:04','insert'),(4497,'','','',NULL,'37558',NULL,NULL,'2021-12-17 03:42:04','insert'),(4498,'','','',NULL,'12079',NULL,NULL,'2021-12-17 03:42:04','insert'),(4499,'','','',NULL,'75935',NULL,NULL,'2021-12-17 03:42:04','insert'),(4500,'','','',NULL,'86281',NULL,NULL,'2021-12-17 03:42:04','insert'),(4501,'','','',NULL,'68431',NULL,NULL,'2021-12-17 03:42:04','insert'),(4502,'','','',NULL,'90382',NULL,NULL,'2021-12-17 03:42:04','insert'),(4503,'','','',NULL,'82876',NULL,NULL,'2021-12-17 03:42:04','insert'),(4504,'','','',NULL,'84665',NULL,NULL,'2021-12-17 03:42:04','insert'),(4505,'','','',NULL,'27738',NULL,NULL,'2021-12-17 03:42:04','insert'),(4506,'','','',NULL,NULL,NULL,NULL,'2021-12-17 03:43:05','delete'),(4507,'','','','Aspgränd 8',NULL,NULL,NULL,'2021-12-17 03:43:05','delete'),(4508,'','','','Villagatan 455',NULL,NULL,NULL,'2021-12-17 03:43:05','delete'),(4509,'','','','Parkgränd 6',NULL,NULL,NULL,'2021-12-17 03:43:05','delete'),(4510,'','','','Bäckvägen 7',NULL,NULL,NULL,'2021-12-17 03:43:05','delete'),(4511,'','','','Parkstigen 298',NULL,NULL,NULL,'2021-12-17 03:43:05','delete'),(4512,'','','','Idrottsvägen 47',NULL,NULL,NULL,'2021-12-17 03:43:05','delete'),(4513,'','','','Idrottsstigen 254',NULL,NULL,NULL,'2021-12-17 03:43:05','delete'),(4514,'','','','Fabriksgatan 480',NULL,NULL,NULL,'2021-12-17 03:43:05','delete'),(4515,'','','','Bäckgatan 6',NULL,NULL,NULL,'2021-12-17 03:43:05','delete'),(4516,'','','','Ängsvägen 229',NULL,NULL,NULL,'2021-12-17 03:43:05','delete'),(4517,'','','',NULL,NULL,NULL,NULL,'2021-12-17 03:43:13','insert'),(4518,'','','',NULL,'60229',NULL,NULL,'2021-12-17 03:43:13','insert'),(4519,'','','',NULL,'31830',NULL,NULL,'2021-12-17 03:43:13','insert'),(4520,'','','',NULL,'49017',NULL,NULL,'2021-12-17 03:43:13','insert'),(4521,'','','',NULL,'64359',NULL,NULL,'2021-12-17 03:43:13','insert'),(4522,'','','',NULL,'22624',NULL,NULL,'2021-12-17 03:43:13','insert'),(4523,'','','',NULL,'69468',NULL,NULL,'2021-12-17 03:43:13','insert'),(4524,'','','',NULL,'73237',NULL,NULL,'2021-12-17 03:43:13','insert'),(4525,'','','',NULL,'55951',NULL,NULL,'2021-12-17 03:43:13','insert'),(4526,'','','',NULL,'75106',NULL,NULL,'2021-12-17 03:43:13','insert'),(4527,'','','',NULL,'55933',NULL,NULL,'2021-12-17 03:43:13','insert'),(4528,'','','',NULL,NULL,NULL,NULL,'2021-12-17 03:46:48','delete'),(4529,'','','','Furuvägen 19',NULL,NULL,NULL,'2021-12-17 03:46:48','delete'),(4530,'','','','Ringgatan 38',NULL,NULL,NULL,'2021-12-17 03:46:48','delete'),(4531,'','','','Gengränd 50',NULL,NULL,NULL,'2021-12-17 03:46:48','delete'),(4532,'','','','Fabriksgränd 587',NULL,NULL,NULL,'2021-12-17 03:46:48','delete'),(4533,'','','','Ekstigen 410',NULL,NULL,NULL,'2021-12-17 03:46:48','delete'),(4534,'','','','Trädgårdstorget 8',NULL,NULL,NULL,'2021-12-17 03:46:48','delete'),(4535,'','','','Kyrkogatan 9',NULL,NULL,NULL,'2021-12-17 03:46:48','delete'),(4536,'','','','Nygatan 9',NULL,NULL,NULL,'2021-12-17 03:46:48','delete'),(4537,'','','','Idrottsvägen 7',NULL,NULL,NULL,'2021-12-17 03:46:48','delete'),(4538,'','','','Nygränd 468',NULL,NULL,NULL,'2021-12-17 03:46:48','delete'),(4539,'','','',NULL,NULL,NULL,NULL,'2021-12-17 04:16:36','insert'),(4540,'','','',NULL,'45191',NULL,NULL,'2021-12-17 04:16:36','insert'),(4541,'','','',NULL,'30652',NULL,NULL,'2021-12-17 04:16:36','insert'),(4542,'','','',NULL,'29502',NULL,NULL,'2021-12-17 04:16:36','insert'),(4543,'','','',NULL,'11367',NULL,NULL,'2021-12-17 04:16:36','insert'),(4544,'','','',NULL,'97909',NULL,NULL,'2021-12-17 04:16:36','insert'),(4545,'','','',NULL,'75310',NULL,NULL,'2021-12-17 04:16:36','insert'),(4546,'','','',NULL,'61635',NULL,NULL,'2021-12-17 04:16:36','insert'),(4547,'','','',NULL,'12455',NULL,NULL,'2021-12-17 04:16:36','insert'),(4548,'','','',NULL,'46514',NULL,NULL,'2021-12-17 04:16:36','insert'),(4549,'','','',NULL,'97389',NULL,NULL,'2021-12-17 04:16:36','insert'),(4550,'','','',NULL,NULL,NULL,NULL,'2021-12-17 04:20:38','delete'),(4551,'','','','Trädgårdsvägen 61',NULL,NULL,NULL,'2021-12-17 04:20:38','delete'),(4552,'','','','Fabriksgatan 109',NULL,NULL,NULL,'2021-12-17 04:20:38','delete'),(4553,'','','','Ringstigen 818',NULL,NULL,NULL,'2021-12-17 04:20:38','delete'),(4554,'','','','Kyrkostigen 186',NULL,NULL,NULL,'2021-12-17 04:20:38','delete'),(4555,'','','','Nygränd 3',NULL,NULL,NULL,'2021-12-17 04:20:38','delete'),(4556,'','','','Genvägen 5',NULL,NULL,NULL,'2021-12-17 04:20:38','delete'),(4557,'','','','Gengatan 5',NULL,NULL,NULL,'2021-12-17 04:20:38','delete'),(4558,'','','','Stationsvägen 935',NULL,NULL,NULL,'2021-12-17 04:20:38','delete'),(4559,'','','','Skoltorget 99',NULL,NULL,NULL,'2021-12-17 04:20:38','delete'),(4560,'','','','Backtorget 863',NULL,NULL,NULL,'2021-12-17 04:20:38','delete'),(4561,'','','',NULL,NULL,NULL,NULL,'2021-12-17 04:24:58','insert'),(4562,'','','',NULL,'99188',NULL,NULL,'2021-12-17 04:24:58','insert'),(4563,'','','',NULL,'71221',NULL,NULL,'2021-12-17 04:24:58','insert'),(4564,'','','',NULL,'61688',NULL,NULL,'2021-12-17 04:24:58','insert'),(4565,'','','',NULL,'83665',NULL,NULL,'2021-12-17 04:24:58','insert'),(4566,'','','',NULL,'38388',NULL,NULL,'2021-12-17 04:24:58','insert'),(4567,'','','',NULL,'75332',NULL,NULL,'2021-12-17 04:24:58','insert'),(4568,'','','',NULL,'11139',NULL,NULL,'2021-12-17 04:24:58','insert'),(4569,'','','',NULL,'85070',NULL,NULL,'2021-12-17 04:24:58','insert'),(4570,'','','',NULL,'71265',NULL,NULL,'2021-12-17 04:24:58','insert'),(4571,'','','',NULL,'51054',NULL,NULL,'2021-12-17 04:24:58','insert'),(4572,'','','',NULL,NULL,NULL,NULL,'2021-12-17 04:26:07','delete'),(4573,'','','','Villagatan 6',NULL,NULL,NULL,'2021-12-17 04:26:07','delete'),(4574,'','','','Parkstigen 7',NULL,NULL,NULL,'2021-12-17 04:26:07','delete'),(4575,'','','','Backgatan 829',NULL,NULL,NULL,'2021-12-17 04:26:07','delete'),(4576,'','','','Stationsvägen 4',NULL,NULL,NULL,'2021-12-17 04:26:07','delete'),(4577,'','','','Idrottsvägen 63',NULL,NULL,NULL,'2021-12-17 04:26:07','delete'),(4578,'','','','Skolgatan 0',NULL,NULL,NULL,'2021-12-17 04:26:07','delete'),(4579,'','','','Industrigatan 6',NULL,NULL,NULL,'2021-12-17 04:26:07','delete'),(4580,'','','','Åkergränd 2',NULL,NULL,NULL,'2021-12-17 04:26:07','delete'),(4581,'','','','Skogsgatan 56',NULL,NULL,NULL,'2021-12-17 04:26:07','delete'),(4582,'','','','Nygränd 0',NULL,NULL,NULL,'2021-12-17 04:26:07','delete'),(4583,'','','',NULL,NULL,NULL,NULL,'2021-12-17 04:26:16','insert'),(4584,'','','',NULL,'54076',NULL,NULL,'2021-12-17 04:26:16','insert'),(4585,'','','',NULL,'87481',NULL,NULL,'2021-12-17 04:26:16','insert'),(4586,'','','',NULL,'41123',NULL,NULL,'2021-12-17 04:26:16','insert'),(4587,'','','',NULL,'33609',NULL,NULL,'2021-12-17 04:26:16','insert'),(4588,'','','',NULL,'70568',NULL,NULL,'2021-12-17 04:26:16','insert'),(4589,'','','',NULL,'48716',NULL,NULL,'2021-12-17 04:26:16','insert'),(4590,'','','',NULL,'63300',NULL,NULL,'2021-12-17 04:26:16','insert'),(4591,'','','',NULL,'69506',NULL,NULL,'2021-12-17 04:26:16','insert'),(4592,'','','',NULL,'31489',NULL,NULL,'2021-12-17 04:26:16','insert'),(4593,'','','',NULL,'48183',NULL,NULL,'2021-12-17 04:26:16','insert'),(4594,'','','',NULL,NULL,NULL,NULL,'2021-12-17 04:37:51','delete'),(4595,'','','','Industrivägen 3',NULL,NULL,NULL,'2021-12-17 04:37:51','delete'),(4596,'','','','Industrivägen 35',NULL,NULL,NULL,'2021-12-17 04:37:51','delete'),(4597,'','','','Kyrkostigen 47',NULL,NULL,NULL,'2021-12-17 04:37:51','delete'),(4598,'','','','Åkerstigen 710',NULL,NULL,NULL,'2021-12-17 04:37:51','delete'),(4599,'','','','Skolgränd 5',NULL,NULL,NULL,'2021-12-17 04:37:51','delete'),(4600,'','','','Granvägen 32',NULL,NULL,NULL,'2021-12-17 04:37:51','delete'),(4601,'','','','Trädgårdsgränd 7',NULL,NULL,NULL,'2021-12-17 04:37:51','delete'),(4602,'','','','Kvarngatan 922',NULL,NULL,NULL,'2021-12-17 04:37:51','delete'),(4603,'','','','Gengränd 2',NULL,NULL,NULL,'2021-12-17 04:37:51','delete'),(4604,'','','','Aspgatan 3',NULL,NULL,NULL,'2021-12-17 04:37:51','delete'),(4605,'','','',NULL,NULL,NULL,NULL,'2021-12-17 04:37:58','insert'),(4606,'','','',NULL,'95485',NULL,NULL,'2021-12-17 04:37:58','insert'),(4607,'','','',NULL,'86379',NULL,NULL,'2021-12-17 04:37:58','insert'),(4608,'','','',NULL,'86289',NULL,NULL,'2021-12-17 04:37:58','insert'),(4609,'','','',NULL,'65794',NULL,NULL,'2021-12-17 04:37:58','insert'),(4610,'','','',NULL,'97202',NULL,NULL,'2021-12-17 04:37:58','insert'),(4611,'','','',NULL,'94687',NULL,NULL,'2021-12-17 04:37:58','insert'),(4612,'','','',NULL,'95865',NULL,NULL,'2021-12-17 04:37:58','insert'),(4613,'','','',NULL,'51859',NULL,NULL,'2021-12-17 04:37:58','insert'),(4614,'','','',NULL,'43219',NULL,NULL,'2021-12-17 04:37:58','insert'),(4615,'','','',NULL,'45936',NULL,NULL,'2021-12-17 04:37:58','insert'),(4616,'','','',NULL,NULL,NULL,NULL,'2021-12-17 05:11:28','delete'),(4617,'','','','Nyvägen 3',NULL,NULL,NULL,'2021-12-17 05:11:28','delete'),(4618,'','','','Skolvägen 0',NULL,NULL,NULL,'2021-12-17 05:11:28','delete'),(4619,'','','','Stationsvägen 91',NULL,NULL,NULL,'2021-12-17 05:11:28','delete'),(4620,'','','','Bäcktorget 586',NULL,NULL,NULL,'2021-12-17 05:11:28','delete'),(4621,'','','','Asptorget 7',NULL,NULL,NULL,'2021-12-17 05:11:28','delete'),(4622,'','','','Backtorget 637',NULL,NULL,NULL,'2021-12-17 05:11:28','delete'),(4623,'','','','Åkergatan 95',NULL,NULL,NULL,'2021-12-17 05:11:28','delete'),(4624,'','','','Fabrikstorget 810',NULL,NULL,NULL,'2021-12-17 05:11:28','delete'),(4625,'','','','Skolvägen 929',NULL,NULL,NULL,'2021-12-17 05:11:28','delete'),(4626,'','','','Stationsgatan 607',NULL,NULL,NULL,'2021-12-17 05:11:28','delete'),(4627,'','','',NULL,NULL,NULL,NULL,'2021-12-17 05:11:36','insert'),(4628,'','','',NULL,'50429',NULL,NULL,'2021-12-17 05:11:36','insert'),(4629,'','','',NULL,'89500',NULL,NULL,'2021-12-17 05:11:36','insert'),(4630,'','','',NULL,'56208',NULL,NULL,'2021-12-17 05:11:36','insert'),(4631,'','','',NULL,'59802',NULL,NULL,'2021-12-17 05:11:36','insert'),(4632,'','','',NULL,'89520',NULL,NULL,'2021-12-17 05:11:36','insert'),(4633,'','','',NULL,'80890',NULL,NULL,'2021-12-17 05:11:36','insert'),(4634,'','','',NULL,'35700',NULL,NULL,'2021-12-17 05:11:36','insert'),(4635,'','','',NULL,'78000',NULL,NULL,'2021-12-17 05:11:36','insert'),(4636,'','','',NULL,'90394',NULL,NULL,'2021-12-17 05:11:36','insert'),(4637,'','','',NULL,'65285',NULL,NULL,'2021-12-17 05:11:36','insert'),(4638,'','','',NULL,NULL,NULL,NULL,'2021-12-17 05:15:34','delete'),(4639,'','','','Kyrkovägen 12',NULL,NULL,NULL,'2021-12-17 05:15:34','delete'),(4640,'','','','Björkstigen 7',NULL,NULL,NULL,'2021-12-17 05:15:34','delete'),(4641,'','','','Gentorget 2',NULL,NULL,NULL,'2021-12-17 05:15:34','delete'),(4642,'','','','Kyrkogatan 873',NULL,NULL,NULL,'2021-12-17 05:15:34','delete'),(4643,'','','','Industrivägen 9',NULL,NULL,NULL,'2021-12-17 05:15:34','delete'),(4644,'','','','Aspgränd 617',NULL,NULL,NULL,'2021-12-17 05:15:34','delete'),(4645,'','','','Skogstorget 581',NULL,NULL,NULL,'2021-12-17 05:15:34','delete'),(4646,'','','','Backgränd 32',NULL,NULL,NULL,'2021-12-17 05:15:34','delete'),(4647,'','','','Asptorget 83',NULL,NULL,NULL,'2021-12-17 05:15:34','delete'),(4648,'','','','Industrigränd 450',NULL,NULL,NULL,'2021-12-17 05:15:34','delete'),(4649,'','','',NULL,NULL,NULL,NULL,'2021-12-17 05:17:13','insert'),(4650,'','','',NULL,'61486',NULL,NULL,'2021-12-17 05:17:13','insert'),(4651,'','','',NULL,'79624',NULL,NULL,'2021-12-17 05:17:13','insert'),(4652,'','','',NULL,'30505',NULL,NULL,'2021-12-17 05:17:13','insert'),(4653,'','','',NULL,'16932',NULL,NULL,'2021-12-17 05:17:13','insert'),(4654,'','','',NULL,'76032',NULL,NULL,'2021-12-17 05:17:13','insert'),(4655,'','','',NULL,'26579',NULL,NULL,'2021-12-17 05:17:13','insert'),(4656,'','','',NULL,'15155',NULL,NULL,'2021-12-17 05:17:13','insert'),(4657,'','','',NULL,'45981',NULL,NULL,'2021-12-17 05:17:13','insert'),(4658,'','','',NULL,'22978',NULL,NULL,'2021-12-17 05:17:13','insert'),(4659,'','','',NULL,'61055',NULL,NULL,'2021-12-17 05:17:13','insert'),(4660,'','','',NULL,NULL,NULL,NULL,'2021-12-17 05:18:06','delete'),(4661,'','','','Skolgatan 6',NULL,NULL,NULL,'2021-12-17 05:18:06','delete'),(4662,'','','','Kyrkostigen 545',NULL,NULL,NULL,'2021-12-17 05:18:06','delete'),(4663,'','','','Backgränd 7',NULL,NULL,NULL,'2021-12-17 05:18:06','delete'),(4664,'','','','Bäckgatan 95',NULL,NULL,NULL,'2021-12-17 05:18:06','delete'),(4665,'','','','Ängsstigen 6',NULL,NULL,NULL,'2021-12-17 05:18:06','delete'),(4666,'','','','Grangränd 7',NULL,NULL,NULL,'2021-12-17 05:18:06','delete'),(4667,'','','','Industrivägen 657',NULL,NULL,NULL,'2021-12-17 05:18:06','delete'),(4668,'','','','Parktorget 89',NULL,NULL,NULL,'2021-12-17 05:18:06','delete'),(4669,'','','','Villagatan 7',NULL,NULL,NULL,'2021-12-17 05:18:06','delete'),(4670,'','','','Bäckgatan 1',NULL,NULL,NULL,'2021-12-17 05:18:06','delete'),(4671,'','','',NULL,NULL,NULL,NULL,'2021-12-17 05:28:56','insert'),(4672,'','','',NULL,'77542',NULL,NULL,'2021-12-17 05:28:56','insert'),(4673,'','','',NULL,'19019',NULL,NULL,'2021-12-17 05:28:56','insert'),(4674,'','','',NULL,'97641',NULL,NULL,'2021-12-17 05:28:56','insert'),(4675,'','','',NULL,'62888',NULL,NULL,'2021-12-17 05:28:56','insert'),(4676,'','','',NULL,'25426',NULL,NULL,'2021-12-17 05:28:56','insert'),(4677,'','','',NULL,'37252',NULL,NULL,'2021-12-17 05:28:56','insert'),(4678,'','','',NULL,'56771',NULL,NULL,'2021-12-17 05:28:56','insert'),(4679,'','','',NULL,'90893',NULL,NULL,'2021-12-17 05:28:56','insert'),(4680,'','','',NULL,'90874',NULL,NULL,'2021-12-17 05:28:56','insert'),(4681,'','','',NULL,'32188',NULL,NULL,'2021-12-17 05:28:56','insert'),(4682,'','','',NULL,NULL,NULL,NULL,'2021-12-17 05:29:36','delete'),(4683,'','','','Skolgatan 40',NULL,NULL,NULL,'2021-12-17 05:29:36','delete'),(4684,'','','','Industristigen 8',NULL,NULL,NULL,'2021-12-17 05:29:36','delete'),(4685,'','','','Idrottsgatan 34',NULL,NULL,NULL,'2021-12-17 05:29:36','delete'),(4686,'','','','Ekstigen 0',NULL,NULL,NULL,'2021-12-17 05:29:36','delete'),(4687,'','','','Kyrkotorget 666',NULL,NULL,NULL,'2021-12-17 05:29:36','delete'),(4688,'','','','Genvägen 55',NULL,NULL,NULL,'2021-12-17 05:29:36','delete'),(4689,'','','','Storgränd 6',NULL,NULL,NULL,'2021-12-17 05:29:36','delete'),(4690,'','','','Trädgårdsvägen 93',NULL,NULL,NULL,'2021-12-17 05:29:36','delete'),(4691,'','','','Grantorget 140',NULL,NULL,NULL,'2021-12-17 05:29:36','delete'),(4692,'','','','Strandgatan 9',NULL,NULL,NULL,'2021-12-17 05:29:36','delete'),(4693,'','','',NULL,NULL,NULL,NULL,'2021-12-17 05:29:46','insert'),(4694,'','','',NULL,'30508',NULL,NULL,'2021-12-17 05:29:46','insert'),(4695,'','','',NULL,'12198',NULL,NULL,'2021-12-17 05:29:46','insert'),(4696,'','','',NULL,'87593',NULL,NULL,'2021-12-17 05:29:46','insert'),(4697,'','','',NULL,'96412',NULL,NULL,'2021-12-17 05:29:46','insert'),(4698,'','','',NULL,'30846',NULL,NULL,'2021-12-17 05:29:46','insert'),(4699,'','','',NULL,'87476',NULL,NULL,'2021-12-17 05:29:46','insert'),(4700,'','','',NULL,'62080',NULL,NULL,'2021-12-17 05:29:46','insert'),(4701,'','','',NULL,'44405',NULL,NULL,'2021-12-17 05:29:46','insert'),(4702,'','','',NULL,'22605',NULL,NULL,'2021-12-17 05:29:46','insert'),(4703,'','','',NULL,'64382',NULL,NULL,'2021-12-17 05:29:46','insert');
/*!40000 ALTER TABLE `changed_address_store` ENABLE KEYS */;
UNLOCK TABLES;

--
-- Table structure for table `contact_persons`
--

DROP TABLE IF EXISTS `contact_persons`;
/*!40101 SET @saved_cs_client     = @@character_set_client */;
/*!50503 SET character_set_client = utf8mb4 */;
CREATE TABLE `contact_persons` (
  `contact_person_id` int NOT NULL AUTO_INCREMENT,
  `first_name` varchar(45) NOT NULL,
  `last_name` varchar(45) NOT NULL,
  `phone` varchar(25) NOT NULL,
  `email` varchar(100) NOT NULL,
  PRIMARY KEY (`contact_person_id`)
) ENGINE=InnoDB AUTO_INCREMENT=3268 DEFAULT CHARSET=utf8mb3;
/*!40101 SET character_set_client = @saved_cs_client */;

--
-- Dumping data for table `contact_persons`
--

LOCK TABLES `contact_persons` WRITE;
/*!40000 ALTER TABLE `contact_persons` DISABLE KEYS */;
INSERT INTO `contact_persons` VALUES (3253,'Karl','Forsberg','037-973 59 22','karl.forsberg@example.se'),(3254,'Märta','Johansson','+46 (0)8 436 067 07','märta.johansson@example.se'),(3255,'Agneta','Skoglund','+46 (0)183 991 19','agneta.skoglund@example.se'),(3256,'Susanne','Andersson','08-93 33 53','susanne.andersson@example.se'),(3257,'Thomas','Johansson','08-424 37 94','thomas.johansson@example.se'),(3258,'Christoffer','Nilsson','08-54 97 83','christoffer.nilsson@example.se'),(3259,'Gunnar','Jansson','0918-18 98 27','gunnar.jansson@example.se'),(3260,'Uno','Johansson','08-519 83 49','uno.johansson@example.se'),(3261,'Gustav','Pettersson','027-08 80 23','gustav.pettersson@example.se'),(3262,'Helena','Lilja','08-63 78 22','helena.lilja@example.se'),(3263,'Ingrid','Gustafsson','0013-165 80','ingrid.gustafsson@example.se'),(3264,'Fredrik','Nilsson','08-13 03 31','fredrik.nilsson@example.se'),(3265,'Viola','Ekberg','047-97 28 22','viola.ekberg@example.se'),(3266,'Carolina','Karlsson','091-78 77 72','carolina.karlsson@example.se'),(3267,'Jan','Eriksson','+46 (0)8 434 523 30','jan.eriksson@example.se');
/*!40000 ALTER TABLE `contact_persons` ENABLE KEYS */;
UNLOCK TABLES;

--
-- Table structure for table `customers`
--

DROP TABLE IF EXISTS `customers`;
/*!40101 SET @saved_cs_client     = @@character_set_client */;
/*!50503 SET character_set_client = utf8mb4 */;
CREATE TABLE `customers` (
  `customer_id` int NOT NULL AUTO_INCREMENT,
  `customer_type` char(1) NOT NULL,
  `customer_name` varchar(100) DEFAULT NULL,
  `contact_first_name` varchar(45) DEFAULT NULL,
  `contact_last_name` varchar(45) DEFAULT NULL,
  `phone` varchar(25) NOT NULL,
  `email` varchar(100) NOT NULL,
  `address` varchar(100) NOT NULL,
  `zip_code` varchar(7) NOT NULL,
  `city` varchar(50) NOT NULL,
  `employee_id` int DEFAULT NULL,
  PRIMARY KEY (`customer_id`),
  KEY `fk_customers_employees1_idx` (`employee_id`),
  CONSTRAINT `fk_customers_employees1` FOREIGN KEY (`employee_id`) REFERENCES `employees` (`employee_id`)
) ENGINE=InnoDB AUTO_INCREMENT=1491 DEFAULT CHARSET=utf8mb3;
/*!40101 SET character_set_client = @saved_cs_client */;

--
-- Dumping data for table `customers`
--

LOCK TABLES `customers` WRITE;
/*!40000 ALTER TABLE `customers` DISABLE KEYS */;
INSERT INTO `customers` VALUES (1411,'p',NULL,'Astrid','Lundberg','08-63 48 19','Astrid.Lundberg@example.se','Idrottsvägen','45691','Västerås',NULL),(1412,'p',NULL,'Cecilia','Danielsson','08-327 297 95','Cecilia.Danielsson@example.se','Trädgårdstorget','24522','Skellefteå',NULL),(1413,'c','Persson & eriksson ab',NULL,NULL,'0787-34 74 47','contact@persson & eriksson ab.se','Parkgatan','30628','Borås',NULL),(1414,'c','Göransson holm hb',NULL,NULL,'0101-10 26 62','contact@göransson holm hb.se','Järnvägsgränd','57240','Skellefteå',NULL),(1415,'p',NULL,'Åke','Viklund','08-90 32 68','Åke.Viklund@example.se','Ängsgatan','69671','Malmö',NULL),(1416,'c','Karlsson hb',NULL,NULL,'08-675 65 12','contact@karlsson hb.se','Skolgatan','44283','Borlänge',NULL),(1417,'p',NULL,'Helen','Olsson','+46 (0)17 35 78 76','Helen.Olsson@example.se','Idrottsgatan','73131','Örebro',NULL),(1418,'p',NULL,'Krister','Hansen','+46 (0)8 462 443 25','Krister.Hansen@example.se','Kyrkvägen','87903','Varberg',NULL),(1419,'c','Carlsson ab',NULL,NULL,'+46 (0)01 72 71 25','contact@carlsson ab.se','Nygränd','90016','Helsingborg',NULL),(1420,'c','Carlsson johansson hb',NULL,NULL,'+46 (0)152 793 36','contact@carlsson johansson hb.se','Stationsvägen','89422','Södertälje',NULL),(1421,'p',NULL,'Göran','Lindberg','072-46 30 86','Göran.Lindberg@example.se','Nygatan','75810','Västerås',NULL),(1422,'p',NULL,'Ulf','Nyström','+46 (0)25 10 07 58','Ulf.Nyström@example.se','Idrottstorget','85367','Alingsås',NULL),(1423,'p',NULL,'Märta','Andersson','+46 (0)315 558 54','Märta.Andersson@example.se','Aspvägen','23078','Sundsvall',NULL),(1424,'c','Hansson hb',NULL,NULL,'08-68 88 05','contact@hansson hb.se','Skolvägen','27507','Skellefteå',NULL),(1425,'p',NULL,'Therese','Lindström','0676-79 67 49','Therese.Lindström@example.se','Nygränd','94257','Motala',NULL),(1426,'c','Josefsson johansson ab',NULL,NULL,'08-167 01 60','contact@josefsson johansson ab.se','Genvägen','58742','Skellefteå',NULL),(1427,'c','Jönsson & eriksson hb',NULL,NULL,'08-09 02 67','contact@jönsson & eriksson hb.se','Villagränd','95431','Trollhättan',NULL),(1428,'c','Sundström hb',NULL,NULL,'+46 (0)8 037 915 26','contact@sundström hb.se','Storgatan','35914','Linköping',NULL),(1429,'p',NULL,'Elin','Persson','+46 (0)28 84 21 11','Elin.Persson@example.se','Furuvägen','19093','Varberg',NULL),(1430,'p',NULL,'Yvonne','Johnsson','048-61 26 81','Yvonne.Johnsson@example.se','Asptorget','88054','Borås',NULL),(1431,'p',NULL,'Anita','Karlsson','+46 (0)56 72 76 66','Anita.Karlsson@example.se','Åkervägen','23929','Eskilstuna',NULL),(1432,'c','Strandberg & dahl hb',NULL,NULL,'08-26 85 95','contact@strandberg & dahl hb.se','Kyrkgränd','43352','Luleå',NULL),(1433,'p',NULL,'Patrik','Lind','083-62 36 91','Patrik.Lind@example.se','Grangränd','87572','Helsingborg',NULL),(1434,'p',NULL,'Jan','Johansson','+46 (0)392 936 84','Jan.Johansson@example.se','Bäcktorget','94087','Lidköping',NULL),(1435,'p',NULL,'Maria','Berglund','+46 (0)8 454 468 07','Maria.Berglund@example.se','Industrigränd','24252','Nyköping',NULL),(1436,'c','Nygren & jansson ab',NULL,NULL,'088-61 66 50','contact@nygren & jansson ab.se','Parkvägen','76307','Uddevalla',NULL),(1437,'c','Engström ab',NULL,NULL,'+46 (0)8 347 990 71','contact@engström ab.se','Skolstigen','66364','Lidköping',NULL),(1438,'p',NULL,'Tony','Jonsson','+46 (0)154 729 41','Tony.Jonsson@example.se','Idrottstorget','99272','Alingsås',NULL),(1439,'c','Johansson & björk ab',NULL,NULL,'+46 (0)8 939 888 06','contact@johansson & björk ab.se','Grangränd','42830','Östersund',NULL),(1440,'c','Nilsson höglund ab',NULL,NULL,'0055-79 01 92','contact@nilsson höglund ab.se','Åkervägen','89623','Umeå',NULL),(1441,'c','Karlsson axelsson hb',NULL,NULL,'08-88 11 92','contact@karlsson axelsson hb.se','Trädgårdsvägen','55562','Uppsala',NULL),(1442,'p',NULL,'Maria','Andersson','08-56 96 95','Maria.Andersson@example.se','Skolvägen','97359','Lund',NULL),(1443,'p',NULL,'Gunnar','Magnusson','08-86 08 16','Gunnar.Magnusson@example.se','Fabriksvägen','64935','Ängelholm',NULL),(1444,'c','Englund ab',NULL,NULL,'+46 (0)416 435 14','contact@englund ab.se','Skogsvägen','74723','Östersund',NULL),(1445,'c','Karlsson hb',NULL,NULL,'0392-578 55','contact@karlsson hb.se','Aspvägen','48753','Linköping',NULL),(1446,'p',NULL,'Åsa','Larsson','+46 (0)8 089 168 14','Åsa.Larsson@example.se','Nygränd','45510','Växjö',NULL),(1447,'c','Johansson ab',NULL,NULL,'08-501 370 28','contact@johansson ab.se','Strandgränd','12649','Södertälje',NULL),(1448,'c','Henriksson & karlsson hb',NULL,NULL,'+46 (0)482 203 81','contact@henriksson & karlsson hb.se','Kyrkvägen','92039','Östersund',NULL),(1449,'c','Svensson friberg ab',NULL,NULL,'08-13 41 44','contact@svensson friberg ab.se','Fabriksgränd','82524','Borås',NULL),(1450,'c','Lind hb',NULL,NULL,'+46 (0)8 695 262 13','contact@lind hb.se','Stationsvägen','92057','Lidingö',NULL),(1451,'p',NULL,'Paul','Blom','08-845 801 83','Paul.Blom@example.se','Industrivägen','96337','Karlskrona',NULL),(1452,'p',NULL,'Maria','Olsson','+46 (0)75 44 67 65','Maria.Olsson@example.se','Åkergatan','46589','Nyköping',NULL),(1453,'c','Andersson åberg hb',NULL,NULL,'08-400 15 95','contact@andersson åberg hb.se','Skolvägen','30896','Piteå',NULL),(1454,'c','Lind svensson ab',NULL,NULL,'049-15 87 82','contact@lind svensson ab.se','Industrigränd','26484','Borlänge',NULL),(1455,'c','Hellberg & larsson ab',NULL,NULL,'069-752 61 63','contact@hellberg & larsson ab.se','Kyrkogatan','31095','Trelleborg',NULL),(1456,'p',NULL,'Erika','Larsson','0987-993 56','Erika.Larsson@example.se','Grangatan','30426','Falun',NULL),(1457,'p',NULL,'Mikael','Lindell','08-377 19 74','Mikael.Lindell@example.se','Furugränd','76684','Uppsala',NULL),(1458,'c','Engström hb',NULL,NULL,'08-365 129 99','contact@engström hb.se','Storgränd','16316','Örnsköldsvik',NULL),(1459,'p',NULL,'Eva','Lundgren','0939-336 34','Eva.Lundgren@example.se','Skolgatan','45639','Sandviken',NULL),(1460,'p',NULL,'Kerstin','Lindström','08-800 977 39','Kerstin.Lindström@example.se','Strandgränd','35048','Jönköping',NULL),(1461,'p',NULL,'Lars','Karlsson','+46 (0)293 170 98','Lars.Karlsson@example.se','Ringgränd','15560','Örnsköldsvik',NULL),(1462,'c','Bergström nilsson hb',NULL,NULL,'08-017 04 41','contact@bergström nilsson hb.se','Ängsvägen','48667','Norrköping',NULL),(1463,'c','Jonasson karlsson ab',NULL,NULL,'+46 (0)51 05 44 47','contact@jonasson karlsson ab.se','Industrivägen','19228','Uppsala',NULL),(1464,'c','Larsson & jansson ab',NULL,NULL,'08-221 32 18','contact@larsson & jansson ab.se','Björkvägen','21055','Sundsvall',NULL),(1465,'p',NULL,'Sven','Nilsson','0060-712 80','Sven.Nilsson@example.se','Järnvägsgränd','55505','Trelleborg',NULL),(1466,'c','Engström ab',NULL,NULL,'+46 (0)391 255 65','contact@engström ab.se','Idrottstorget','30134','Lund',NULL),(1467,'c','Håkansson hb',NULL,NULL,'030-79 32 47','contact@håkansson hb.se','Fabriksgatan','36110','Trelleborg',NULL),(1468,'p',NULL,'Lennart','Jönsson','+46 (0)66 88 69 87','Lennart.Jönsson@example.se','Idrottsvägen','55364','Falun',NULL),(1469,'p',NULL,'Jan-Erik','Jonsson','+46 (0)67 58 67 30','Jan-Erik.Jonsson@example.se','Idrottsgatan','66216','Borås',NULL),(1470,'c','Karlsson karlsson ab',NULL,NULL,'+46 (0)8 274 297 07','contact@karlsson karlsson ab.se','Ängsvägen','28978','Sundsvall',NULL),(1471,'c','Pettersson & johansson hb',NULL,NULL,'+46 (0)10 84 87 17','contact@pettersson & johansson hb.se','Idrottsvägen','92588','Skövde',NULL),(1472,'c','Hansson & sandström ab',NULL,NULL,'022-96 13 76','contact@hansson & sandström ab.se','Stationsgränd','39486','Karlskoga',NULL),(1473,'c','Franzén & eriksson ab',NULL,NULL,'+46 (0)8 505 904 09','contact@franzén & eriksson ab.se','Kvarnvägen','94661','Karlskoga',NULL),(1474,'p',NULL,'Jörgen','Sandström','+46 (0)882 135 97','Jörgen.Sandström@example.se','Industritorget','39083','Lidköping',NULL),(1475,'c','Sjöberg hb',NULL,NULL,'+46 (0)653 937 76','contact@sjöberg hb.se','Ängstorget','23898','Gävle',NULL),(1476,'p',NULL,'Linnéa','Eriksson','08-253 03 12','Linnéa.Eriksson@example.se','Gengatan','49015','Trollhättan',NULL),(1477,'p',NULL,'Rune','Pettersson','08-656 12 28','Rune.Pettersson@example.se','Fabriksstigen','48443','Borås',NULL),(1478,'c','Boström ab',NULL,NULL,'+46 (0)681 444 86','contact@boström ab.se','Fabriksgatan','35565','Linköping',NULL),(1479,'c','Lindström & lindberg ab',NULL,NULL,'051-479 39 06','contact@lindström & lindberg ab.se','Ringstigen','14236','Karlskrona',NULL),(1480,'p',NULL,'Eva','Jonsson','08-92 83 95','Eva.Jonsson@example.se','Storgränd','80312','Växjö',NULL),(1481,'p',NULL,'Bengt','Larsson','031-525 18 92','Bengt.Larsson@example.se','Bäcktorget','89653','Örnsköldsvik',NULL),(1482,'p',NULL,'Hjalmar','Nilsson','006-66 29 83','Hjalmar.Nilsson@example.se','Strandstigen','57387','Växjö',NULL),(1483,'c','Pettersson ab',NULL,NULL,'+46 (0)29 44 14 60','contact@pettersson ab.se','Villatorget','62173','Växjö',NULL),(1484,'p',NULL,'Ulf','Johansson','08-305 114 20','Ulf.Johansson@example.se','Kvarngatan','23330','Motala',NULL),(1485,'p',NULL,'Nina','Jonsson','08-984 34 18','Nina.Jonsson@example.se','Ängsgatan','77213','Linköping',NULL),(1486,'c','Lundqvist hb',NULL,NULL,'042-67 71 65','contact@lundqvist hb.se','Idrottstorget','47274','Helsingborg',NULL),(1487,'c','Olsson & dahlberg ab',NULL,NULL,'073-707 00 47','contact@olsson & dahlberg ab.se','Grangränd','55960','Växjö',NULL),(1488,'p',NULL,'Tobias','Björk','+46 (0)8 909 540 80','Tobias.Björk@example.se','Skoltorget','71669','Södertälje',NULL),(1489,'c','Larsson & andersson ab',NULL,NULL,'08-204 68 87','contact@larsson & andersson ab.se','Grangatan','50911','Uddevalla',NULL),(1490,'c','Lundqvist ab',NULL,NULL,'08-18 73 11','contact@lundqvist ab.se','Bäckgatan','19033','Eskilstuna',NULL);
/*!40000 ALTER TABLE `customers` ENABLE KEYS */;
UNLOCK TABLES;

--
-- Table structure for table `employees`
--

DROP TABLE IF EXISTS `employees`;
/*!40101 SET @saved_cs_client     = @@character_set_client */;
/*!50503 SET character_set_client = utf8mb4 */;
CREATE TABLE `employees` (
  `employee_id` int NOT NULL AUTO_INCREMENT,
  `first_name` varchar(45) NOT NULL,
  `last_name` varchar(45) NOT NULL,
  `phone` varchar(25) NOT NULL,
  `email` varchar(100) NOT NULL,
  `store_id` int DEFAULT NULL,
  PRIMARY KEY (`employee_id`),
  KEY `fk_employees_stores2_idx` (`store_id`),
  CONSTRAINT `fk_employees_stores2` FOREIGN KEY (`store_id`) REFERENCES `stores` (`store_id`)
) ENGINE=InnoDB AUTO_INCREMENT=2256 DEFAULT CHARSET=utf8mb3;
/*!40101 SET character_set_client = @saved_cs_client */;

--
-- Dumping data for table `employees`
--

LOCK TABLES `employees` WRITE;
/*!40000 ALTER TABLE `employees` DISABLE KEYS */;
INSERT INTO `employees` VALUES (2226,'Anders','Sundström','0631-04 05 26','anders.sundström@store.se',2332),(2227,'Alexander','Lindqvist','+46 (0)893 447 78','alexander.lindqvist@store.se',2332),(2228,'Fredrik','Lundin','08-41 69 73','fredrik.lundin@store.se',2333),(2229,'Marie-Louise','Johansson','0825-894 28','marie-louise.johansson@store.se',2333),(2230,'Kjell','Karlsson','+46 (0)8 110 452 96','kjell.karlsson@store.se',2334),(2231,'Christina','Lundberg','08-745 037 75','christina.lundberg@store.se',2335),(2232,'Kristian','Blomberg','+46 (0)8 863 117 22','kristian.blomberg@store.se',2336),(2233,'Erik','Pettersson','0460-16 76 58','erik.pettersson@store.se',2336),(2234,'Sonja','Lundkvist','08-05 37 37','sonja.lundkvist@store.se',2337),(2235,'Karl','Fredriksson','+46 (0)51 64 08 03','karl.fredriksson@store.se',2338),(2236,'Håkan','Sjödin','+46 (0)8 269 388 53','håkan.sjödin@store.se',2338),(2237,'Birgitta','Ekström','041-738 60 05','birgitta.ekström@store.se',2339),(2238,'Julia','Lindqvist','+46 (0)234 183 50','julia.lindqvist@store.se',2340),(2239,'Leif','Petersson','+46 (0)8 672 376 21','leif.petersson@store.se',2341),(2240,'Morgan','Nilsson','08-18 68 80','morgan.nilsson@store.se',NULL),(2241,'Carolina','Ericsson','+46 (0)101 877 28','carolina.ericsson@store.se',NULL),(2242,'Linnéa','Nyström','094-06 18 75','linnéa.nyström@store.se',NULL),(2243,'Anna','Magnusson','+46 (0)82 72 42 34','anna.magnusson@store.se',NULL),(2244,'Marie','Ljungberg','049-73 46 58','marie.ljungberg@store.se',NULL),(2245,'Maria','Jakobsson','0040-30 94 81','maria.jakobsson@store.se',NULL),(2246,'Anna','Eriksson','+46 (0)8 622 357 99','anna.eriksson@store.se',NULL),(2247,'Evert','Martinsson','034-506 89 81','evert.martinsson@store.se',NULL),(2248,'Lisa','Dahlström','+46 (0)69 02 27 79','lisa.dahlström@store.se',NULL),(2249,'Richard','Petersson','08-176 305 47','richard.petersson@store.se',NULL),(2250,'Agnes','Lundberg','059-08 25 11','agnes.lundberg@store.se',NULL),(2251,'Sylvia','Karlsson','+46 (0)27 07 47 12','sylvia.karlsson@store.se',NULL),(2252,'Anna','Bäckström','+46 (0)8 851 442 15','anna.bäckström@store.se',NULL),(2253,'Hans','Rosén','08-378 303 23','hans.rosén@store.se',NULL),(2254,'Linnéa','Olsson','08-339 50 86','linnéa.olsson@store.se',NULL),(2255,'Maria','Andersson','0437-243 41','maria.andersson@store.se',NULL);
/*!40000 ALTER TABLE `employees` ENABLE KEYS */;
UNLOCK TABLES;

--
-- Table structure for table `manufacturers`
--

DROP TABLE IF EXISTS `manufacturers`;
/*!40101 SET @saved_cs_client     = @@character_set_client */;
/*!50503 SET character_set_client = utf8mb4 */;
CREATE TABLE `manufacturers` (
  `manufacturer_id` int NOT NULL AUTO_INCREMENT,
  `company_name` varchar(45) NOT NULL,
  `head_office_phone` varchar(25) NOT NULL,
  `head_office_address` varchar(100) NOT NULL,
  `contact_person_id` int DEFAULT NULL,
  PRIMARY KEY (`manufacturer_id`),
  KEY `fk_manufacturers_contact_persons1_idx` (`contact_person_id`),
  CONSTRAINT `fk_manufacturers_contact_persons1` FOREIGN KEY (`contact_person_id`) REFERENCES `contact_persons` (`contact_person_id`)
) ENGINE=InnoDB AUTO_INCREMENT=286 DEFAULT CHARSET=utf8mb3;
/*!40101 SET character_set_client = @saved_cs_client */;

--
-- Dumping data for table `manufacturers`
--

LOCK TABLES `manufacturers` WRITE;
/*!40000 ALTER TABLE `manufacturers` DISABLE KEYS */;
INSERT INTO `manufacturers` VALUES (276,'Karlsson & Jonsson AB','08-32 37 75','Trädgårdsvägen 79, 54887 Västerås',3261),(277,'Söderberg Boman AB','+46 (0)724 722 48','Kyrkvägen 9, 76270 Alingsås',3263),(278,'Jönsson AB','08-863 131 89','Grangatan 31, 44575 Västerås',3256),(279,'Fransson AB','003-804 30 63','Kyrkogatan 579, 29038 Uppsala',3255),(280,'Olsson Möller AB','+46 (0)725 867 29','Trädgårdsvägen 909, 41825 Uppsala',3264),(281,'Svensson HB','024-25 25 76','Backtorget 90, 88772 Karlskrona',3262),(282,'Sjögren Mattsson HB','+46 (0)091 443 84','Björktorget 15, 31295 Halmstad',3261),(283,'Nilsson HB','08-192 828 94','Parkgatan 48, 32475 Trollhättan',3254),(284,'Karlsson & Pettersson AB','026-846 47 16','Ängsvägen 83, 10395 Borlänge',3266),(285,'Lundström Petersson AB','092-21 53 70','Ekgatan 1, 80797 Jönköping',3258);
/*!40000 ALTER TABLE `manufacturers` ENABLE KEYS */;
UNLOCK TABLES;
/*!50003 SET @saved_cs_client      = @@character_set_client */ ;
/*!50003 SET @saved_cs_results     = @@character_set_results */ ;
/*!50003 SET @saved_col_connection = @@collation_connection */ ;
/*!50003 SET character_set_client  = latin1 */ ;
/*!50003 SET character_set_results = latin1 */ ;
/*!50003 SET collation_connection  = latin1_swedish_ci */ ;
/*!50003 SET @saved_sql_mode       = @@sql_mode */ ;
/*!50003 SET sql_mode              = 'ONLY_FULL_GROUP_BY,STRICT_TRANS_TABLES,NO_ZERO_IN_DATE,NO_ZERO_DATE,ERROR_FOR_DIVISION_BY_ZERO,NO_ENGINE_SUBSTITUTION' */ ;
DELIMITER ;;
/*!50003 CREATE*/ /*!50017 DEFINER=`root`@`%`*/ /*!50003 TRIGGER `before_changed_address` BEFORE INSERT ON `manufacturers` FOR EACH ROW INSERT INTO changed_address_manufacturer
    SET action                  = 'insert',
        company_name            = company_name,
        head_office_phone       = head_office_phone,
        new_head_office_address = NEW.head_office_address,
        change_date             = NOW() */;;
DELIMITER ;
/*!50003 SET sql_mode              = @saved_sql_mode */ ;
/*!50003 SET character_set_client  = @saved_cs_client */ ;
/*!50003 SET character_set_results = @saved_cs_results */ ;
/*!50003 SET collation_connection  = @saved_col_connection */ ;
/*!50003 SET @saved_cs_client      = @@character_set_client */ ;
/*!50003 SET @saved_cs_results     = @@character_set_results */ ;
/*!50003 SET @saved_col_connection = @@collation_connection */ ;
/*!50003 SET character_set_client  = latin1 */ ;
/*!50003 SET character_set_results = latin1 */ ;
/*!50003 SET collation_connection  = latin1_swedish_ci */ ;
/*!50003 SET @saved_sql_mode       = @@sql_mode */ ;
/*!50003 SET sql_mode              = 'ONLY_FULL_GROUP_BY,STRICT_TRANS_TABLES,NO_ZERO_IN_DATE,NO_ZERO_DATE,ERROR_FOR_DIVISION_BY_ZERO,NO_ENGINE_SUBSTITUTION' */ ;
DELIMITER ;;
/*!50003 CREATE*/ /*!50017 DEFINER=`root`@`%`*/ /*!50003 TRIGGER `before_update_address` BEFORE UPDATE ON `manufacturers` FOR EACH ROW INSERT INTO changed_address_manufacturer
    SET action                  = 'update',
        company_name            = company_name,
        head_office_phone       = head_office_phone,
        old_head_office_address = OLD.head_office_address,
        new_head_office_address = NEW.head_office_address,
        change_date             = NOW() */;;
DELIMITER ;
/*!50003 SET sql_mode              = @saved_sql_mode */ ;
/*!50003 SET character_set_client  = @saved_cs_client */ ;
/*!50003 SET character_set_results = @saved_cs_results */ ;
/*!50003 SET collation_connection  = @saved_col_connection */ ;
/*!50003 SET @saved_cs_client      = @@character_set_client */ ;
/*!50003 SET @saved_cs_results     = @@character_set_results */ ;
/*!50003 SET @saved_col_connection = @@collation_connection */ ;
/*!50003 SET character_set_client  = latin1 */ ;
/*!50003 SET character_set_results = latin1 */ ;
/*!50003 SET collation_connection  = latin1_swedish_ci */ ;
/*!50003 SET @saved_sql_mode       = @@sql_mode */ ;
/*!50003 SET sql_mode              = 'ONLY_FULL_GROUP_BY,STRICT_TRANS_TABLES,NO_ZERO_IN_DATE,NO_ZERO_DATE,ERROR_FOR_DIVISION_BY_ZERO,NO_ENGINE_SUBSTITUTION' */ ;
DELIMITER ;;
/*!50003 CREATE*/ /*!50017 DEFINER=`root`@`%`*/ /*!50003 TRIGGER `before_delete_address` BEFORE DELETE ON `manufacturers` FOR EACH ROW INSERT INTO changed_address_manufacturer
    SET action                  = 'delete',
        company_name            = company_name,
        head_office_phone       = head_office_phone,
        old_head_office_address = OLD.head_office_address,
        change_date             = NOW() */;;
DELIMITER ;
/*!50003 SET sql_mode              = @saved_sql_mode */ ;
/*!50003 SET character_set_client  = @saved_cs_client */ ;
/*!50003 SET character_set_results = @saved_cs_results */ ;
/*!50003 SET collation_connection  = @saved_col_connection */ ;

--
-- Table structure for table `order_details`
--

DROP TABLE IF EXISTS `order_details`;
/*!40101 SET @saved_cs_client     = @@character_set_client */;
/*!50503 SET character_set_client = utf8mb4 */;
CREATE TABLE `order_details` (
  `order_id` int NOT NULL,
  `product_id` int NOT NULL,
  `quantity_ordered` int NOT NULL,
  `price_each` decimal(7,2) NOT NULL,
  PRIMARY KEY (`order_id`,`product_id`),
  KEY `fk_order_details_products1_idx` (`product_id`),
  CONSTRAINT `fk_order_details_orders1` FOREIGN KEY (`order_id`) REFERENCES `orders` (`order_id`),
  CONSTRAINT `fk_order_details_products1` FOREIGN KEY (`product_id`) REFERENCES `products` (`product_id`)
) ENGINE=InnoDB DEFAULT CHARSET=utf8mb3;
/*!40101 SET character_set_client = @saved_cs_client */;

--
-- Dumping data for table `order_details`
--

LOCK TABLES `order_details` WRITE;
/*!40000 ALTER TABLE `order_details` DISABLE KEYS */;
INSERT INTO `order_details` VALUES (591,1279,4,32.00),(592,1280,3,87.00),(593,1281,3,62.00),(594,1282,7,56.00),(595,1283,7,6.00),(596,1284,5,24.00),(597,1285,7,38.00),(598,1286,9,50.00),(599,1287,3,22.00),(600,1288,1,62.00),(601,1289,4,86.00),(602,1290,3,38.00),(603,1291,1,33.00),(604,1292,5,49.00),(605,1293,6,41.00),(606,1294,8,13.00),(607,1295,4,55.00),(608,1296,9,27.00),(609,1297,9,30.00),(610,1298,6,51.00),(611,1299,8,97.00),(612,1300,2,20.00),(613,1301,6,24.00),(614,1302,9,46.00),(615,1303,2,17.00),(616,1304,2,60.00),(617,1305,7,40.00),(618,1306,3,73.00),(619,1307,6,48.00),(620,1308,4,95.00),(621,1309,7,20.00),(622,1310,4,69.00),(623,1311,9,68.00),(624,1312,8,21.00),(625,1313,1,97.00),(626,1314,4,82.00),(627,1315,3,43.00),(628,1316,3,84.00),(629,1317,1,83.00),(630,1318,6,18.00),(631,1319,6,56.00),(632,1320,1,37.00),(633,1321,2,37.00),(634,1322,1,8.00),(635,1323,7,13.00),(636,1324,3,19.00),(637,1325,1,40.00),(638,1326,8,100.00),(639,1327,8,5.00),(640,1328,5,98.00);
/*!40000 ALTER TABLE `order_details` ENABLE KEYS */;
UNLOCK TABLES;

--
-- Table structure for table `orders`
--

DROP TABLE IF EXISTS `orders`;
/*!40101 SET @saved_cs_client     = @@character_set_client */;
/*!50503 SET character_set_client = utf8mb4 */;
CREATE TABLE `orders` (
  `order_id` int NOT NULL AUTO_INCREMENT,
  `ordered_date` timestamp NOT NULL,
  `shipped_date` timestamp NULL DEFAULT NULL,
  `delivery_date` date DEFAULT NULL,
  `status` varchar(15) NOT NULL,
  `customer_id` int NOT NULL,
  PRIMARY KEY (`order_id`),
  KEY `fk_orders_customers1_idx` (`customer_id`),
  CONSTRAINT `fk_orders_customers1` FOREIGN KEY (`customer_id`) REFERENCES `customers` (`customer_id`)
) ENGINE=InnoDB AUTO_INCREMENT=641 DEFAULT CHARSET=utf8mb3;
/*!40101 SET character_set_client = @saved_cs_client */;

--
-- Dumping data for table `orders`
--

LOCK TABLES `orders` WRITE;
/*!40000 ALTER TABLE `orders` DISABLE KEYS */;
INSERT INTO `orders` VALUES (591,'2021-01-06 19:35:39','2021-01-19 22:06:17','2021-03-09','Delivered',1424),(592,'2021-01-12 07:05:37','2021-01-28 01:00:09','2021-02-11','Delivered',1451),(593,'2021-01-13 19:48:57','2021-01-27 22:41:08','2021-03-01','Delivered',1470),(594,'2021-01-07 00:22:46','2021-01-22 01:53:46','2021-02-11','Delivered',1413),(595,'2021-01-08 01:01:23','2021-01-17 16:48:49','2021-03-27','Delivered',1484),(596,'2021-01-08 11:38:09','2021-01-21 18:55:02','2021-03-21','Delivered',1470),(597,'2021-01-11 12:47:48','2021-01-26 22:43:25','2021-02-23','Delivered',1486),(598,'2021-01-12 01:44:13','2021-01-17 09:40:38','2021-03-06','Delivered',1446),(599,'2021-01-11 02:39:41','2021-01-25 02:11:24','2021-01-31','Delivered',1411),(600,'2021-01-10 13:44:34','2021-01-18 23:51:13','2021-01-31','Delivered',1442),(601,'2021-01-13 06:18:14','2021-01-29 02:48:38','2021-02-27','Delivered',1425),(602,'2021-01-01 08:18:09','2021-01-27 14:44:33','2021-03-08','Delivered',1465),(603,'2021-01-14 10:17:58','2021-01-29 21:43:24','2021-03-23','Delivered',1459),(604,'2021-01-08 15:18:45','2021-01-19 10:05:31','2021-02-12','Delivered',1443),(605,'2021-01-05 00:33:23','2021-01-27 23:33:54','2021-03-22','Delivered',1438),(606,'2021-01-10 02:55:13','2021-01-26 01:26:16','2021-02-24','Delivered',1489),(607,'2021-01-08 21:11:19','2021-01-18 15:33:58','2021-02-06','Delivered',1415),(608,'2021-01-13 15:02:15','2021-01-27 13:10:29','2021-02-02','Delivered',1468),(609,'2021-01-12 06:57:23','2021-01-21 21:19:16','2021-02-19','Delivered',1418),(610,'2021-01-13 16:50:58','2021-01-26 04:45:35','2021-02-25','Delivered',1441),(611,'2021-01-01 13:14:44','2021-01-26 23:40:24','2021-02-14','Delivered',1425),(612,'2021-01-12 17:24:52','2021-01-17 00:35:55','2021-03-22','Delivered',1443),(613,'2021-01-04 13:04:47','2021-01-21 00:44:25','2021-03-09','Delivered',1420),(614,'2021-01-01 23:30:59','2021-01-27 00:19:21','2021-03-19','Delivered',1476),(615,'2021-01-09 12:22:10','2021-01-29 08:31:20','2021-02-20','Delivered',1422),(616,'2021-01-07 12:16:41','2021-01-15 03:31:31','2021-02-27','Delivered',1473),(617,'2021-01-02 02:09:42','2021-01-17 23:11:51','2021-03-25','Delivered',1412),(618,'2021-01-08 03:09:01','2021-01-26 10:43:04','2021-03-24','Delivered',1478),(619,'2021-01-03 05:56:16','2021-01-26 04:34:34','2021-02-04','Delivered',1446),(620,'2021-01-06 17:59:22','2021-01-28 21:36:51','2021-03-18','Delivered',1465),(621,'2021-01-09 20:21:48','2021-01-22 04:32:51','2021-02-03','Delivered',1459),(622,'2021-01-03 15:34:45','2021-01-15 07:27:51','2021-02-14','Delivered',1469),(623,'2021-01-14 06:30:39','2021-01-18 05:59:16','2021-03-06','Delivered',1421),(624,'2021-01-14 04:03:13','2021-01-29 17:43:10','2021-02-09','Delivered',1480),(625,'2021-01-10 04:51:34','2021-01-15 11:29:00','2021-02-23','Delivered',1440),(626,'2021-01-08 07:29:32','2021-01-18 10:30:29','2021-03-14','Delivered',1473),(627,'2021-01-06 22:19:59','2021-01-20 15:36:49','2021-03-26','Delivered',1411),(628,'2021-01-05 09:06:03','2021-01-22 23:17:14','2021-03-25','Delivered',1439),(629,'2021-01-13 11:41:48','2021-01-29 09:06:46','2021-02-06','Delivered',1454),(630,'2021-01-05 11:52:04','2021-01-21 02:45:30','2021-02-20','Delivered',1432),(631,'2021-01-02 02:48:54','2021-01-28 01:07:02','2021-03-03','Delivered',1476),(632,'2021-01-02 07:29:30','2021-01-15 21:56:58','2021-02-04','Delivered',1439),(633,'2021-01-12 06:16:31','2021-01-26 14:34:17','2021-02-28','Delivered',1429),(634,'2021-01-05 06:17:38','2021-01-21 15:56:01','2021-01-30','Delivered',1446),(635,'2021-01-11 17:21:28','2021-01-22 18:42:40','2021-02-14','Delivered',1429),(636,'2021-01-12 23:55:22','2021-01-16 21:55:09','2021-01-30','Delivered',1431),(637,'2021-01-03 07:27:41','2021-01-24 05:24:23','2021-02-28','Delivered',1457),(638,'2021-01-04 19:26:02','2021-01-15 21:50:45','2021-03-15','Delivered',1461),(639,'2021-01-07 07:17:29','2021-01-24 14:10:16','2021-03-11','Delivered',1447),(640,'2021-01-09 18:44:51','2021-01-28 11:14:13','2021-03-07','Delivered',1430);
/*!40000 ALTER TABLE `orders` ENABLE KEYS */;
UNLOCK TABLES;

--
-- Table structure for table `products`
--

DROP TABLE IF EXISTS `products`;
/*!40101 SET @saved_cs_client     = @@character_set_client */;
/*!50503 SET character_set_client = utf8mb4 */;
CREATE TABLE `products` (
  `product_id` int NOT NULL AUTO_INCREMENT,
  `name` varchar(50) NOT NULL,
  `description` varchar(255) DEFAULT NULL,
  `cost` decimal(7,2) NOT NULL,
  `price` decimal(7,2) NOT NULL,
  PRIMARY KEY (`product_id`)
) ENGINE=InnoDB AUTO_INCREMENT=1329 DEFAULT CHARSET=utf8mb3;
/*!40101 SET character_set_client = @saved_cs_client */;

--
-- Dumping data for table `products`
--

LOCK TABLES `products` WRITE;
/*!40000 ALTER TABLE `products` DISABLE KEYS */;
INSERT INTO `products` VALUES (1279,'Head-light','Test3 test4 test2 battery test4 tail-light test1 has.',54.30,67.90),(1280,'Head-light','Battery tail-light test2 steering-wheel.',49.50,61.90),(1281,'Head-light','Whatever test1 steering-wheel test2 test4 battery battery.',82.40,103.00),(1282,'Head-light','Battery tail-light steering-wheel a head-light has test3.',76.90,96.10),(1283,'Tail-light','Head-light test4 a battery head-light whatever has head-light.',29.70,37.10),(1284,'Battery','Test3 test4 test3 has test4 test2.',52.60,65.80),(1285,'Tail-light','A battery whatever battery test3 test3.',59.40,74.20),(1286,'Tail-light','Test2 steering-wheel head-light has whatever whatever.',14.40,18.00),(1287,'Battery','Test2 test4 battery.',60.50,75.60),(1288,'Battery','Test2 head-light test3 has tail-light test2 test1.',60.00,75.00),(1289,'Steering-wheel','Battery head-light test1 test2 has steering-wheel.',39.20,49.00),(1290,'Battery','Test3 test3 test4 has steering-wheel a.',46.50,58.10),(1291,'Head-light','Battery battery tail-light a whatever.',37.10,46.40),(1292,'Head-light','Test3 battery test4 has a test2.',37.50,46.90),(1293,'Tail-light','Has steering-wheel test2 steering-wheel test4 tail-light a.',60.10,75.10),(1294,'Tail-light','Whatever battery test4 test3 steering-wheel.',43.20,54.00),(1295,'Battery','Test3 battery tail-light test3 test1 whatever whatever head-light.',68.40,85.50),(1296,'Head-light','A a test4 test2 has test3 has test2.',66.20,82.80),(1297,'Tail-light','Steering-wheel tail-light whatever a.',14.20,17.80),(1298,'Steering-wheel','Steering-wheel steering-wheel head-light has has has test3.',51.40,64.20),(1299,'Head-light','Tail-light whatever test4 head-light whatever test2.',59.70,74.60),(1300,'Tail-light','Test4 test3 has test3.',31.80,39.80),(1301,'Steering-wheel','A test2 battery has.',40.00,50.00),(1302,'Battery','A battery test2 head-light steering-wheel a test1.',24.40,30.50),(1303,'Battery','Test3 test3 has a a head-light whatever.',14.20,17.80),(1304,'Steering-wheel','Has has test3 steering-wheel test1 test3.',96.90,121.10),(1305,'Battery','Steering-wheel steering-wheel whatever test3 test1 steering-wheel test4.',58.60,73.20),(1306,'Steering-wheel','Tail-light head-light steering-wheel battery test1 test1.',20.80,26.00),(1307,'Battery','Test1 whatever test4 has a.',15.60,19.50),(1308,'Tail-light','Test1 whatever battery test2 test4 tail-light steering-wheel.',19.20,24.00),(1309,'Head-light','Test1 steering-wheel steering-wheel a tail-light.',32.40,40.50),(1310,'Battery','Whatever test4 whatever has test4 test3.',52.10,65.10),(1311,'Tail-light','Test4 test4 head-light test3 whatever.',84.80,106.00),(1312,'Tail-light','Test4 head-light has head-light a tail-light whatever.',64.40,80.50),(1313,'Steering-wheel','Steering-wheel has battery has whatever steering-wheel test4 whatever.',74.30,92.90),(1314,'Head-light','Has test1 steering-wheel.',40.10,50.10),(1315,'Steering-wheel','Battery tail-light has a a tail-light tail-light test2.',74.80,93.50),(1316,'Tail-light','Test1 battery has test1 head-light a a.',27.20,34.00),(1317,'Battery','Test2 head-light has.',51.30,64.10),(1318,'Steering-wheel','Head-light test2 test2 head-light.',29.10,36.40),(1319,'Steering-wheel','A tail-light steering-wheel steering-wheel test3 head-light.',12.20,15.20),(1320,'Battery','Test1 has tail-light head-light head-light.',32.40,40.50),(1321,'Tail-light','Has has test3 head-light test4.',33.50,41.90),(1322,'Steering-wheel','Test1 battery test4 test1 whatever whatever.',31.60,39.50),(1323,'Tail-light','Tail-light test4 test2 whatever tail-light.',89.50,111.90),(1324,'Steering-wheel','A test4 has steering-wheel test4 whatever whatever.',63.40,79.20),(1325,'Steering-wheel','Whatever whatever battery steering-wheel steering-wheel steering-wheel battery steering-wheel.',63.60,79.50),(1326,'Head-light','Test3 test2 test2.',59.60,74.50),(1327,'Tail-light','Whatever whatever whatever.',47.80,59.80),(1328,'Steering-wheel','Whatever whatever steering-wheel test3 has whatever has.',23.60,29.50);
/*!40000 ALTER TABLE `products` ENABLE KEYS */;
UNLOCK TABLES;

--
-- Table structure for table `products_has_manufacturers`
--

DROP TABLE IF EXISTS `products_has_manufacturers`;
/*!40101 SET @saved_cs_client     = @@character_set_client */;
/*!50503 SET character_set_client = utf8mb4 */;
CREATE TABLE `products_has_manufacturers` (
  `product_id` int NOT NULL,
  `manufacturer_id` int NOT NULL,
  PRIMARY KEY (`product_id`,`manufacturer_id`),
  KEY `fk_products_has_manufacturers_manufacturers1_idx` (`manufacturer_id`),
  KEY `fk_products_has_manufacturers_products1_idx` (`product_id`),
  CONSTRAINT `fk_products_has_manufacturers_manufacturers1` FOREIGN KEY (`manufacturer_id`) REFERENCES `manufacturers` (`manufacturer_id`),
  CONSTRAINT `fk_products_has_manufacturers_products1` FOREIGN KEY (`product_id`) REFERENCES `products` (`product_id`)
) ENGINE=InnoDB DEFAULT CHARSET=utf8mb3;
/*!40101 SET character_set_client = @saved_cs_client */;

--
-- Dumping data for table `products_has_manufacturers`
--

LOCK TABLES `products_has_manufacturers` WRITE;
/*!40000 ALTER TABLE `products_has_manufacturers` DISABLE KEYS */;
/*!40000 ALTER TABLE `products_has_manufacturers` ENABLE KEYS */;
UNLOCK TABLES;

--
-- Table structure for table `products_has_suppliers`
--

DROP TABLE IF EXISTS `products_has_suppliers`;
/*!40101 SET @saved_cs_client     = @@character_set_client */;
/*!50503 SET character_set_client = utf8mb4 */;
CREATE TABLE `products_has_suppliers` (
  `product_id` int NOT NULL,
  `supplier_id` int NOT NULL,
  PRIMARY KEY (`product_id`,`supplier_id`),
  KEY `fk_products_has_suppliers_suppliers1_idx` (`supplier_id`),
  KEY `fk_products_has_suppliers_products1_idx` (`product_id`),
  CONSTRAINT `fk_products_has_suppliers_products1` FOREIGN KEY (`product_id`) REFERENCES `products` (`product_id`),
  CONSTRAINT `fk_products_has_suppliers_suppliers1` FOREIGN KEY (`supplier_id`) REFERENCES `suppliers` (`supplier_id`)
) ENGINE=InnoDB DEFAULT CHARSET=utf8mb3;
/*!40101 SET character_set_client = @saved_cs_client */;

--
-- Dumping data for table `products_has_suppliers`
--

LOCK TABLES `products_has_suppliers` WRITE;
/*!40000 ALTER TABLE `products_has_suppliers` DISABLE KEYS */;
/*!40000 ALTER TABLE `products_has_suppliers` ENABLE KEYS */;
UNLOCK TABLES;

--
-- Table structure for table `stores`
--

DROP TABLE IF EXISTS `stores`;
/*!40101 SET @saved_cs_client     = @@character_set_client */;
/*!50503 SET character_set_client = utf8mb4 */;
CREATE TABLE `stores` (
  `store_id` int NOT NULL AUTO_INCREMENT,
  `store_type` char(1) NOT NULL,
  `phone` varchar(25) NOT NULL,
  `email` varchar(100) NOT NULL,
  `address` varchar(100) DEFAULT NULL,
  `zip_code` varchar(7) DEFAULT NULL,
  `city` varchar(45) DEFAULT NULL,
  PRIMARY KEY (`store_id`),
  UNIQUE KEY `store_id` (`store_id`,`store_type`)
) ENGINE=InnoDB AUTO_INCREMENT=2342 DEFAULT CHARSET=utf8mb4 COLLATE=utf8mb4_0900_ai_ci;
/*!40101 SET character_set_client = @saved_cs_client */;

--
-- Dumping data for table `stores`
--

LOCK TABLES `stores` WRITE;
/*!40000 ALTER TABLE `stores` DISABLE KEYS */;
INSERT INTO `stores` VALUES (2331,'o','094-66 26 27','web@store.se',NULL,NULL,NULL),(2332,'p','+46 (0)63 88 52 71','stationsgatan@store.se','Stationsgatan 9','30508','Lidingö'),(2333,'p','0212-48 48 94','nygatan@store.se','Nygatan 7','12198','Jönköping'),(2334,'p','074-13 77 30','furustigen@store.se','Furustigen 53','87593','Trollhättan'),(2335,'p','0822-95 18 76','industristigen@store.se','Industristigen 4','96412','Uppsala'),(2336,'p','08-388 93 79','idrottsstigen@store.se','Idrottsstigen 5','30846','Skellefteå'),(2337,'p','08-95 39 90','storgatan@store.se','Storgatan 135','87476','Uppsala'),(2338,'p','08-487 509 94','bäckgränd@store.se','Bäckgränd 77','62080','Halmstad'),(2339,'p','016-276 91 76','järnvägsgränd@store.se','Järnvägsgränd 0','44405','Kristianstad'),(2340,'p','+46 (0)8 603 841 29','trädgårdsgatan@store.se','Trädgårdsgatan 25','22605','Stockholm'),(2341,'p','08-95 33 92','parkgränd@store.se','Parkgränd 18','64382','Norrköping');
/*!40000 ALTER TABLE `stores` ENABLE KEYS */;
UNLOCK TABLES;
/*!50003 SET @saved_cs_client      = @@character_set_client */ ;
/*!50003 SET @saved_cs_results     = @@character_set_results */ ;
/*!50003 SET @saved_col_connection = @@collation_connection */ ;
/*!50003 SET character_set_client  = latin1 */ ;
/*!50003 SET character_set_results = latin1 */ ;
/*!50003 SET collation_connection  = latin1_swedish_ci */ ;
/*!50003 SET @saved_sql_mode       = @@sql_mode */ ;
/*!50003 SET sql_mode              = 'ONLY_FULL_GROUP_BY,STRICT_TRANS_TABLES,NO_ZERO_IN_DATE,NO_ZERO_DATE,ERROR_FOR_DIVISION_BY_ZERO,NO_ENGINE_SUBSTITUTION' */ ;
DELIMITER ;;
/*!50003 CREATE*/ /*!50017 DEFINER=`root`@`%`*/ /*!50003 TRIGGER `before_changed_address_store` BEFORE INSERT ON `stores` FOR EACH ROW INSERT INTO changed_address_store
    SET action      = 'insert',
        store_type  = store_type,
        phone       = phone,
        email       = email,
        new_address = NEW.zip_code,
        city        = city,
        change_date = NOW() */;;
DELIMITER ;
/*!50003 SET sql_mode              = @saved_sql_mode */ ;
/*!50003 SET character_set_client  = @saved_cs_client */ ;
/*!50003 SET character_set_results = @saved_cs_results */ ;
/*!50003 SET collation_connection  = @saved_col_connection */ ;
/*!50003 SET @saved_cs_client      = @@character_set_client */ ;
/*!50003 SET @saved_cs_results     = @@character_set_results */ ;
/*!50003 SET @saved_col_connection = @@collation_connection */ ;
/*!50003 SET character_set_client  = latin1 */ ;
/*!50003 SET character_set_results = latin1 */ ;
/*!50003 SET collation_connection  = latin1_swedish_ci */ ;
/*!50003 SET @saved_sql_mode       = @@sql_mode */ ;
/*!50003 SET sql_mode              = 'ONLY_FULL_GROUP_BY,STRICT_TRANS_TABLES,NO_ZERO_IN_DATE,NO_ZERO_DATE,ERROR_FOR_DIVISION_BY_ZERO,NO_ENGINE_SUBSTITUTION' */ ;
DELIMITER ;;
/*!50003 CREATE*/ /*!50017 DEFINER=`root`@`%`*/ /*!50003 TRIGGER `before_update_address_store` BEFORE UPDATE ON `stores` FOR EACH ROW INSERT INTO changed_address_store
    SET action      = 'update',
        store_type  = store_type,
        phone       = phone,
        email       = email,
        old_address = OLD.address,
        new_address = NEW.zip_code,
        city        = city,
        change_date = NOW() */;;
DELIMITER ;
/*!50003 SET sql_mode              = @saved_sql_mode */ ;
/*!50003 SET character_set_client  = @saved_cs_client */ ;
/*!50003 SET character_set_results = @saved_cs_results */ ;
/*!50003 SET collation_connection  = @saved_col_connection */ ;
/*!50003 SET @saved_cs_client      = @@character_set_client */ ;
/*!50003 SET @saved_cs_results     = @@character_set_results */ ;
/*!50003 SET @saved_col_connection = @@collation_connection */ ;
/*!50003 SET character_set_client  = latin1 */ ;
/*!50003 SET character_set_results = latin1 */ ;
/*!50003 SET collation_connection  = latin1_swedish_ci */ ;
/*!50003 SET @saved_sql_mode       = @@sql_mode */ ;
/*!50003 SET sql_mode              = 'ONLY_FULL_GROUP_BY,STRICT_TRANS_TABLES,NO_ZERO_IN_DATE,NO_ZERO_DATE,ERROR_FOR_DIVISION_BY_ZERO,NO_ENGINE_SUBSTITUTION' */ ;
DELIMITER ;;
/*!50003 CREATE*/ /*!50017 DEFINER=`root`@`%`*/ /*!50003 TRIGGER `before_delete_address_store` BEFORE DELETE ON `stores` FOR EACH ROW INSERT INTO changed_address_store
    SET action      = 'delete',
        store_type  = store_type,
        phone       = phone,
        email       = email,
        old_address = OLD.address,
        city        = city,
        change_date = NOW() */;;
DELIMITER ;
/*!50003 SET sql_mode              = @saved_sql_mode */ ;
/*!50003 SET character_set_client  = @saved_cs_client */ ;
/*!50003 SET character_set_results = @saved_cs_results */ ;
/*!50003 SET collation_connection  = @saved_col_connection */ ;

--
-- Table structure for table `stores_has_products`
--

DROP TABLE IF EXISTS `stores_has_products`;
/*!40101 SET @saved_cs_client     = @@character_set_client */;
/*!50503 SET character_set_client = utf8mb4 */;
CREATE TABLE `stores_has_products` (
  `store_id` int NOT NULL,
  `product_id` int NOT NULL,
  `stock_number` int NOT NULL DEFAULT '0',
  `critical_threshold` int NOT NULL DEFAULT '0',
  `amount_automatic_order` int NOT NULL DEFAULT '0',
  PRIMARY KEY (`store_id`,`product_id`),
  KEY `fk_stores_has_products_products1_idx` (`product_id`),
  KEY `fk_stores_has_products_stores1_idx` (`store_id`),
  CONSTRAINT `fk_stores_has_products_products1` FOREIGN KEY (`product_id`) REFERENCES `products` (`product_id`),
  CONSTRAINT `fk_stores_has_products_stores1` FOREIGN KEY (`store_id`) REFERENCES `stores` (`store_id`)
) ENGINE=InnoDB DEFAULT CHARSET=utf8mb4 COLLATE=utf8mb4_0900_ai_ci;
/*!40101 SET character_set_client = @saved_cs_client */;

--
-- Dumping data for table `stores_has_products`
--

LOCK TABLES `stores_has_products` WRITE;
/*!40000 ALTER TABLE `stores_has_products` DISABLE KEYS */;
INSERT INTO `stores_has_products` VALUES (2331,1280,37,6,18),(2331,1295,25,9,22),(2331,1298,22,11,14),(2331,1322,31,12,18),(2331,1327,45,9,13),(2332,1289,39,8,10),(2332,1302,40,9,12),(2332,1325,36,11,14),(2333,1293,23,9,18),(2333,1296,27,5,17),(2333,1304,43,5,13),(2333,1326,34,12,19),(2334,1315,24,6,21),(2335,1291,39,6,23),(2335,1292,24,11,10),(2335,1302,35,5,16),(2336,1303,42,11,16),(2337,1285,17,9,12),(2337,1323,42,5,11),(2337,1325,36,10,20),(2338,1307,27,9,18),(2338,1318,18,11,15),(2339,1291,21,9,20),(2339,1299,30,5,12),(2339,1305,41,11,14),(2339,1323,25,10,12),(2340,1282,45,8,11),(2340,1306,15,10,11),(2341,1290,16,11,17),(2341,1292,34,11,13),(2341,1323,43,8,18),(2341,1328,31,5,24);
/*!40000 ALTER TABLE `stores_has_products` ENABLE KEYS */;
UNLOCK TABLES;

--
-- Table structure for table `stores_has_suppliers`
--

DROP TABLE IF EXISTS `stores_has_suppliers`;
/*!40101 SET @saved_cs_client     = @@character_set_client */;
/*!50503 SET character_set_client = utf8mb4 */;
CREATE TABLE `stores_has_suppliers` (
  `store_id` int NOT NULL,
  `supplier_id` int NOT NULL,
  PRIMARY KEY (`store_id`,`supplier_id`),
  KEY `fk_stores_has_suppliers_suppliers1_idx` (`supplier_id`),
  KEY `fk_stores_has_suppliers_stores1_idx` (`store_id`),
  CONSTRAINT `fk_stores_has_suppliers_stores1` FOREIGN KEY (`store_id`) REFERENCES `stores` (`store_id`),
  CONSTRAINT `fk_stores_has_suppliers_suppliers1` FOREIGN KEY (`supplier_id`) REFERENCES `suppliers` (`supplier_id`)
) ENGINE=InnoDB DEFAULT CHARSET=utf8mb4 COLLATE=utf8mb4_0900_ai_ci;
/*!40101 SET character_set_client = @saved_cs_client */;

--
-- Dumping data for table `stores_has_suppliers`
--

LOCK TABLES `stores_has_suppliers` WRITE;
/*!40000 ALTER TABLE `stores_has_suppliers` DISABLE KEYS */;
/*!40000 ALTER TABLE `stores_has_suppliers` ENABLE KEYS */;
UNLOCK TABLES;

--
-- Table structure for table `suppliers`
--

DROP TABLE IF EXISTS `suppliers`;
/*!40101 SET @saved_cs_client     = @@character_set_client */;
/*!50503 SET character_set_client = utf8mb4 */;
CREATE TABLE `suppliers` (
  `supplier_id` int NOT NULL AUTO_INCREMENT,
  `company_name` varchar(45) NOT NULL,
  `head_office_phone` varchar(25) NOT NULL,
  `head_office_address` varchar(100) NOT NULL,
  `contact_person_id` int DEFAULT NULL,
  PRIMARY KEY (`supplier_id`),
  KEY `fk_suppliers_contact_persons1_idx` (`contact_person_id`),
  CONSTRAINT `fk_suppliers_contact_persons1` FOREIGN KEY (`contact_person_id`) REFERENCES `contact_persons` (`contact_person_id`)
) ENGINE=InnoDB AUTO_INCREMENT=301 DEFAULT CHARSET=utf8mb3;
/*!40101 SET character_set_client = @saved_cs_client */;

--
-- Dumping data for table `suppliers`
--

LOCK TABLES `suppliers` WRITE;
/*!40000 ALTER TABLE `suppliers` DISABLE KEYS */;
INSERT INTO `suppliers` VALUES (291,'Nordström Andreasson AB','+46 (0)40 32 69 08','Ekgatan 93, 21870 Östersund',3264),(292,'Jansson & Johansson HB','08-77 86 97','Ekstigen 97, 69117 Trollhättan',3260),(293,'Magnusson AB','08-901 074 56','Aspgränd 624, 20272 Trelleborg',3265),(294,'Jonasson AB','08-838 72 00','Parkvägen 927, 10767 Örnsköldsvik',3257),(295,'Lindholm AB','+46 (0)92 13 16 65','Bäckstigen 77, 54615 Karlskrona',3254),(296,'Johansson AB','021-68 89 04','Kyrkostigen 4, 63906 Lidingö',3265),(297,'Svensson HB','0961-28 58 60','Ringvägen 87, 38110 Nyköping',3266),(298,'Johnsson & Persson HB','08-46 32 09','Björkgatan 1, 19428 Karlskoga',3259),(299,'Jansson Jonasson AB','+46 (0)09 76 82 76','Skolgränd 0, 40587 Karlskoga',3262),(300,'Svensson & Johansson AB','08-617 50 49','Storvägen 839, 95621 Motala',3260);
/*!40000 ALTER TABLE `suppliers` ENABLE KEYS */;
UNLOCK TABLES;

--
-- Dumping events for database 'car-spare-parts-mysql-db-test'
--

--
-- Dumping routines for database 'car-spare-parts-mysql-db-test'
--
/*!40103 SET TIME_ZONE=@OLD_TIME_ZONE */;

/*!40101 SET SQL_MODE=@OLD_SQL_MODE */;
/*!40014 SET FOREIGN_KEY_CHECKS=@OLD_FOREIGN_KEY_CHECKS */;
/*!40014 SET UNIQUE_CHECKS=@OLD_UNIQUE_CHECKS */;
/*!40101 SET CHARACTER_SET_CLIENT=@OLD_CHARACTER_SET_CLIENT */;
/*!40101 SET CHARACTER_SET_RESULTS=@OLD_CHARACTER_SET_RESULTS */;
/*!40101 SET COLLATION_CONNECTION=@OLD_COLLATION_CONNECTION */;
/*!40111 SET SQL_NOTES=@OLD_SQL_NOTES */;

-- Dump completed on 2021-12-17  7:10:49
